#
# A fatal error has been detected by the Java Runtime Environment:
#
#  EXCEPTION_ACCESS_VIOLATION (0xc0000005) at pc=0x00007ffaca0b727b, pid=1712, tid=3276
#
# JRE version: Java(TM) SE Runtime Environment (21.0.1+12) (build 21.0.1+12-LTS-29)
# Java VM: Java HotSpot(TM) 64-Bit Server VM (21.0.1+12-LTS-29, mixed mode, sharing, tiered, compressed oops, compressed class ptrs, g1 gc, windows-amd64)
# Problematic frame:
# C  [ig12icd64.dll+0x29727b]
#
# No core dump will be written. Minidumps are not enabled by default on client versions of Windows
#
# If you would like to submit a bug report, please visit:
#   https://bugreport.java.com/bugreport/crash.jsp
#

---------------  S U M M A R Y ------------

Command Line: -Dfabric.dli.config=C:\Users\ADMIN\Desktop\111\.gradle\loom-cache\launch.cfg -Dfabric.dli.env=client -Dfabric.dli.main=net.fabricmc.loader.impl.launch.knot.KnotClient -Dfile.encoding=UTF-8 -Duser.country=RU -Duser.language=ru -Duser.variant net.fabricmc.devlaunchinjector.Main

Host: 11th Gen Intel(R) Core(TM) i5-1135G7 @ 2.40GHz, 8 cores, 7G,  Windows 10 , 64 bit Build 19041 (10.0.19041.5915)
Time: Fri Aug 21 08:40:53 2026  Windows 10 , 64 bit Build 19041 (10.0.19041.5915) elapsed time: 14.505683 seconds (0d 0h 0m 14s)

---------------  T H R E A D  ---------------

Current thread (0x000002a93ac9f980):  VMThread "VM Thread"          [id=3276, stack(0x000000ff51d00000,0x000000ff51e00000) (1024K)]

Stack: [0x000000ff51d00000,0x000000ff51e00000],  sp=0x000000ff51dfe1e0,  free space=1016k
Native frames: (J=compiled Java code, j=interpreted, Vv=VM code, C=native code)
C  [ig12icd64.dll+0x29727b]


siginfo: EXCEPTION_ACCESS_VIOLATION (0xc0000005), reading address 0x00000000000353b8


Registers:
RAX=0x000002a9098f7ec0, RBX=0x000002a9098f82c8, RCX=0x0000000000000001, RDX=0x0000000000000038
RSP=0x000000ff51dfe1e0, RBP=0x000000ff51dfe2e0, RSI=0x000002a9098f7db0, RDI=0x000002a9072ef8a0
R8 =0x000002a9098f7e80, R9 =0x0000000000000000, R10=0x0000000000000000, R11=0x0000000000000246
R12=0x000002a9098f7db0, R13=0x0000000000000000, R14=0x0000000000000000, R15=0x0000000000000000
RIP=0x00007ffaca0b727b, EFLAGS=0x0000000000010206


Register to memory mapping:

RAX=0x000002a9098f7ec0 points into unknown readable memory: 0x0000000000000000 | 00 00 00 00 00 00 00 00
RBX=0x000002a9098f82c8 points into unknown readable memory: 0x000002a9098f7290 | 90 72 8f 09 a9 02 00 00
RCX=0x0000000000000001 is an unknown value
RDX=0x0000000000000038 is an unknown value
RSP=0x000000ff51dfe1e0 points into unknown readable memory: 0x000002a905df8f10 | 10 8f df 05 a9 02 00 00
RBP=0x000000ff51dfe2e0 points into unknown readable memory: 0x1c9700d25d9600db | db 00 96 5d d2 00 97 1c
RSI=0x000002a9098f7db0 points into unknown readable memory: 0x000002a905ba33f0 | f0 33 ba 05 a9 02 00 00
RDI=0x000002a9072ef8a0 points into unknown readable memory: 0x00007ffafc44db00 | 00 db 44 fc fa 7f 00 00
R8 =0x000002a9098f7e80 points into unknown readable memory: 0x0000000000000000 | 00 00 00 00 00 00 00 00
R9 =0x0 is null
R10=0x0 is null
R11=0x0000000000000246 is an unknown value
R12=0x000002a9098f7db0 points into unknown readable memory: 0x000002a905ba33f0 | f0 33 ba 05 a9 02 00 00
R13=0x0 is null
R14=0x0 is null
R15=0x0 is null

Top of Stack: (sp=0x000000ff51dfe1e0)
0x000000ff51dfe1e0:   000002a905df8f10 0000000000000000
0x000000ff51dfe1f0:   0000000000000000 0000000000000000
0x000000ff51dfe200:   0000001600000000 0000000000000000
0x000000ff51dfe210:   0000000000000000 000002a9098f7290
0x000000ff51dfe220:   6a870369788500ae b187011792870149
0x000000ff51dfe230:   000002a905df8f10 2f8902a093880125
0x000000ff51dfe240:   9789037548890283 d38a0093808a00f5
0x000000ff51dfe250:   4e8b00e3fa8a0200 9d8b0088518b011d
0x000000ff51dfe260:   138c00f2ee8b01a1 d88c033a738c0360
0x000000ff51dfe270:   2f8d02f5e68c031f 878d0338378d013c
0x000000ff51dfe280:   258e0121968d0098 d68e00a2788e0160
0x000000ff51dfe290:   199002a2888f01dc a690011f4890034f
0x000000ff51dfe2a0:   ee9000d0d59001a1 589100d323910137
0x000000ff51dfe2b0:   2f92037bc49102a4 8693035a42930293
0x000000ff51dfe2c0:   bb94018cce930061 189500fe0b95035a
0x000000ff51dfe2d0:   9f9500519b950376 e19502d0ca950133
0x000000ff51dfe2e0:   1c9700d25d9600db 749700b66a970361
0x000000ff51dfe2f0:   de970368b997008d 7f98014672980312
0x000000ff51dfe300:   c2980137bf98035c fe9903722d99030b
0x000000ff51dfe310:   4b9a02d7189a01f7 2b9b00d7209b0317
0x000000ff51dfe320:   e59b00874d9b00db 479c034d1f9c0334
0x000000ff51dfe330:   7e9c013a629c0141 c39c00eba49c036a
0x000000ff51dfe340:   00005489ea11e1a6 479f02bb989e0092
0x000000ff51dfe350:   0000000000000000 0000000000000000
0x000000ff51dfe360:   0000000000000000 0000000000000000
0x000000ff51dfe370:   0000000000000000 0000000000000000
0x000000ff51dfe380:   0000000000000000 0000000000000000
0x000000ff51dfe390:   0000000000000000 0000000000000000
0x000000ff51dfe3a0:   0000000000000000 0000000000000000
0x000000ff51dfe3b0:   0000000000000000 0000000000000000
0x000000ff51dfe3c0:   0000000000000000 0000000000000000
0x000000ff51dfe3d0:   404e000000000000 0000000000000000 

Instructions: (pc=0x00007ffaca0b727b)
0x00007ffaca0b717b:   ff 86 00 90 48 8b 8f 80 02 00 00 48 89 4c 24 38
0x00007ffaca0b718b:   48 8b 05 ee 15 bb 00 8b 80 5c 0a 00 00 89 44 24
0x00007ffaca0b719b:   24 45 32 ed 44 88 6c 24 20 45 33 ed 4c 89 af 80
0x00007ffaca0b71ab:   02 00 00 44 89 af 88 02 00 00 4c 89 af a0 02 00
0x00007ffaca0b71bb:   00 4c 89 af 90 02 00 00 4d 85 f6 75 3e 8b 35 32
0x00007ffaca0b71cb:   e5 ca 00 65 48 8b 04 25 58 00 00 00 ba 08 00 00
0x00007ffaca0b71db:   00 48 8b 04 f0 44 38 2c 02 0f 84 a7 17 72 00 65
0x00007ffaca0b71eb:   48 8b 04 25 58 00 00 00 41 be 10 00 00 00 48 8b
0x00007ffaca0b71fb:   04 f0 4d 8b 34 06 4c 89 74 24 28 4c 3b 35 c3 08
0x00007ffaca0b720b:   cb 00 0f 84 b9 0f 00 00 48 85 c9 0f 84 8f 0b 00
0x00007ffaca0b721b:   00 0f 1f 40 00 48 8b f1 4c 8b e1 48 8d 99 18 05
0x00007ffaca0b722b:   00 00 48 8b 03 48 89 44 24 38 45 84 ff 0f 85 7e
0x00007ffaca0b723b:   0f 00 00 8b 8f d0 01 00 00 48 8b 05 35 15 bb 00
0x00007ffaca0b724b:   83 b8 54 03 00 00 02 75 34 4d 8d 84 24 d0 00 00
0x00007ffaca0b725b:   00 83 f9 10 0f 83 5a 08 00 00 8b c1 48 c1 e0 06
0x00007ffaca0b726b:   49 03 c0 48 85 c0 0f 84 b6 08 00 00 48 8b 50 08
0x00007ffaca0b727b:   49 3b 96 b8 53 03 00 0f 87 a5 0f 00 00 48 83 be
0x00007ffaca0b728b:   70 05 00 00 00 0f 85 88 17 72 00 44 8b 8f d0 01
0x00007ffaca0b729b:   00 00 48 8b 87 e8 01 00 00 4c 8b 00 8b 8f d0 01
0x00007ffaca0b72ab:   00 00 4c 8d b6 d0 00 00 00 83 f9 10 0f 83 39 08
0x00007ffaca0b72bb:   00 00 8b c1 48 c1 e0 06 49 03 c6 48 85 c0 0f 84
0x00007ffaca0b72cb:   66 08 00 00 4c 39 40 08 0f 86 5c 08 00 00 48 8b
0x00007ffaca0b72db:   87 80 02 00 00 48 89 03 48 89 b7 80 02 00 00 ff
0x00007ffaca0b72eb:   87 88 02 00 00 48 8b 4e 08 48 8b 01 ba 01 00 00
0x00007ffaca0b72fb:   00 48 8b 80 d8 02 00 00 ff 15 ef 02 87 00 0f b7
0x00007ffaca0b730b:   c8 48 2b c1 48 05 00 00 01 00 48 01 87 90 02 00
0x00007ffaca0b731b:   00 48 8b 4e 08 48 8b 01 ba 01 00 00 00 48 8b 80
0x00007ffaca0b732b:   d8 02 00 00 ff 15 c3 02 87 00 48 01 87 a0 02 00
0x00007ffaca0b733b:   00 e9 57 07 00 00 48 8b c3 48 c1 e0 06 49 03 c6
0x00007ffaca0b734b:   48 85 c0 0f 84 92 09 00 00 4c 89 68 10 4c 8d b7
0x00007ffaca0b735b:   f0 02 00 00 49 8b 1e 48 89 5d 80 48 b8 aa aa aa
0x00007ffaca0b736b:   aa aa aa aa 0a 49 39 46 08 0f 84 6e 18 72 00 4c 


Stack slot to memory mapping:

stack at sp + 0 slots: 0x000002a905df8f10 points into unknown readable memory: 0xffffffffffffffff | ff ff ff ff ff ff ff ff
stack at sp + 1 slots: 0x0 is null
stack at sp + 2 slots: 0x0 is null
stack at sp + 3 slots: 0x0 is null
stack at sp + 4 slots: 0x0000001600000000 is an unknown value
stack at sp + 5 slots: 0x0 is null
stack at sp + 6 slots: 0x0 is null
stack at sp + 7 slots: 0x000002a9098f7290 points into unknown readable memory: 0x000002a905ba33f0 | f0 33 ba 05 a9 02 00 00

VM_Operation (0x000000ff516fee30): Exit, mode: safepoint, requested by thread 0x000002a91c2cad50


---------------  P R O C E S S  ---------------

Threads class SMR info:
_java_thread_list=0x000002a903636910, length=22, elements={
0x000002a91c2cad50, 0x000002a93acbca80, 0x000002a93acbe8a0, 0x000002a93acc1980,
0x000002a93acc24d0, 0x000002a93acc3020, 0x000002a93acc3b70, 0x000002a93acc49f0,
0x000002a93acd60e0, 0x000002a900230400, 0x000002a90010c9a0, 0x000002a90207e8a0,
0x000002a905abf690, 0x000002a905abf000, 0x000002a905ac03b0, 0x000002a905ac1df0,
0x000002a905ac0a40, 0x000002a905ac2480, 0x000002a905abb4f0, 0x000002a901feb120,
0x000002a905abc210, 0x000002a90207d4f0
}

Java Threads: ( => current thread )
  0x000002a91c2cad50 JavaThread "Render thread"                     [_thread_blocked, id=8120, stack(0x000000ff51600000,0x000000ff51700000) (1024K)]
  0x000002a93acbca80 JavaThread "Reference Handler"          daemon [_thread_blocked, id=10200, stack(0x000000ff51e00000,0x000000ff51f00000) (1024K)]
  0x000002a93acbe8a0 JavaThread "Finalizer"                  daemon [_thread_blocked, id=8152, stack(0x000000ff51f00000,0x000000ff52000000) (1024K)]
  0x000002a93acc1980 JavaThread "Signal Dispatcher"          daemon [_thread_blocked, id=8696, stack(0x000000ff52000000,0x000000ff52100000) (1024K)]
  0x000002a93acc24d0 JavaThread "Attach Listener"            daemon [_thread_blocked, id=3340, stack(0x000000ff52100000,0x000000ff52200000) (1024K)]
  0x000002a93acc3020 JavaThread "Service Thread"             daemon [_thread_blocked, id=4232, stack(0x000000ff52200000,0x000000ff52300000) (1024K)]
  0x000002a93acc3b70 JavaThread "Monitor Deflation Thread"   daemon [_thread_blocked, id=5884, stack(0x000000ff52300000,0x000000ff52400000) (1024K)]
  0x000002a93acc49f0 JavaThread "C2 CompilerThread0"         daemon [_thread_blocked, id=1280, stack(0x000000ff52400000,0x000000ff52500000) (1024K)]
  0x000002a93acd60e0 JavaThread "C1 CompilerThread0"         daemon [_thread_blocked, id=4344, stack(0x000000ff52500000,0x000000ff52600000) (1024K)]
  0x000002a900230400 JavaThread "Notification Thread"        daemon [_thread_blocked, id=8856, stack(0x000000ff52600000,0x000000ff52700000) (1024K)]
  0x000002a90010c9a0 JavaThread "Common-Cleaner"             daemon [_thread_blocked, id=1992, stack(0x000000ff52700000,0x000000ff52800000) (1024K)]
  0x000002a90207e8a0 JavaThread "JNA Cleaner"                daemon [_thread_blocked, id=1220, stack(0x000000ff53300000,0x000000ff53400000) (1024K)]
  0x000002a905abf690 JavaThread "Timer hack thread"          daemon [_thread_blocked, id=812, stack(0x000000ff53600000,0x000000ff53700000) (1024K)]
  0x000002a905abf000 JavaThread "Yggdrasil Key Fetcher"      daemon [_thread_blocked, id=6320, stack(0x000000ff53700000,0x000000ff53800000) (1024K)]
  0x000002a905ac03b0 JavaThread "Download-1"                 daemon [_thread_blocked, id=7644, stack(0x000000ff53800000,0x000000ff53900000) (1024K)]
  0x000002a905ac1df0 JavaThread "Download-2"                 daemon [_thread_blocked, id=8128, stack(0x000000ff53900000,0x000000ff53a00000) (1024K)]
  0x000002a905ac0a40 JavaThread "Keep-Alive-Timer"           daemon [_thread_blocked, id=1968, stack(0x000000ff53b00000,0x000000ff53c00000) (1024K)]
  0x000002a905ac2480 JavaThread "Discord-RPC-Callbacks"      daemon [_thread_blocked, id=1460, stack(0x000000ff52800000,0x000000ff52900000) (1024K)]
  0x000002a905abb4f0 JavaThread "Discord-RPC-Updater"        daemon [_thread_blocked, id=8412, stack(0x000000ff52900000,0x000000ff52a00000) (1024K)]
  0x000002a901feb120 JavaThread "C2 CompilerThread1"         daemon [_thread_blocked, id=2120, stack(0x000000ff53c00000,0x000000ff53d00000) (1024K)]
  0x000002a905abc210 JavaThread "Sound engine"               daemon [_thread_blocked, id=932, stack(0x000000ff54000000,0x000000ff54100000) (1024K)]
  0x000002a90207d4f0 JavaThread "Worker-Main-1"              daemon [_thread_blocked, id=2660, stack(0x000000ff54200000,0x000000ff54300000) (1024K)]
Total: 22

Other Threads:
=>0x000002a93ac9f980 VMThread "VM Thread"                           [id=3276, stack(0x000000ff51d00000,0x000000ff51e00000) (1024K)]
  0x000002a91e4d1bf0 WorkerThread "GC Thread#0"                     [id=3356, stack(0x000000ff51700000,0x000000ff51800000) (1024K)]
  0x000002a90106b630 WorkerThread "GC Thread#1"                     [id=8260, stack(0x000000ff52a00000,0x000000ff52b00000) (1024K)]
  0x000002a9013c9dc0 WorkerThread "GC Thread#2"                     [id=9728, stack(0x000000ff52b00000,0x000000ff52c00000) (1024K)]
  0x000002a901888f30 WorkerThread "GC Thread#3"                     [id=6988, stack(0x000000ff52c00000,0x000000ff52d00000) (1024K)]
  0x000002a901163ef0 WorkerThread "GC Thread#4"                     [id=9852, stack(0x000000ff52d00000,0x000000ff52e00000) (1024K)]
  0x000002a90135aa80 WorkerThread "GC Thread#5"                     [id=3360, stack(0x000000ff52e00000,0x000000ff52f00000) (1024K)]
  0x000002a90160dbd0 WorkerThread "GC Thread#6"                     [id=5804, stack(0x000000ff52f00000,0x000000ff53000000) (1024K)]
  0x000002a9009d1730 WorkerThread "GC Thread#7"                     [id=1376, stack(0x000000ff53000000,0x000000ff53100000) (1024K)]
  0x000002a91e4e2150 ConcurrentGCThread "G1 Main Marker"            terminated
  0x000002a91e4e2d00 WorkerThread "G1 Conc#0"                       [id=6468, stack(0x000000ff51900000,0x000000ff51a00000) (1024K)]
  0x000002a901bc66a0 WorkerThread "G1 Conc#1"                       [id=5580, stack(0x000000ff53100000,0x000000ff53200000) (1024K)]
  0x000002a93ab5a950 ConcurrentGCThread "G1 Refine#0"               terminated
  0x000002a93ab5b2d0 ConcurrentGCThread "G1 Service"                terminated
Total: 14

Threads with active compile tasks:
C2 CompilerThread0    14548 12091       4       java.net.URLStreamHandler::parseURL (1124 bytes)
C2 CompilerThread1    14548 12094       4       java.lang.reflect.Field::get (39 bytes)
Total: 2

VM state: at safepoint (shutting down)

VM Mutex/Monitor currently owned by a thread:  ([mutex/lock_event])
[0x00007ffaa732a5f8] Threads_lock - owner thread: 0x000002a93ac9f980
[0x00007ffaa732a6f8] Heap_lock - owner thread: 0x000002a91c2cad50

Heap address: 0x0000000084c00000, size: 1972 MB, Compressed Oops mode: 32-bit

CDS archive(s) mapped at: [0x000002a93b000000-0x000002a93bc90000-0x000002a93bc90000), size 13172736, SharedBaseAddress: 0x000002a93b000000, ArchiveRelocationMode: 1.
Compressed class space mapped at: 0x000002a93c000000-0x000002a97c000000, reserved size: 1073741824
Narrow klass base: 0x000002a93b000000, Narrow klass shift: 0, Narrow klass range: 0x100000000

GC Precious Log:
 CardTable entry size: 512
 Card Set container configuration: InlinePtr #cards 5 size 8 Array Of Cards #cards 12 size 40 Howl #buckets 4 coarsen threshold 1843 Howl Bitmap #cards 512 size 80 coarsen threshold 460 Card regions per heap region 1 cards per card region 2048
 CPUs: 8 total, 8 available
 Memory: 7886M
 Large Page Support: Disabled
 NUMA Support: Disabled
 Compressed Oops: Enabled (32-bit)
 Heap Region Size: 1M
 Heap Min Capacity: 8M
 Heap Initial Capacity: 124M
 Heap Max Capacity: 1972M
 Pre-touch: Disabled
 Parallel Workers: 8
 Concurrent Workers: 2
 Concurrent Refinement Workers: 8
 Periodic GC: Disabled

Heap:
 garbage-first heap   total 387072K, used 238511K [0x0000000084c00000, 0x0000000100000000)
  region size 1024K, 55 young (56320K), 6 survivors (6144K)
 Metaspace       used 92326K, committed 93568K, reserved 1179648K
  class space    used 14102K, committed 14656K, reserved 1048576K

Heap Regions: E=young(eden), S=young(survivor), O=old, HS=humongous(starts), HC=humongous(continues), CS=collection set, F=free, TAMS=top-at-mark-start, PB=parsable bottom
|   0|0x0000000084c00000, 0x0000000084d00000, 0x0000000084d00000|100%|HS|  |TAMS 0x0000000084c00000| PB 0x0000000084c00000| Complete 
|   1|0x0000000084d00000, 0x0000000084e00000, 0x0000000084e00000|100%|HC|  |TAMS 0x0000000084d00000| PB 0x0000000084d00000| Complete 
|   2|0x0000000084e00000, 0x0000000084f00000, 0x0000000084f00000|100%|HS|  |TAMS 0x0000000084e00000| PB 0x0000000084e00000| Complete 
|   3|0x0000000084f00000, 0x0000000085000000, 0x0000000085000000|100%|HC|  |TAMS 0x0000000084f00000| PB 0x0000000084f00000| Complete 
|   4|0x0000000085000000, 0x0000000085100000, 0x0000000085100000|100%|HC|  |TAMS 0x0000000085000000| PB 0x0000000085000000| Complete 
|   5|0x0000000085100000, 0x0000000085200000, 0x0000000085200000|100%|HC|  |TAMS 0x0000000085100000| PB 0x0000000085100000| Complete 
|   6|0x0000000085200000, 0x0000000085300000, 0x0000000085300000|100%| O|  |TAMS 0x0000000085200000| PB 0x0000000085200000| Untracked 
|   7|0x0000000085300000, 0x0000000085400000, 0x0000000085400000|100%| O|  |TAMS 0x0000000085300000| PB 0x0000000085300000| Untracked 
|   8|0x0000000085400000, 0x0000000085500000, 0x0000000085500000|100%| O|  |TAMS 0x0000000085400000| PB 0x0000000085400000| Untracked 
|   9|0x0000000085500000, 0x0000000085600000, 0x0000000085600000|100%| O|  |TAMS 0x0000000085500000| PB 0x0000000085500000| Untracked 
|  10|0x0000000085600000, 0x0000000085700000, 0x0000000085700000|100%| O|  |TAMS 0x0000000085600000| PB 0x0000000085600000| Untracked 
|  11|0x0000000085700000, 0x0000000085800000, 0x0000000085800000|100%| O|  |TAMS 0x0000000085700000| PB 0x0000000085700000| Untracked 
|  12|0x0000000085800000, 0x0000000085900000, 0x0000000085900000|100%| O|  |TAMS 0x0000000085800000| PB 0x0000000085800000| Untracked 
|  13|0x0000000085900000, 0x0000000085a00000, 0x0000000085a00000|100%| O|  |TAMS 0x0000000085900000| PB 0x0000000085900000| Untracked 
|  14|0x0000000085a00000, 0x0000000085b00000, 0x0000000085b00000|100%| O|  |TAMS 0x0000000085a00000| PB 0x0000000085a00000| Untracked 
|  15|0x0000000085b00000, 0x0000000085c00000, 0x0000000085c00000|100%| O|  |TAMS 0x0000000085b00000| PB 0x0000000085b00000| Untracked 
|  16|0x0000000085c00000, 0x0000000085d00000, 0x0000000085d00000|100%| O|  |TAMS 0x0000000085c00000| PB 0x0000000085c00000| Untracked 
|  17|0x0000000085d00000, 0x0000000085e00000, 0x0000000085e00000|100%| O|  |TAMS 0x0000000085d00000| PB 0x0000000085d00000| Untracked 
|  18|0x0000000085e00000, 0x0000000085f00000, 0x0000000085f00000|100%| O|  |TAMS 0x0000000085e00000| PB 0x0000000085e00000| Untracked 
|  19|0x0000000085f00000, 0x0000000086000000, 0x0000000086000000|100%| O|  |TAMS 0x0000000085f00000| PB 0x0000000085f00000| Untracked 
|  20|0x0000000086000000, 0x0000000086100000, 0x0000000086100000|100%| O|  |TAMS 0x0000000086000000| PB 0x0000000086000000| Untracked 
|  21|0x0000000086100000, 0x0000000086200000, 0x0000000086200000|100%| O|  |TAMS 0x0000000086100000| PB 0x0000000086100000| Untracked 
|  22|0x0000000086200000, 0x0000000086300000, 0x0000000086300000|100%| O|  |TAMS 0x0000000086200000| PB 0x0000000086200000| Untracked 
|  23|0x0000000086300000, 0x0000000086400000, 0x0000000086400000|100%| O|  |TAMS 0x0000000086300000| PB 0x0000000086300000| Untracked 
|  24|0x0000000086400000, 0x0000000086500000, 0x0000000086500000|100%| O|  |TAMS 0x0000000086400000| PB 0x0000000086400000| Untracked 
|  25|0x0000000086500000, 0x0000000086600000, 0x0000000086600000|100%| O|  |TAMS 0x0000000086500000| PB 0x0000000086500000| Untracked 
|  26|0x0000000086600000, 0x0000000086700000, 0x0000000086700000|100%| O|  |TAMS 0x0000000086600000| PB 0x0000000086600000| Untracked 
|  27|0x0000000086700000, 0x0000000086800000, 0x0000000086800000|100%| O|  |TAMS 0x0000000086700000| PB 0x0000000086700000| Untracked 
|  28|0x0000000086800000, 0x0000000086900000, 0x0000000086900000|100%| O|  |TAMS 0x0000000086800000| PB 0x0000000086800000| Untracked 
|  29|0x0000000086900000, 0x0000000086a00000, 0x0000000086a00000|100%| O|  |TAMS 0x0000000086900000| PB 0x0000000086900000| Untracked 
|  30|0x0000000086a00000, 0x0000000086b00000, 0x0000000086b00000|100%| O|  |TAMS 0x0000000086a00000| PB 0x0000000086a00000| Untracked 
|  31|0x0000000086b00000, 0x0000000086c00000, 0x0000000086c00000|100%| O|  |TAMS 0x0000000086b00000| PB 0x0000000086b00000| Untracked 
|  32|0x0000000086c00000, 0x0000000086d00000, 0x0000000086d00000|100%| O|  |TAMS 0x0000000086c00000| PB 0x0000000086c00000| Untracked 
|  33|0x0000000086d00000, 0x0000000086e00000, 0x0000000086e00000|100%| O|  |TAMS 0x0000000086d00000| PB 0x0000000086d00000| Untracked 
|  34|0x0000000086e00000, 0x0000000086f00000, 0x0000000086f00000|100%| O|  |TAMS 0x0000000086e00000| PB 0x0000000086e00000| Untracked 
|  35|0x0000000086f00000, 0x0000000087000000, 0x0000000087000000|100%| O|  |TAMS 0x0000000086f00000| PB 0x0000000086f00000| Untracked 
|  36|0x0000000087000000, 0x0000000087100000, 0x0000000087100000|100%| O|  |TAMS 0x0000000087000000| PB 0x0000000087000000| Untracked 
|  37|0x0000000087100000, 0x0000000087200000, 0x0000000087200000|100%| O|  |TAMS 0x0000000087100000| PB 0x0000000087100000| Untracked 
|  38|0x0000000087200000, 0x0000000087300000, 0x0000000087300000|100%| O|  |TAMS 0x0000000087200000| PB 0x0000000087200000| Untracked 
|  39|0x0000000087300000, 0x0000000087400000, 0x0000000087400000|100%| O|  |TAMS 0x0000000087300000| PB 0x0000000087300000| Untracked 
|  40|0x0000000087400000, 0x0000000087500000, 0x0000000087500000|100%| O|  |TAMS 0x0000000087400000| PB 0x0000000087400000| Untracked 
|  41|0x0000000087500000, 0x0000000087600000, 0x0000000087600000|100%| O|  |TAMS 0x0000000087500000| PB 0x0000000087500000| Untracked 
|  42|0x0000000087600000, 0x0000000087700000, 0x0000000087700000|100%| O|  |TAMS 0x0000000087600000| PB 0x0000000087600000| Untracked 
|  43|0x0000000087700000, 0x0000000087800000, 0x0000000087800000|100%| O|  |TAMS 0x0000000087700000| PB 0x0000000087700000| Untracked 
|  44|0x0000000087800000, 0x0000000087900000, 0x0000000087900000|100%| O|  |TAMS 0x0000000087800000| PB 0x0000000087800000| Untracked 
|  45|0x0000000087900000, 0x0000000087a00000, 0x0000000087a00000|100%| O|  |TAMS 0x0000000087900000| PB 0x0000000087900000| Untracked 
|  46|0x0000000087a00000, 0x0000000087b00000, 0x0000000087b00000|100%| O|  |TAMS 0x0000000087a00000| PB 0x0000000087a00000| Untracked 
|  47|0x0000000087b00000, 0x0000000087c00000, 0x0000000087c00000|100%| O|  |TAMS 0x0000000087b00000| PB 0x0000000087b00000| Untracked 
|  48|0x0000000087c00000, 0x0000000087d00000, 0x0000000087d00000|100%| O|  |TAMS 0x0000000087c00000| PB 0x0000000087c00000| Untracked 
|  49|0x0000000087d00000, 0x0000000087e00000, 0x0000000087e00000|100%| O|  |TAMS 0x0000000087d00000| PB 0x0000000087d00000| Untracked 
|  50|0x0000000087e00000, 0x0000000087f00000, 0x0000000087f00000|100%| O|  |TAMS 0x0000000087e00000| PB 0x0000000087e00000| Untracked 
|  51|0x0000000087f00000, 0x0000000088000000, 0x0000000088000000|100%| O|  |TAMS 0x0000000087f00000| PB 0x0000000087f00000| Untracked 
|  52|0x0000000088000000, 0x0000000088100000, 0x0000000088100000|100%| O|  |TAMS 0x0000000088000000| PB 0x0000000088000000| Untracked 
|  53|0x0000000088100000, 0x0000000088200000, 0x0000000088200000|100%| O|  |TAMS 0x0000000088100000| PB 0x0000000088100000| Untracked 
|  54|0x0000000088200000, 0x0000000088300000, 0x0000000088300000|100%| O|  |TAMS 0x0000000088200000| PB 0x0000000088200000| Untracked 
|  55|0x0000000088300000, 0x0000000088400000, 0x0000000088400000|100%| O|  |TAMS 0x0000000088300000| PB 0x0000000088300000| Untracked 
|  56|0x0000000088400000, 0x0000000088500000, 0x0000000088500000|100%| O|  |TAMS 0x0000000088400000| PB 0x0000000088400000| Untracked 
|  57|0x0000000088500000, 0x0000000088600000, 0x0000000088600000|100%| O|  |TAMS 0x0000000088500000| PB 0x0000000088500000| Untracked 
|  58|0x0000000088600000, 0x0000000088700000, 0x0000000088700000|100%| O|  |TAMS 0x0000000088600000| PB 0x0000000088600000| Untracked 
|  59|0x0000000088700000, 0x0000000088800000, 0x0000000088800000|100%| O|  |TAMS 0x0000000088700000| PB 0x0000000088700000| Untracked 
|  60|0x0000000088800000, 0x0000000088900000, 0x0000000088900000|100%| O|  |TAMS 0x0000000088800000| PB 0x0000000088800000| Untracked 
|  61|0x0000000088900000, 0x0000000088a00000, 0x0000000088a00000|100%| O|  |TAMS 0x0000000088900000| PB 0x0000000088900000| Untracked 
|  62|0x0000000088a00000, 0x0000000088b00000, 0x0000000088b00000|100%| O|  |TAMS 0x0000000088a00000| PB 0x0000000088a00000| Untracked 
|  63|0x0000000088b00000, 0x0000000088c00000, 0x0000000088c00000|100%| O|  |TAMS 0x0000000088b00000| PB 0x0000000088b00000| Untracked 
|  64|0x0000000088c00000, 0x0000000088d00000, 0x0000000088d00000|100%| O|  |TAMS 0x0000000088c00000| PB 0x0000000088c00000| Untracked 
|  65|0x0000000088d00000, 0x0000000088e00000, 0x0000000088e00000|100%| O|  |TAMS 0x0000000088d00000| PB 0x0000000088d00000| Untracked 
|  66|0x0000000088e00000, 0x0000000088f00000, 0x0000000088f00000|100%| O|  |TAMS 0x0000000088e00000| PB 0x0000000088e00000| Untracked 
|  67|0x0000000088f00000, 0x0000000089000000, 0x0000000089000000|100%| O|  |TAMS 0x0000000088f00000| PB 0x0000000088f00000| Untracked 
|  68|0x0000000089000000, 0x0000000089100000, 0x0000000089100000|100%| O|  |TAMS 0x0000000089000000| PB 0x0000000089000000| Untracked 
|  69|0x0000000089100000, 0x0000000089200000, 0x0000000089200000|100%| O|  |TAMS 0x0000000089100000| PB 0x0000000089100000| Untracked 
|  70|0x0000000089200000, 0x0000000089300000, 0x0000000089300000|100%| O|  |TAMS 0x0000000089200000| PB 0x0000000089200000| Untracked 
|  71|0x0000000089300000, 0x0000000089400000, 0x0000000089400000|100%| O|  |TAMS 0x0000000089300000| PB 0x0000000089300000| Untracked 
|  72|0x0000000089400000, 0x0000000089500000, 0x0000000089500000|100%| O|  |TAMS 0x0000000089400000| PB 0x0000000089400000| Untracked 
|  73|0x0000000089500000, 0x0000000089600000, 0x0000000089600000|100%| O|  |TAMS 0x0000000089500000| PB 0x0000000089500000| Untracked 
|  74|0x0000000089600000, 0x0000000089700000, 0x0000000089700000|100%| O|  |TAMS 0x0000000089600000| PB 0x0000000089600000| Untracked 
|  75|0x0000000089700000, 0x0000000089800000, 0x0000000089800000|100%| O|  |TAMS 0x0000000089700000| PB 0x0000000089700000| Untracked 
|  76|0x0000000089800000, 0x0000000089900000, 0x0000000089900000|100%| O|  |TAMS 0x0000000089800000| PB 0x0000000089800000| Untracked 
|  77|0x0000000089900000, 0x0000000089a00000, 0x0000000089a00000|100%| O|  |TAMS 0x0000000089900000| PB 0x0000000089900000| Untracked 
|  78|0x0000000089a00000, 0x0000000089b00000, 0x0000000089b00000|100%| O|Cm|TAMS 0x0000000089a00000| PB 0x0000000089a00000| Complete 
|  79|0x0000000089b00000, 0x0000000089c00000, 0x0000000089c00000|100%| O|  |TAMS 0x0000000089b00000| PB 0x0000000089b00000| Untracked 
|  80|0x0000000089c00000, 0x0000000089d00000, 0x0000000089d00000|100%| O|  |TAMS 0x0000000089c00000| PB 0x0000000089c00000| Untracked 
|  81|0x0000000089d00000, 0x0000000089e00000, 0x0000000089e00000|100%| O|  |TAMS 0x0000000089d00000| PB 0x0000000089d00000| Untracked 
|  82|0x0000000089e00000, 0x0000000089f00000, 0x0000000089f00000|100%| O|  |TAMS 0x0000000089e00000| PB 0x0000000089e00000| Untracked 
|  83|0x0000000089f00000, 0x000000008a000000, 0x000000008a000000|100%| O|  |TAMS 0x0000000089f00000| PB 0x0000000089f00000| Untracked 
|  84|0x000000008a000000, 0x000000008a100000, 0x000000008a100000|100%| O|  |TAMS 0x000000008a000000| PB 0x000000008a000000| Untracked 
|  85|0x000000008a100000, 0x000000008a200000, 0x000000008a200000|100%| O|  |TAMS 0x000000008a100000| PB 0x000000008a100000| Untracked 
|  86|0x000000008a200000, 0x000000008a300000, 0x000000008a300000|100%| O|  |TAMS 0x000000008a200000| PB 0x000000008a200000| Untracked 
|  87|0x000000008a300000, 0x000000008a400000, 0x000000008a400000|100%| O|  |TAMS 0x000000008a300000| PB 0x000000008a300000| Untracked 
|  88|0x000000008a400000, 0x000000008a500000, 0x000000008a500000|100%|HS|  |TAMS 0x000000008a400000| PB 0x000000008a400000| Complete 
|  89|0x000000008a500000, 0x000000008a600000, 0x000000008a600000|100%|HC|  |TAMS 0x000000008a500000| PB 0x000000008a500000| Complete 
|  90|0x000000008a600000, 0x000000008a700000, 0x000000008a700000|100%|HC|  |TAMS 0x000000008a600000| PB 0x000000008a600000| Complete 
|  91|0x000000008a700000, 0x000000008a800000, 0x000000008a800000|100%|HC|  |TAMS 0x000000008a700000| PB 0x000000008a700000| Complete 
|  92|0x000000008a800000, 0x000000008a900000, 0x000000008a900000|100%|HC|  |TAMS 0x000000008a800000| PB 0x000000008a800000| Complete 
|  93|0x000000008a900000, 0x000000008aa00000, 0x000000008aa00000|100%|HC|  |TAMS 0x000000008a900000| PB 0x000000008a900000| Complete 
|  94|0x000000008aa00000, 0x000000008ab00000, 0x000000008ab00000|100%|HC|  |TAMS 0x000000008aa00000| PB 0x000000008aa00000| Complete 
|  95|0x000000008ab00000, 0x000000008ac00000, 0x000000008ac00000|100%|HC|  |TAMS 0x000000008ab00000| PB 0x000000008ab00000| Complete 
|  96|0x000000008ac00000, 0x000000008ad00000, 0x000000008ad00000|100%|HC|  |TAMS 0x000000008ac00000| PB 0x000000008ac00000| Complete 
|  97|0x000000008ad00000, 0x000000008ae00000, 0x000000008ae00000|100%|HC|  |TAMS 0x000000008ad00000| PB 0x000000008ad00000| Complete 
|  98|0x000000008ae00000, 0x000000008af00000, 0x000000008af00000|100%|HC|  |TAMS 0x000000008ae00000| PB 0x000000008ae00000| Complete 
|  99|0x000000008af00000, 0x000000008b000000, 0x000000008b000000|100%| O|  |TAMS 0x000000008af00000| PB 0x000000008af00000| Untracked 
| 100|0x000000008b000000, 0x000000008b100000, 0x000000008b100000|100%| O|  |TAMS 0x000000008b000000| PB 0x000000008b000000| Untracked 
| 101|0x000000008b100000, 0x000000008b200000, 0x000000008b200000|100%| O|  |TAMS 0x000000008b100000| PB 0x000000008b100000| Untracked 
| 102|0x000000008b200000, 0x000000008b300000, 0x000000008b300000|100%| O|  |TAMS 0x000000008b200000| PB 0x000000008b200000| Untracked 
| 103|0x000000008b300000, 0x000000008b400000, 0x000000008b400000|100%| O|  |TAMS 0x000000008b300000| PB 0x000000008b300000| Untracked 
| 104|0x000000008b400000, 0x000000008b500000, 0x000000008b500000|100%| O|  |TAMS 0x000000008b400000| PB 0x000000008b400000| Untracked 
| 105|0x000000008b500000, 0x000000008b600000, 0x000000008b600000|100%| O|  |TAMS 0x000000008b500000| PB 0x000000008b500000| Untracked 
| 106|0x000000008b600000, 0x000000008b700000, 0x000000008b700000|100%| O|  |TAMS 0x000000008b600000| PB 0x000000008b600000| Untracked 
| 107|0x000000008b700000, 0x000000008b800000, 0x000000008b800000|100%| O|  |TAMS 0x000000008b700000| PB 0x000000008b700000| Untracked 
| 108|0x000000008b800000, 0x000000008b900000, 0x000000008b900000|100%| O|  |TAMS 0x000000008b800000| PB 0x000000008b800000| Untracked 
| 109|0x000000008b900000, 0x000000008ba00000, 0x000000008ba00000|100%| O|  |TAMS 0x000000008b900000| PB 0x000000008b900000| Untracked 
| 110|0x000000008ba00000, 0x000000008bb00000, 0x000000008bb00000|100%| O|  |TAMS 0x000000008ba00000| PB 0x000000008ba00000| Untracked 
| 111|0x000000008bb00000, 0x000000008bc00000, 0x000000008bc00000|100%| O|  |TAMS 0x000000008bb00000| PB 0x000000008bb00000| Untracked 
| 112|0x000000008bc00000, 0x000000008bd00000, 0x000000008bd00000|100%| O|  |TAMS 0x000000008bc00000| PB 0x000000008bc00000| Untracked 
| 113|0x000000008bd00000, 0x000000008be00000, 0x000000008be00000|100%| O|  |TAMS 0x000000008bd00000| PB 0x000000008bd00000| Untracked 
| 114|0x000000008be00000, 0x000000008bf00000, 0x000000008bf00000|100%| O|  |TAMS 0x000000008be00000| PB 0x000000008be00000| Untracked 
| 115|0x000000008bf00000, 0x000000008c000000, 0x000000008c000000|100%| O|  |TAMS 0x000000008bf00000| PB 0x000000008bf00000| Untracked 
| 116|0x000000008c000000, 0x000000008c100000, 0x000000008c100000|100%| O|  |TAMS 0x000000008c000000| PB 0x000000008c000000| Untracked 
| 117|0x000000008c100000, 0x000000008c200000, 0x000000008c200000|100%| O|  |TAMS 0x000000008c100000| PB 0x000000008c100000| Untracked 
| 118|0x000000008c200000, 0x000000008c300000, 0x000000008c300000|100%| O|  |TAMS 0x000000008c200000| PB 0x000000008c200000| Untracked 
| 119|0x000000008c300000, 0x000000008c400000, 0x000000008c400000|100%| O|  |TAMS 0x000000008c300000| PB 0x000000008c300000| Untracked 
| 120|0x000000008c400000, 0x000000008c500000, 0x000000008c500000|100%| O|  |TAMS 0x000000008c400000| PB 0x000000008c400000| Untracked 
| 121|0x000000008c500000, 0x000000008c600000, 0x000000008c600000|100%| O|  |TAMS 0x000000008c500000| PB 0x000000008c500000| Untracked 
| 122|0x000000008c600000, 0x000000008c700000, 0x000000008c700000|100%| O|  |TAMS 0x000000008c600000| PB 0x000000008c600000| Untracked 
| 123|0x000000008c700000, 0x000000008c800000, 0x000000008c800000|100%| O|  |TAMS 0x000000008c700000| PB 0x000000008c700000| Untracked 
| 124|0x000000008c800000, 0x000000008c900000, 0x000000008c900000|100%| O|  |TAMS 0x000000008c800000| PB 0x000000008c800000| Untracked 
| 125|0x000000008c900000, 0x000000008ca00000, 0x000000008ca00000|100%| O|  |TAMS 0x000000008c900000| PB 0x000000008c900000| Untracked 
| 126|0x000000008ca00000, 0x000000008cb00000, 0x000000008cb00000|100%| O|  |TAMS 0x000000008ca00000| PB 0x000000008ca00000| Untracked 
| 127|0x000000008cb00000, 0x000000008cc00000, 0x000000008cc00000|100%| O|  |TAMS 0x000000008cb00000| PB 0x000000008cb00000| Untracked 
| 128|0x000000008cc00000, 0x000000008cd00000, 0x000000008cd00000|100%| O|  |TAMS 0x000000008cc00000| PB 0x000000008cc00000| Untracked 
| 129|0x000000008cd00000, 0x000000008ce00000, 0x000000008ce00000|100%| O|  |TAMS 0x000000008cd00000| PB 0x000000008cd00000| Untracked 
| 130|0x000000008ce00000, 0x000000008cf00000, 0x000000008cf00000|100%| O|  |TAMS 0x000000008ce00000| PB 0x000000008ce00000| Untracked 
| 131|0x000000008cf00000, 0x000000008d000000, 0x000000008d000000|100%| O|  |TAMS 0x000000008cf00000| PB 0x000000008cf00000| Untracked 
| 132|0x000000008d000000, 0x000000008d100000, 0x000000008d100000|100%| O|  |TAMS 0x000000008d000000| PB 0x000000008d000000| Untracked 
| 133|0x000000008d100000, 0x000000008d200000, 0x000000008d200000|100%| O|  |TAMS 0x000000008d100000| PB 0x000000008d100000| Untracked 
| 134|0x000000008d200000, 0x000000008d300000, 0x000000008d300000|100%| O|  |TAMS 0x000000008d200000| PB 0x000000008d200000| Untracked 
| 135|0x000000008d300000, 0x000000008d400000, 0x000000008d400000|100%| O|  |TAMS 0x000000008d300000| PB 0x000000008d300000| Untracked 
| 136|0x000000008d400000, 0x000000008d500000, 0x000000008d500000|100%| O|  |TAMS 0x000000008d400000| PB 0x000000008d400000| Untracked 
| 137|0x000000008d500000, 0x000000008d600000, 0x000000008d600000|100%| O|  |TAMS 0x000000008d500000| PB 0x000000008d500000| Untracked 
| 138|0x000000008d600000, 0x000000008d700000, 0x000000008d700000|100%| O|  |TAMS 0x000000008d600000| PB 0x000000008d600000| Untracked 
| 139|0x000000008d700000, 0x000000008d800000, 0x000000008d800000|100%| O|  |TAMS 0x000000008d700000| PB 0x000000008d700000| Untracked 
| 140|0x000000008d800000, 0x000000008d900000, 0x000000008d900000|100%| O|  |TAMS 0x000000008d800000| PB 0x000000008d800000| Untracked 
| 141|0x000000008d900000, 0x000000008da00000, 0x000000008da00000|100%| O|  |TAMS 0x000000008d900000| PB 0x000000008d900000| Untracked 
| 142|0x000000008da00000, 0x000000008db00000, 0x000000008db00000|100%| O|  |TAMS 0x000000008da00000| PB 0x000000008da00000| Untracked 
| 143|0x000000008db00000, 0x000000008dc00000, 0x000000008dc00000|100%| O|  |TAMS 0x000000008db00000| PB 0x000000008db00000| Untracked 
| 144|0x000000008dc00000, 0x000000008dd00000, 0x000000008dd00000|100%| O|  |TAMS 0x000000008dc00000| PB 0x000000008dc00000| Untracked 
| 145|0x000000008dd00000, 0x000000008de00000, 0x000000008de00000|100%| O|  |TAMS 0x000000008dd00000| PB 0x000000008dd00000| Untracked 
| 146|0x000000008de00000, 0x000000008df00000, 0x000000008df00000|100%| O|  |TAMS 0x000000008de00000| PB 0x000000008de00000| Untracked 
| 147|0x000000008df00000, 0x000000008e000000, 0x000000008e000000|100%| O|  |TAMS 0x000000008df00000| PB 0x000000008df00000| Untracked 
| 148|0x000000008e000000, 0x000000008e100000, 0x000000008e100000|100%| O|  |TAMS 0x000000008e000000| PB 0x000000008e000000| Untracked 
| 149|0x000000008e100000, 0x000000008e200000, 0x000000008e200000|100%| O|  |TAMS 0x000000008e100000| PB 0x000000008e100000| Untracked 
| 150|0x000000008e200000, 0x000000008e300000, 0x000000008e300000|100%| O|  |TAMS 0x000000008e200000| PB 0x000000008e200000| Untracked 
| 151|0x000000008e300000, 0x000000008e400000, 0x000000008e400000|100%| O|  |TAMS 0x000000008e300000| PB 0x000000008e300000| Untracked 
| 152|0x000000008e400000, 0x000000008e500000, 0x000000008e500000|100%| O|  |TAMS 0x000000008e400000| PB 0x000000008e400000| Untracked 
| 153|0x000000008e500000, 0x000000008e600000, 0x000000008e600000|100%| O|  |TAMS 0x000000008e500000| PB 0x000000008e500000| Untracked 
| 154|0x000000008e600000, 0x000000008e700000, 0x000000008e700000|100%| O|  |TAMS 0x000000008e600000| PB 0x000000008e600000| Untracked 
| 155|0x000000008e700000, 0x000000008e800000, 0x000000008e800000|100%| O|  |TAMS 0x000000008e700000| PB 0x000000008e700000| Untracked 
| 156|0x000000008e800000, 0x000000008e900000, 0x000000008e900000|100%| O|Cm|TAMS 0x000000008e800000| PB 0x000000008e800000| Complete 
| 157|0x000000008e900000, 0x000000008ea00000, 0x000000008ea00000|100%|HS|  |TAMS 0x000000008e900000| PB 0x000000008e900000| Complete 
| 158|0x000000008ea00000, 0x000000008eb00000, 0x000000008eb00000|100%|HC|  |TAMS 0x000000008ea00000| PB 0x000000008ea00000| Complete 
| 159|0x000000008eb00000, 0x000000008ec00000, 0x000000008ec00000|100%|HC|  |TAMS 0x000000008eb00000| PB 0x000000008eb00000| Complete 
| 160|0x000000008ec00000, 0x000000008ed00000, 0x000000008ed00000|100%|HC|  |TAMS 0x000000008ec00000| PB 0x000000008ec00000| Complete 
| 161|0x000000008ed00000, 0x000000008ee00000, 0x000000008ee00000|100%| O|  |TAMS 0x000000008ed00000| PB 0x000000008ed00000| Untracked 
| 162|0x000000008ee00000, 0x000000008ef00000, 0x000000008ef00000|100%| O|  |TAMS 0x000000008ee00000| PB 0x000000008ee00000| Untracked 
| 163|0x000000008ef00000, 0x000000008f000000, 0x000000008f000000|100%| O|  |TAMS 0x000000008ef00000| PB 0x000000008ef00000| Untracked 
| 164|0x000000008f000000, 0x000000008f100000, 0x000000008f100000|100%| O|  |TAMS 0x000000008f000000| PB 0x000000008f000000| Untracked 
| 165|0x000000008f100000, 0x000000008f200000, 0x000000008f200000|100%| O|  |TAMS 0x000000008f100000| PB 0x000000008f100000| Untracked 
| 166|0x000000008f200000, 0x000000008f300000, 0x000000008f300000|100%| O|  |TAMS 0x000000008f200000| PB 0x000000008f200000| Untracked 
| 167|0x000000008f300000, 0x000000008f400000, 0x000000008f400000|100%| O|  |TAMS 0x000000008f300000| PB 0x000000008f300000| Untracked 
| 168|0x000000008f400000, 0x000000008f500000, 0x000000008f500000|100%| O|  |TAMS 0x000000008f400000| PB 0x000000008f400000| Untracked 
| 169|0x000000008f500000, 0x000000008f600000, 0x000000008f600000|100%| O|  |TAMS 0x000000008f500000| PB 0x000000008f500000| Untracked 
| 170|0x000000008f600000, 0x000000008f700000, 0x000000008f700000|100%| O|  |TAMS 0x000000008f600000| PB 0x000000008f600000| Untracked 
| 171|0x000000008f700000, 0x000000008f800000, 0x000000008f800000|100%| O|  |TAMS 0x000000008f700000| PB 0x000000008f700000| Untracked 
| 172|0x000000008f800000, 0x000000008f900000, 0x000000008f900000|100%| O|  |TAMS 0x000000008f800000| PB 0x000000008f800000| Untracked 
| 173|0x000000008f900000, 0x000000008f935310, 0x000000008fa00000| 20%| O|  |TAMS 0x000000008f900000| PB 0x000000008f900000| Untracked 
| 174|0x000000008fa00000, 0x000000008fa00000, 0x000000008fb00000|  0%| F|  |TAMS 0x000000008fa00000| PB 0x000000008fa00000| Untracked 
| 175|0x000000008fb00000, 0x000000008fb00000, 0x000000008fc00000|  0%| F|  |TAMS 0x000000008fb00000| PB 0x000000008fb00000| Untracked 
| 176|0x000000008fc00000, 0x000000008fc00000, 0x000000008fd00000|  0%| F|  |TAMS 0x000000008fc00000| PB 0x000000008fc00000| Untracked 
| 177|0x000000008fd00000, 0x000000008fd00000, 0x000000008fe00000|  0%| F|  |TAMS 0x000000008fd00000| PB 0x000000008fd00000| Untracked 
| 178|0x000000008fe00000, 0x000000008fe00000, 0x000000008ff00000|  0%| F|  |TAMS 0x000000008fe00000| PB 0x000000008fe00000| Untracked 
| 179|0x000000008ff00000, 0x000000008ff00000, 0x0000000090000000|  0%| F|  |TAMS 0x000000008ff00000| PB 0x000000008ff00000| Untracked 
| 180|0x0000000090000000, 0x0000000090000000, 0x0000000090100000|  0%| F|  |TAMS 0x0000000090000000| PB 0x0000000090000000| Untracked 
| 181|0x0000000090100000, 0x0000000090100000, 0x0000000090200000|  0%| F|  |TAMS 0x0000000090100000| PB 0x0000000090100000| Untracked 
| 182|0x0000000090200000, 0x0000000090200000, 0x0000000090300000|  0%| F|  |TAMS 0x0000000090200000| PB 0x0000000090200000| Untracked 
| 183|0x0000000090300000, 0x0000000090300000, 0x0000000090400000|  0%| F|  |TAMS 0x0000000090300000| PB 0x0000000090300000| Untracked 
| 184|0x0000000090400000, 0x0000000090400000, 0x0000000090500000|  0%| F|  |TAMS 0x0000000090400000| PB 0x0000000090400000| Untracked 
| 185|0x0000000090500000, 0x0000000090500000, 0x0000000090600000|  0%| F|  |TAMS 0x0000000090500000| PB 0x0000000090500000| Untracked 
| 186|0x0000000090600000, 0x0000000090600000, 0x0000000090700000|  0%| F|  |TAMS 0x0000000090600000| PB 0x0000000090600000| Untracked 
| 187|0x0000000090700000, 0x0000000090800000, 0x0000000090800000|100%| O|  |TAMS 0x0000000090700000| PB 0x0000000090700000| Untracked 
| 188|0x0000000090800000, 0x0000000090900000, 0x0000000090900000|100%| O|  |TAMS 0x0000000090800000| PB 0x0000000090800000| Untracked 
| 189|0x0000000090900000, 0x0000000090a00000, 0x0000000090a00000|100%| O|  |TAMS 0x0000000090900000| PB 0x0000000090900000| Untracked 
| 190|0x0000000090a00000, 0x0000000090b00000, 0x0000000090b00000|100%| O|  |TAMS 0x0000000090a00000| PB 0x0000000090a00000| Untracked 
| 191|0x0000000090b00000, 0x0000000090c00000, 0x0000000090c00000|100%| O|Cm|TAMS 0x0000000090b00000| PB 0x0000000090b00000| Complete 
| 192|0x0000000090c00000, 0x0000000090d00000, 0x0000000090d00000|100%| O|  |TAMS 0x0000000090c00000| PB 0x0000000090c00000| Untracked 
| 193|0x0000000090d00000, 0x0000000090d00000, 0x0000000090e00000|  0%| F|  |TAMS 0x0000000090d00000| PB 0x0000000090d00000| Untracked 
| 194|0x0000000090e00000, 0x0000000090e00000, 0x0000000090f00000|  0%| F|  |TAMS 0x0000000090e00000| PB 0x0000000090e00000| Untracked 
| 195|0x0000000090f00000, 0x0000000090f00000, 0x0000000091000000|  0%| F|  |TAMS 0x0000000090f00000| PB 0x0000000090f00000| Untracked 
| 196|0x0000000091000000, 0x0000000091000000, 0x0000000091100000|  0%| F|  |TAMS 0x0000000091000000| PB 0x0000000091000000| Untracked 
| 197|0x0000000091100000, 0x00000000911b6b20, 0x0000000091200000| 71%| S|CS|TAMS 0x0000000091100000| PB 0x0000000091100000| Complete 
| 198|0x0000000091200000, 0x0000000091300000, 0x0000000091300000|100%| S|CS|TAMS 0x0000000091200000| PB 0x0000000091200000| Complete 
| 199|0x0000000091300000, 0x0000000091400000, 0x0000000091400000|100%| S|CS|TAMS 0x0000000091300000| PB 0x0000000091300000| Complete 
| 200|0x0000000091400000, 0x0000000091500000, 0x0000000091500000|100%| S|CS|TAMS 0x0000000091400000| PB 0x0000000091400000| Complete 
| 201|0x0000000091500000, 0x0000000091600000, 0x0000000091600000|100%| S|CS|TAMS 0x0000000091500000| PB 0x0000000091500000| Complete 
| 202|0x0000000091600000, 0x0000000091700000, 0x0000000091700000|100%| S|CS|TAMS 0x0000000091600000| PB 0x0000000091600000| Complete 
| 203|0x0000000091700000, 0x0000000091700000, 0x0000000091800000|  0%| F|  |TAMS 0x0000000091700000| PB 0x0000000091700000| Untracked 
| 204|0x0000000091800000, 0x0000000091800000, 0x0000000091900000|  0%| F|  |TAMS 0x0000000091800000| PB 0x0000000091800000| Untracked 
| 205|0x0000000091900000, 0x0000000091900000, 0x0000000091a00000|  0%| F|  |TAMS 0x0000000091900000| PB 0x0000000091900000| Untracked 
| 206|0x0000000091a00000, 0x0000000091a00000, 0x0000000091b00000|  0%| F|  |TAMS 0x0000000091a00000| PB 0x0000000091a00000| Untracked 
| 207|0x0000000091b00000, 0x0000000091b00000, 0x0000000091c00000|  0%| F|  |TAMS 0x0000000091b00000| PB 0x0000000091b00000| Untracked 
| 208|0x0000000091c00000, 0x0000000091c00000, 0x0000000091d00000|  0%| F|  |TAMS 0x0000000091c00000| PB 0x0000000091c00000| Untracked 
| 209|0x0000000091d00000, 0x0000000091d00000, 0x0000000091e00000|  0%| F|  |TAMS 0x0000000091d00000| PB 0x0000000091d00000| Untracked 
| 210|0x0000000091e00000, 0x0000000091e00000, 0x0000000091f00000|  0%| F|  |TAMS 0x0000000091e00000| PB 0x0000000091e00000| Untracked 
| 211|0x0000000091f00000, 0x0000000091f00000, 0x0000000092000000|  0%| F|  |TAMS 0x0000000091f00000| PB 0x0000000091f00000| Untracked 
| 212|0x0000000092000000, 0x0000000092000000, 0x0000000092100000|  0%| F|  |TAMS 0x0000000092000000| PB 0x0000000092000000| Untracked 
| 213|0x0000000092100000, 0x0000000092100000, 0x0000000092200000|  0%| F|  |TAMS 0x0000000092100000| PB 0x0000000092100000| Untracked 
| 214|0x0000000092200000, 0x0000000092200000, 0x0000000092300000|  0%| F|  |TAMS 0x0000000092200000| PB 0x0000000092200000| Untracked 
| 215|0x0000000092300000, 0x0000000092300000, 0x0000000092400000|  0%| F|  |TAMS 0x0000000092300000| PB 0x0000000092300000| Untracked 
| 216|0x0000000092400000, 0x0000000092400000, 0x0000000092500000|  0%| F|  |TAMS 0x0000000092400000| PB 0x0000000092400000| Untracked 
| 217|0x0000000092500000, 0x0000000092500000, 0x0000000092600000|  0%| F|  |TAMS 0x0000000092500000| PB 0x0000000092500000| Untracked 
| 218|0x0000000092600000, 0x0000000092600000, 0x0000000092700000|  0%| F|  |TAMS 0x0000000092600000| PB 0x0000000092600000| Untracked 
| 219|0x0000000092700000, 0x0000000092700000, 0x0000000092800000|  0%| F|  |TAMS 0x0000000092700000| PB 0x0000000092700000| Untracked 
| 220|0x0000000092800000, 0x0000000092800000, 0x0000000092900000|  0%| F|  |TAMS 0x0000000092800000| PB 0x0000000092800000| Untracked 
| 221|0x0000000092900000, 0x0000000092900000, 0x0000000092a00000|  0%| F|  |TAMS 0x0000000092900000| PB 0x0000000092900000| Untracked 
| 222|0x0000000092a00000, 0x0000000092a00000, 0x0000000092b00000|  0%| F|  |TAMS 0x0000000092a00000| PB 0x0000000092a00000| Untracked 
| 223|0x0000000092b00000, 0x0000000092b00000, 0x0000000092c00000|  0%| F|  |TAMS 0x0000000092b00000| PB 0x0000000092b00000| Untracked 
| 224|0x0000000092c00000, 0x0000000092c00000, 0x0000000092d00000|  0%| F|  |TAMS 0x0000000092c00000| PB 0x0000000092c00000| Untracked 
| 225|0x0000000092d00000, 0x0000000092d00000, 0x0000000092e00000|  0%| F|  |TAMS 0x0000000092d00000| PB 0x0000000092d00000| Untracked 
| 226|0x0000000092e00000, 0x0000000092e00000, 0x0000000092f00000|  0%| F|  |TAMS 0x0000000092e00000| PB 0x0000000092e00000| Untracked 
| 227|0x0000000092f00000, 0x0000000092f00000, 0x0000000093000000|  0%| F|  |TAMS 0x0000000092f00000| PB 0x0000000092f00000| Untracked 
| 228|0x0000000093000000, 0x0000000093000000, 0x0000000093100000|  0%| F|  |TAMS 0x0000000093000000| PB 0x0000000093000000| Untracked 
| 229|0x0000000093100000, 0x0000000093100000, 0x0000000093200000|  0%| F|  |TAMS 0x0000000093100000| PB 0x0000000093100000| Untracked 
| 230|0x0000000093200000, 0x0000000093200000, 0x0000000093300000|  0%| F|  |TAMS 0x0000000093200000| PB 0x0000000093200000| Untracked 
| 231|0x0000000093300000, 0x0000000093300000, 0x0000000093400000|  0%| F|  |TAMS 0x0000000093300000| PB 0x0000000093300000| Untracked 
| 232|0x0000000093400000, 0x0000000093400000, 0x0000000093500000|  0%| F|  |TAMS 0x0000000093400000| PB 0x0000000093400000| Untracked 
| 233|0x0000000093500000, 0x0000000093500000, 0x0000000093600000|  0%| F|  |TAMS 0x0000000093500000| PB 0x0000000093500000| Untracked 
| 234|0x0000000093600000, 0x0000000093600000, 0x0000000093700000|  0%| F|  |TAMS 0x0000000093600000| PB 0x0000000093600000| Untracked 
| 235|0x0000000093700000, 0x0000000093700000, 0x0000000093800000|  0%| F|  |TAMS 0x0000000093700000| PB 0x0000000093700000| Untracked 
| 236|0x0000000093800000, 0x0000000093800000, 0x0000000093900000|  0%| F|  |TAMS 0x0000000093800000| PB 0x0000000093800000| Untracked 
| 237|0x0000000093900000, 0x0000000093900000, 0x0000000093a00000|  0%| F|  |TAMS 0x0000000093900000| PB 0x0000000093900000| Untracked 
| 238|0x0000000093a00000, 0x0000000093a00000, 0x0000000093b00000|  0%| F|  |TAMS 0x0000000093a00000| PB 0x0000000093a00000| Untracked 
| 239|0x0000000093b00000, 0x0000000093b00000, 0x0000000093c00000|  0%| F|  |TAMS 0x0000000093b00000| PB 0x0000000093b00000| Untracked 
| 240|0x0000000093c00000, 0x0000000093c00000, 0x0000000093d00000|  0%| F|  |TAMS 0x0000000093c00000| PB 0x0000000093c00000| Untracked 
| 241|0x0000000093d00000, 0x0000000093d00000, 0x0000000093e00000|  0%| F|  |TAMS 0x0000000093d00000| PB 0x0000000093d00000| Untracked 
| 242|0x0000000093e00000, 0x0000000093e00000, 0x0000000093f00000|  0%| F|  |TAMS 0x0000000093e00000| PB 0x0000000093e00000| Untracked 
| 243|0x0000000093f00000, 0x0000000093f00000, 0x0000000094000000|  0%| F|  |TAMS 0x0000000093f00000| PB 0x0000000093f00000| Untracked 
| 244|0x0000000094000000, 0x0000000094000000, 0x0000000094100000|  0%| F|  |TAMS 0x0000000094000000| PB 0x0000000094000000| Untracked 
| 245|0x0000000094100000, 0x0000000094100000, 0x0000000094200000|  0%| F|  |TAMS 0x0000000094100000| PB 0x0000000094100000| Untracked 
| 246|0x0000000094200000, 0x0000000094200000, 0x0000000094300000|  0%| F|  |TAMS 0x0000000094200000| PB 0x0000000094200000| Untracked 
| 247|0x0000000094300000, 0x0000000094300000, 0x0000000094400000|  0%| F|  |TAMS 0x0000000094300000| PB 0x0000000094300000| Untracked 
| 248|0x0000000094400000, 0x0000000094400000, 0x0000000094500000|  0%| F|  |TAMS 0x0000000094400000| PB 0x0000000094400000| Untracked 
| 249|0x0000000094500000, 0x0000000094500000, 0x0000000094600000|  0%| F|  |TAMS 0x0000000094500000| PB 0x0000000094500000| Untracked 
| 250|0x0000000094600000, 0x0000000094600000, 0x0000000094700000|  0%| F|  |TAMS 0x0000000094600000| PB 0x0000000094600000| Untracked 
| 251|0x0000000094700000, 0x0000000094700000, 0x0000000094800000|  0%| F|  |TAMS 0x0000000094700000| PB 0x0000000094700000| Untracked 
| 252|0x0000000094800000, 0x0000000094800000, 0x0000000094900000|  0%| F|  |TAMS 0x0000000094800000| PB 0x0000000094800000| Untracked 
| 253|0x0000000094900000, 0x0000000094900000, 0x0000000094a00000|  0%| F|  |TAMS 0x0000000094900000| PB 0x0000000094900000| Untracked 
| 254|0x0000000094a00000, 0x0000000094a00000, 0x0000000094b00000|  0%| F|  |TAMS 0x0000000094a00000| PB 0x0000000094a00000| Untracked 
| 255|0x0000000094b00000, 0x0000000094b00000, 0x0000000094c00000|  0%| F|  |TAMS 0x0000000094b00000| PB 0x0000000094b00000| Untracked 
| 256|0x0000000094c00000, 0x0000000094c00000, 0x0000000094d00000|  0%| F|  |TAMS 0x0000000094c00000| PB 0x0000000094c00000| Untracked 
| 257|0x0000000094d00000, 0x0000000094d00000, 0x0000000094e00000|  0%| F|  |TAMS 0x0000000094d00000| PB 0x0000000094d00000| Untracked 
| 258|0x0000000094e00000, 0x0000000094e00000, 0x0000000094f00000|  0%| F|  |TAMS 0x0000000094e00000| PB 0x0000000094e00000| Untracked 
| 259|0x0000000094f00000, 0x0000000094f00000, 0x0000000095000000|  0%| F|  |TAMS 0x0000000094f00000| PB 0x0000000094f00000| Untracked 
| 260|0x0000000095000000, 0x0000000095000000, 0x0000000095100000|  0%| F|  |TAMS 0x0000000095000000| PB 0x0000000095000000| Untracked 
| 261|0x0000000095100000, 0x0000000095100000, 0x0000000095200000|  0%| F|  |TAMS 0x0000000095100000| PB 0x0000000095100000| Untracked 
| 262|0x0000000095200000, 0x0000000095200000, 0x0000000095300000|  0%| F|  |TAMS 0x0000000095200000| PB 0x0000000095200000| Untracked 
| 263|0x0000000095300000, 0x0000000095300000, 0x0000000095400000|  0%| F|  |TAMS 0x0000000095300000| PB 0x0000000095300000| Untracked 
| 264|0x0000000095400000, 0x0000000095400000, 0x0000000095500000|  0%| F|  |TAMS 0x0000000095400000| PB 0x0000000095400000| Untracked 
| 265|0x0000000095500000, 0x0000000095500000, 0x0000000095600000|  0%| F|  |TAMS 0x0000000095500000| PB 0x0000000095500000| Untracked 
| 266|0x0000000095600000, 0x0000000095600000, 0x0000000095700000|  0%| F|  |TAMS 0x0000000095600000| PB 0x0000000095600000| Untracked 
| 267|0x0000000095700000, 0x0000000095700000, 0x0000000095800000|  0%| F|  |TAMS 0x0000000095700000| PB 0x0000000095700000| Untracked 
| 268|0x0000000095800000, 0x0000000095800000, 0x0000000095900000|  0%| F|  |TAMS 0x0000000095800000| PB 0x0000000095800000| Untracked 
| 269|0x0000000095900000, 0x0000000095900000, 0x0000000095a00000|  0%| F|  |TAMS 0x0000000095900000| PB 0x0000000095900000| Untracked 
| 270|0x0000000095a00000, 0x0000000095a00000, 0x0000000095b00000|  0%| F|  |TAMS 0x0000000095a00000| PB 0x0000000095a00000| Untracked 
| 271|0x0000000095b00000, 0x0000000095b00000, 0x0000000095c00000|  0%| F|  |TAMS 0x0000000095b00000| PB 0x0000000095b00000| Untracked 
| 272|0x0000000095c00000, 0x0000000095c00000, 0x0000000095d00000|  0%| F|  |TAMS 0x0000000095c00000| PB 0x0000000095c00000| Untracked 
| 273|0x0000000095d00000, 0x0000000095d00000, 0x0000000095e00000|  0%| F|  |TAMS 0x0000000095d00000| PB 0x0000000095d00000| Untracked 
| 274|0x0000000095e00000, 0x0000000095e00000, 0x0000000095f00000|  0%| F|  |TAMS 0x0000000095e00000| PB 0x0000000095e00000| Untracked 
| 275|0x0000000095f00000, 0x0000000095f00000, 0x0000000096000000|  0%| F|  |TAMS 0x0000000095f00000| PB 0x0000000095f00000| Untracked 
| 276|0x0000000096000000, 0x0000000096000000, 0x0000000096100000|  0%| F|  |TAMS 0x0000000096000000| PB 0x0000000096000000| Untracked 
| 277|0x0000000096100000, 0x0000000096100000, 0x0000000096200000|  0%| F|  |TAMS 0x0000000096100000| PB 0x0000000096100000| Untracked 
| 278|0x0000000096200000, 0x0000000096200000, 0x0000000096300000|  0%| F|  |TAMS 0x0000000096200000| PB 0x0000000096200000| Untracked 
| 279|0x0000000096300000, 0x0000000096300000, 0x0000000096400000|  0%| F|  |TAMS 0x0000000096300000| PB 0x0000000096300000| Untracked 
| 280|0x0000000096400000, 0x0000000096400000, 0x0000000096500000|  0%| F|  |TAMS 0x0000000096400000| PB 0x0000000096400000| Untracked 
| 281|0x0000000096500000, 0x0000000096500000, 0x0000000096600000|  0%| F|  |TAMS 0x0000000096500000| PB 0x0000000096500000| Untracked 
| 282|0x0000000096600000, 0x0000000096600000, 0x0000000096700000|  0%| F|  |TAMS 0x0000000096600000| PB 0x0000000096600000| Untracked 
| 283|0x0000000096700000, 0x0000000096700000, 0x0000000096800000|  0%| F|  |TAMS 0x0000000096700000| PB 0x0000000096700000| Untracked 
| 284|0x0000000096800000, 0x0000000096800000, 0x0000000096900000|  0%| F|  |TAMS 0x0000000096800000| PB 0x0000000096800000| Untracked 
| 285|0x0000000096900000, 0x0000000096900000, 0x0000000096a00000|  0%| F|  |TAMS 0x0000000096900000| PB 0x0000000096900000| Untracked 
| 286|0x0000000096a00000, 0x0000000096a00000, 0x0000000096b00000|  0%| F|  |TAMS 0x0000000096a00000| PB 0x0000000096a00000| Untracked 
| 287|0x0000000096b00000, 0x0000000096b00000, 0x0000000096c00000|  0%| F|  |TAMS 0x0000000096b00000| PB 0x0000000096b00000| Untracked 
| 288|0x0000000096c00000, 0x0000000096c00000, 0x0000000096d00000|  0%| F|  |TAMS 0x0000000096c00000| PB 0x0000000096c00000| Untracked 
| 289|0x0000000096d00000, 0x0000000096d00000, 0x0000000096e00000|  0%| F|  |TAMS 0x0000000096d00000| PB 0x0000000096d00000| Untracked 
| 290|0x0000000096e00000, 0x0000000096e00000, 0x0000000096f00000|  0%| F|  |TAMS 0x0000000096e00000| PB 0x0000000096e00000| Untracked 
| 291|0x0000000096f00000, 0x0000000096f00000, 0x0000000097000000|  0%| F|  |TAMS 0x0000000096f00000| PB 0x0000000096f00000| Untracked 
| 292|0x0000000097000000, 0x0000000097000000, 0x0000000097100000|  0%| F|  |TAMS 0x0000000097000000| PB 0x0000000097000000| Untracked 
| 293|0x0000000097100000, 0x0000000097100000, 0x0000000097200000|  0%| F|  |TAMS 0x0000000097100000| PB 0x0000000097100000| Untracked 
| 294|0x0000000097200000, 0x0000000097200000, 0x0000000097300000|  0%| F|  |TAMS 0x0000000097200000| PB 0x0000000097200000| Untracked 
| 295|0x0000000097300000, 0x0000000097300000, 0x0000000097400000|  0%| F|  |TAMS 0x0000000097300000| PB 0x0000000097300000| Untracked 
| 296|0x0000000097400000, 0x0000000097400000, 0x0000000097500000|  0%| F|  |TAMS 0x0000000097400000| PB 0x0000000097400000| Untracked 
| 297|0x0000000097500000, 0x0000000097500000, 0x0000000097600000|  0%| F|  |TAMS 0x0000000097500000| PB 0x0000000097500000| Untracked 
| 298|0x0000000097600000, 0x0000000097600000, 0x0000000097700000|  0%| F|  |TAMS 0x0000000097600000| PB 0x0000000097600000| Untracked 
| 299|0x0000000097700000, 0x0000000097700000, 0x0000000097800000|  0%| F|  |TAMS 0x0000000097700000| PB 0x0000000097700000| Untracked 
| 300|0x0000000097800000, 0x0000000097800000, 0x0000000097900000|  0%| F|  |TAMS 0x0000000097800000| PB 0x0000000097800000| Untracked 
| 301|0x0000000097900000, 0x0000000097900000, 0x0000000097a00000|  0%| F|  |TAMS 0x0000000097900000| PB 0x0000000097900000| Untracked 
| 302|0x0000000097a00000, 0x0000000097a00000, 0x0000000097b00000|  0%| F|  |TAMS 0x0000000097a00000| PB 0x0000000097a00000| Untracked 
| 303|0x0000000097b00000, 0x0000000097b00000, 0x0000000097c00000|  0%| F|  |TAMS 0x0000000097b00000| PB 0x0000000097b00000| Untracked 
| 304|0x0000000097c00000, 0x0000000097c00000, 0x0000000097d00000|  0%| F|  |TAMS 0x0000000097c00000| PB 0x0000000097c00000| Untracked 
| 305|0x0000000097d00000, 0x0000000097d00000, 0x0000000097e00000|  0%| F|  |TAMS 0x0000000097d00000| PB 0x0000000097d00000| Untracked 
| 306|0x0000000097e00000, 0x0000000097e00000, 0x0000000097f00000|  0%| F|  |TAMS 0x0000000097e00000| PB 0x0000000097e00000| Untracked 
| 307|0x0000000097f00000, 0x0000000097f00000, 0x0000000098000000|  0%| F|  |TAMS 0x0000000097f00000| PB 0x0000000097f00000| Untracked 
| 308|0x0000000098000000, 0x0000000098000000, 0x0000000098100000|  0%| F|  |TAMS 0x0000000098000000| PB 0x0000000098000000| Untracked 
| 309|0x0000000098100000, 0x0000000098100000, 0x0000000098200000|  0%| F|  |TAMS 0x0000000098100000| PB 0x0000000098100000| Untracked 
| 310|0x0000000098200000, 0x0000000098200000, 0x0000000098300000|  0%| F|  |TAMS 0x0000000098200000| PB 0x0000000098200000| Untracked 
| 311|0x0000000098300000, 0x0000000098300000, 0x0000000098400000|  0%| F|  |TAMS 0x0000000098300000| PB 0x0000000098300000| Untracked 
| 312|0x0000000098400000, 0x0000000098400000, 0x0000000098500000|  0%| F|  |TAMS 0x0000000098400000| PB 0x0000000098400000| Untracked 
| 313|0x0000000098500000, 0x0000000098500000, 0x0000000098600000|  0%| F|  |TAMS 0x0000000098500000| PB 0x0000000098500000| Untracked 
| 314|0x0000000098600000, 0x0000000098600000, 0x0000000098700000|  0%| F|  |TAMS 0x0000000098600000| PB 0x0000000098600000| Untracked 
| 315|0x0000000098700000, 0x0000000098700000, 0x0000000098800000|  0%| F|  |TAMS 0x0000000098700000| PB 0x0000000098700000| Untracked 
| 316|0x0000000098800000, 0x0000000098800000, 0x0000000098900000|  0%| F|  |TAMS 0x0000000098800000| PB 0x0000000098800000| Untracked 
| 317|0x0000000098900000, 0x0000000098900000, 0x0000000098a00000|  0%| F|  |TAMS 0x0000000098900000| PB 0x0000000098900000| Untracked 
| 318|0x0000000098a00000, 0x0000000098a00000, 0x0000000098b00000|  0%| F|  |TAMS 0x0000000098a00000| PB 0x0000000098a00000| Untracked 
| 319|0x0000000098b00000, 0x0000000098b00000, 0x0000000098c00000|  0%| F|  |TAMS 0x0000000098b00000| PB 0x0000000098b00000| Untracked 
| 320|0x0000000098c00000, 0x0000000098c00000, 0x0000000098d00000|  0%| F|  |TAMS 0x0000000098c00000| PB 0x0000000098c00000| Untracked 
| 321|0x0000000098d00000, 0x0000000098d00000, 0x0000000098e00000|  0%| F|  |TAMS 0x0000000098d00000| PB 0x0000000098d00000| Untracked 
| 322|0x0000000098e00000, 0x0000000098e00000, 0x0000000098f00000|  0%| F|  |TAMS 0x0000000098e00000| PB 0x0000000098e00000| Untracked 
| 323|0x0000000098f00000, 0x0000000098f00000, 0x0000000099000000|  0%| F|  |TAMS 0x0000000098f00000| PB 0x0000000098f00000| Untracked 
| 324|0x0000000099000000, 0x0000000099000000, 0x0000000099100000|  0%| F|  |TAMS 0x0000000099000000| PB 0x0000000099000000| Untracked 
| 325|0x0000000099100000, 0x0000000099100000, 0x0000000099200000|  0%| F|  |TAMS 0x0000000099100000| PB 0x0000000099100000| Untracked 
| 326|0x0000000099200000, 0x0000000099200000, 0x0000000099300000|  0%| F|  |TAMS 0x0000000099200000| PB 0x0000000099200000| Untracked 
| 327|0x0000000099300000, 0x0000000099300000, 0x0000000099400000|  0%| F|  |TAMS 0x0000000099300000| PB 0x0000000099300000| Untracked 
| 328|0x0000000099400000, 0x0000000099400000, 0x0000000099500000|  0%| F|  |TAMS 0x0000000099400000| PB 0x0000000099400000| Untracked 
| 329|0x0000000099500000, 0x0000000099580800, 0x0000000099600000| 50%| E|  |TAMS 0x0000000099500000| PB 0x0000000099500000| Complete 
| 330|0x0000000099600000, 0x0000000099700000, 0x0000000099700000|100%| E|CS|TAMS 0x0000000099600000| PB 0x0000000099600000| Complete 
| 331|0x0000000099700000, 0x0000000099800000, 0x0000000099800000|100%| E|CS|TAMS 0x0000000099700000| PB 0x0000000099700000| Complete 
| 332|0x0000000099800000, 0x0000000099900000, 0x0000000099900000|100%| E|CS|TAMS 0x0000000099800000| PB 0x0000000099800000| Complete 
| 333|0x0000000099900000, 0x0000000099a00000, 0x0000000099a00000|100%| E|CS|TAMS 0x0000000099900000| PB 0x0000000099900000| Complete 
| 334|0x0000000099a00000, 0x0000000099b00000, 0x0000000099b00000|100%| E|CS|TAMS 0x0000000099a00000| PB 0x0000000099a00000| Complete 
| 335|0x0000000099b00000, 0x0000000099c00000, 0x0000000099c00000|100%| E|CS|TAMS 0x0000000099b00000| PB 0x0000000099b00000| Complete 
| 336|0x0000000099c00000, 0x0000000099d00000, 0x0000000099d00000|100%| E|CS|TAMS 0x0000000099c00000| PB 0x0000000099c00000| Complete 
| 337|0x0000000099d00000, 0x0000000099e00000, 0x0000000099e00000|100%| E|CS|TAMS 0x0000000099d00000| PB 0x0000000099d00000| Complete 
| 338|0x0000000099e00000, 0x0000000099f00000, 0x0000000099f00000|100%| E|CS|TAMS 0x0000000099e00000| PB 0x0000000099e00000| Complete 
| 339|0x0000000099f00000, 0x000000009a000000, 0x000000009a000000|100%| E|CS|TAMS 0x0000000099f00000| PB 0x0000000099f00000| Complete 
| 340|0x000000009a000000, 0x000000009a100000, 0x000000009a100000|100%| E|CS|TAMS 0x000000009a000000| PB 0x000000009a000000| Complete 
| 341|0x000000009a100000, 0x000000009a200000, 0x000000009a200000|100%| E|CS|TAMS 0x000000009a100000| PB 0x000000009a100000| Complete 
| 342|0x000000009a200000, 0x000000009a300000, 0x000000009a300000|100%| E|CS|TAMS 0x000000009a200000| PB 0x000000009a200000| Complete 
| 343|0x000000009a300000, 0x000000009a400000, 0x000000009a400000|100%| E|CS|TAMS 0x000000009a300000| PB 0x000000009a300000| Complete 
| 344|0x000000009a400000, 0x000000009a500000, 0x000000009a500000|100%| E|CS|TAMS 0x000000009a400000| PB 0x000000009a400000| Complete 
| 345|0x000000009a500000, 0x000000009a600000, 0x000000009a600000|100%| E|CS|TAMS 0x000000009a500000| PB 0x000000009a500000| Complete 
| 346|0x000000009a600000, 0x000000009a700000, 0x000000009a700000|100%| E|CS|TAMS 0x000000009a600000| PB 0x000000009a600000| Complete 
| 347|0x000000009a700000, 0x000000009a800000, 0x000000009a800000|100%| E|CS|TAMS 0x000000009a700000| PB 0x000000009a700000| Complete 
| 348|0x000000009a800000, 0x000000009a900000, 0x000000009a900000|100%| E|CS|TAMS 0x000000009a800000| PB 0x000000009a800000| Complete 
| 349|0x000000009a900000, 0x000000009aa00000, 0x000000009aa00000|100%| E|CS|TAMS 0x000000009a900000| PB 0x000000009a900000| Complete 
| 350|0x000000009aa00000, 0x000000009ab00000, 0x000000009ab00000|100%| E|CS|TAMS 0x000000009aa00000| PB 0x000000009aa00000| Complete 
| 351|0x000000009ab00000, 0x000000009ac00000, 0x000000009ac00000|100%| E|CS|TAMS 0x000000009ab00000| PB 0x000000009ab00000| Complete 
| 352|0x000000009ac00000, 0x000000009ad00000, 0x000000009ad00000|100%| E|CS|TAMS 0x000000009ac00000| PB 0x000000009ac00000| Complete 
| 353|0x000000009ad00000, 0x000000009ae00000, 0x000000009ae00000|100%| E|CS|TAMS 0x000000009ad00000| PB 0x000000009ad00000| Complete 
| 354|0x000000009ae00000, 0x000000009af00000, 0x000000009af00000|100%| E|CS|TAMS 0x000000009ae00000| PB 0x000000009ae00000| Complete 
| 355|0x000000009af00000, 0x000000009b000000, 0x000000009b000000|100%| E|CS|TAMS 0x000000009af00000| PB 0x000000009af00000| Complete 
| 356|0x000000009b000000, 0x000000009b100000, 0x000000009b100000|100%| E|CS|TAMS 0x000000009b000000| PB 0x000000009b000000| Complete 
| 357|0x000000009b100000, 0x000000009b200000, 0x000000009b200000|100%| E|CS|TAMS 0x000000009b100000| PB 0x000000009b100000| Complete 
| 358|0x000000009b200000, 0x000000009b300000, 0x000000009b300000|100%| E|CS|TAMS 0x000000009b200000| PB 0x000000009b200000| Complete 
| 359|0x000000009b300000, 0x000000009b400000, 0x000000009b400000|100%| E|CS|TAMS 0x000000009b300000| PB 0x000000009b300000| Complete 
| 360|0x000000009b400000, 0x000000009b500000, 0x000000009b500000|100%| E|CS|TAMS 0x000000009b400000| PB 0x000000009b400000| Complete 
| 361|0x000000009b500000, 0x000000009b600000, 0x000000009b600000|100%| E|CS|TAMS 0x000000009b500000| PB 0x000000009b500000| Complete 
| 362|0x000000009b600000, 0x000000009b700000, 0x000000009b700000|100%| E|CS|TAMS 0x000000009b600000| PB 0x000000009b600000| Complete 
| 363|0x000000009b700000, 0x000000009b800000, 0x000000009b800000|100%| E|CS|TAMS 0x000000009b700000| PB 0x000000009b700000| Complete 
| 364|0x000000009b800000, 0x000000009b900000, 0x000000009b900000|100%| E|CS|TAMS 0x000000009b800000| PB 0x000000009b800000| Complete 
| 365|0x000000009b900000, 0x000000009ba00000, 0x000000009ba00000|100%| E|CS|TAMS 0x000000009b900000| PB 0x000000009b900000| Complete 
| 366|0x000000009ba00000, 0x000000009bb00000, 0x000000009bb00000|100%| E|CS|TAMS 0x000000009ba00000| PB 0x000000009ba00000| Complete 
| 367|0x000000009bb00000, 0x000000009bc00000, 0x000000009bc00000|100%| E|CS|TAMS 0x000000009bb00000| PB 0x000000009bb00000| Complete 
| 368|0x000000009bc00000, 0x000000009bd00000, 0x000000009bd00000|100%| E|CS|TAMS 0x000000009bc00000| PB 0x000000009bc00000| Complete 
| 369|0x000000009bd00000, 0x000000009be00000, 0x000000009be00000|100%| E|CS|TAMS 0x000000009bd00000| PB 0x000000009bd00000| Complete 
| 370|0x000000009be00000, 0x000000009bf00000, 0x000000009bf00000|100%| E|CS|TAMS 0x000000009be00000| PB 0x000000009be00000| Complete 
| 371|0x000000009bf00000, 0x000000009c000000, 0x000000009c000000|100%| E|CS|TAMS 0x000000009bf00000| PB 0x000000009bf00000| Complete 
| 372|0x000000009c000000, 0x000000009c100000, 0x000000009c100000|100%| E|CS|TAMS 0x000000009c000000| PB 0x000000009c000000| Complete 
| 373|0x000000009c100000, 0x000000009c200000, 0x000000009c200000|100%| E|CS|TAMS 0x000000009c100000| PB 0x000000009c100000| Complete 
| 374|0x000000009c200000, 0x000000009c300000, 0x000000009c300000|100%| E|CS|TAMS 0x000000009c200000| PB 0x000000009c200000| Complete 
| 375|0x000000009c300000, 0x000000009c400000, 0x000000009c400000|100%| E|CS|TAMS 0x000000009c300000| PB 0x000000009c300000| Complete 
| 376|0x000000009c400000, 0x000000009c500000, 0x000000009c500000|100%| E|CS|TAMS 0x000000009c400000| PB 0x000000009c400000| Complete 
| 377|0x000000009c500000, 0x000000009c600000, 0x000000009c600000|100%| E|CS|TAMS 0x000000009c500000| PB 0x000000009c500000| Complete 

Card table byte_map: [0x000002a935ff0000,0x000002a9363d0000] _byte_map_base: 0x000002a935bca000

Marking Bits: (CMBitMap*) 0x000002a91e4d21f0
 Bits: [0x000002a9363d0000, 0x000002a9382a0000)

Polling page: 0x000002a91dc40000

Metaspace:

Usage:
  Non-class:     76.39 MB used.
      Class:     13.77 MB used.
       Both:     90.16 MB used.

Virtual space:
  Non-class space:      128.00 MB reserved,      77.06 MB ( 60%) committed,  2 nodes.
      Class space:        1.00 GB reserved,      14.31 MB (  1%) committed,  1 nodes.
             Both:        1.12 GB reserved,      91.38 MB (  8%) committed. 

Chunk freelists:
   Non-Class:  2.45 MB
       Class:  1.70 MB
        Both:  4.15 MB

MaxMetaspaceSize: unlimited
CompressedClassSpaceSize: 1.00 GB
Initial GC threshold: 21.00 MB
Current GC threshold: 151.69 MB
CDS: on
 - commit_granule_bytes: 65536.
 - commit_granule_words: 8192.
 - virtual_space_node_default_size: 8388608.
 - enlarge_chunks_in_place: 1.
 - use_allocation_guard: 0.


Internal statistics:

num_allocs_failed_limit: 3.
num_arena_births: 1866.
num_arena_deaths: 0.
num_vsnodes_births: 3.
num_vsnodes_deaths: 0.
num_space_committed: 1454.
num_space_uncommitted: 0.
num_chunks_returned_to_freelist: 3.
num_chunks_taken_from_freelist: 5625.
num_chunk_merges: 3.
num_chunk_splits: 3688.
num_chunks_enlarged: 2688.
num_inconsistent_stats: 0.

CodeHeap 'non-profiled nmethods': size=120000Kb used=8531Kb max_used=8566Kb free=111468Kb
 bounds [0x000002a92e3a0000, 0x000002a92ec10000, 0x000002a9358d0000]
CodeHeap 'profiled nmethods': size=120000Kb used=15533Kb max_used=16022Kb free=104466Kb
 bounds [0x000002a9268d0000, 0x000002a927880000, 0x000002a92de00000]
CodeHeap 'non-nmethods': size=5760Kb used=3659Kb max_used=3698Kb free=2100Kb
 bounds [0x000002a92de00000, 0x000002a92e1b0000, 0x000002a92e3a0000]
 total_blobs=10938 nmethods=9066 adapters=1776
 compilation: enabled
              stopped_count=0, restarted_count=0
 full_count=0

Compilation events (20 events):
Event: 14.476 Thread 0x000002a93acd60e0 12095       3       com.google.gson.stream.JsonWriter::string (169 bytes)
Event: 14.477 Thread 0x000002a93acd60e0 nmethod 12095 0x000002a92741e890 code [0x000002a92741eb40, 0x000002a92741f9e8]
Event: 14.477 Thread 0x000002a93acd60e0 12100       3       java.util.WeakHashMap$ValueSpliterator::forEachRemaining (188 bytes)
Event: 14.478 Thread 0x000002a93acd60e0 nmethod 12100 0x000002a926e4e390 code [0x000002a926e4e5a0, 0x000002a926e4ee90]
Event: 14.478 Thread 0x000002a93acd60e0 12096       3       java.lang.StringUTF16::putCharSB (12 bytes)
Event: 14.478 Thread 0x000002a93acd60e0 nmethod 12096 0x000002a927435d10 code [0x000002a927435ec0, 0x000002a927436120]
Event: 14.478 Thread 0x000002a93acd60e0 12099       1       java.util.WeakHashMap$ValueSpliterator::characteristics (2 bytes)
Event: 14.478 Thread 0x000002a93acd60e0 nmethod 12099 0x000002a92ea23410 code [0x000002a92ea235a0, 0x000002a92ea23668]
Event: 14.478 Thread 0x000002a93acd60e0 12101       3       jdk.internal.math.FloatToDecimal::appendDigit (22 bytes)
Event: 14.478 Thread 0x000002a93acd60e0 nmethod 12101 0x000002a927056190 code [0x000002a927056340, 0x000002a927056488]
Event: 14.478 Thread 0x000002a93acd60e0 12102       3       com.google.gson.stream.JsonWriter::value (158 bytes)
Event: 14.479 Thread 0x000002a93acd60e0 nmethod 12102 0x000002a92721be90 code [0x000002a92721c2a0, 0x000002a92721d860]
Event: 14.479 Thread 0x000002a93acd60e0 12103       3       com.google.gson.stream.JsonWriter::isTrustedNumberType (66 bytes)
Event: 14.479 Thread 0x000002a93acd60e0 nmethod 12103 0x000002a92710c710 code [0x000002a92710c8e0, 0x000002a92710cc90]
Event: 14.479 Thread 0x000002a93acd60e0 12097       3       java.lang.String::<init> (128 bytes)
Event: 14.480 Thread 0x000002a93acd60e0 nmethod 12097 0x000002a927043f10 code [0x000002a927044220, 0x000002a927045398]
Event: 14.480 Thread 0x000002a93acd60e0 12104       3       java.lang.Class::getSimpleName (36 bytes)
Event: 14.481 Thread 0x000002a93acd60e0 nmethod 12104 0x000002a926ebcf10 code [0x000002a926ebd0e0, 0x000002a926ebd3b8]
Event: 14.481 Thread 0x000002a93acd60e0 12105       1       java.util.concurrent.ConcurrentHashMap$MapEntry::getValue (5 bytes)
Event: 14.481 Thread 0x000002a93acd60e0 nmethod 12105 0x000002a92ea23110 code [0x000002a92ea232a0, 0x000002a92ea23368]

GC Heap History (20 events):
Event: 7.573 GC heap before
{Heap before GC invocations=23 (full 0):
 garbage-first heap   total 260096K, used 234151K [0x0000000084c00000, 0x0000000100000000)
  region size 1024K, 99 young (101376K), 11 survivors (11264K)
 Metaspace       used 45673K, committed 46400K, reserved 1114112K
  class space    used 6259K, committed 6592K, reserved 1048576K
}
Event: 7.586 GC heap after
{Heap after GC invocations=24 (full 0):
 garbage-first heap   total 387072K, used 149349K [0x0000000084c00000, 0x0000000100000000)
  region size 1024K, 10 young (10240K), 10 survivors (10240K)
 Metaspace       used 45673K, committed 46400K, reserved 1114112K
  class space    used 6259K, committed 6592K, reserved 1048576K
}
Event: 8.745 GC heap before
{Heap before GC invocations=25 (full 0):
 garbage-first heap   total 387072K, used 356197K [0x0000000084c00000, 0x0000000100000000)
  region size 1024K, 212 young (217088K), 10 survivors (10240K)
 Metaspace       used 53019K, committed 53824K, reserved 1114112K
  class space    used 7472K, committed 7872K, reserved 1048576K
}
Event: 8.758 GC heap after
{Heap after GC invocations=26 (full 0):
 garbage-first heap   total 387072K, used 154181K [0x0000000084c00000, 0x0000000100000000)
  region size 1024K, 15 young (15360K), 15 survivors (15360K)
 Metaspace       used 53019K, committed 53824K, reserved 1114112K
  class space    used 7472K, committed 7872K, reserved 1048576K
}
Event: 9.336 GC heap before
{Heap before GC invocations=26 (full 0):
 garbage-first heap   total 387072K, used 350789K [0x0000000084c00000, 0x0000000100000000)
  region size 1024K, 207 young (211968K), 15 survivors (15360K)
 Metaspace       used 57485K, committed 58240K, reserved 1114112K
  class space    used 8644K, committed 9024K, reserved 1048576K
}
Event: 9.351 GC heap after
{Heap after GC invocations=27 (full 0):
 garbage-first heap   total 387072K, used 158926K [0x0000000084c00000, 0x0000000100000000)
  region size 1024K, 16 young (16384K), 16 survivors (16384K)
 Metaspace       used 57485K, committed 58240K, reserved 1114112K
  class space    used 8644K, committed 9024K, reserved 1048576K
}
Event: 10.273 GC heap before
{Heap before GC invocations=27 (full 0):
 garbage-first heap   total 387072K, used 349390K [0x0000000084c00000, 0x0000000100000000)
  region size 1024K, 202 young (206848K), 16 survivors (16384K)
 Metaspace       used 66680K, committed 67648K, reserved 1114112K
  class space    used 10501K, committed 10944K, reserved 1048576K
}
Event: 10.290 GC heap after
{Heap after GC invocations=28 (full 0):
 garbage-first heap   total 387072K, used 165126K [0x0000000084c00000, 0x0000000100000000)
  region size 1024K, 16 young (16384K), 16 survivors (16384K)
 Metaspace       used 66680K, committed 67648K, reserved 1114112K
  class space    used 10501K, committed 10944K, reserved 1048576K
}
Event: 10.846 GC heap before
{Heap before GC invocations=29 (full 0):
 garbage-first heap   total 387072K, used 349446K [0x0000000084c00000, 0x0000000100000000)
  region size 1024K, 196 young (200704K), 16 survivors (16384K)
 Metaspace       used 70805K, committed 71808K, reserved 1114112K
  class space    used 11353K, committed 11776K, reserved 1048576K
}
Event: 10.858 GC heap after
{Heap after GC invocations=30 (full 0):
 garbage-first heap   total 387072K, used 167792K [0x0000000084c00000, 0x0000000100000000)
  region size 1024K, 15 young (15360K), 15 survivors (15360K)
 Metaspace       used 70805K, committed 71808K, reserved 1114112K
  class space    used 11353K, committed 11776K, reserved 1048576K
}
Event: 11.166 GC heap before
{Heap before GC invocations=30 (full 0):
 garbage-first heap   total 387072K, used 351088K [0x0000000084c00000, 0x0000000100000000)
  region size 1024K, 194 young (198656K), 15 survivors (15360K)
 Metaspace       used 72748K, committed 73792K, reserved 1114112K
  class space    used 11552K, committed 12032K, reserved 1048576K
}
Event: 11.178 GC heap after
{Heap after GC invocations=31 (full 0):
 garbage-first heap   total 387072K, used 168958K [0x0000000084c00000, 0x0000000100000000)
  region size 1024K, 11 young (11264K), 11 survivors (11264K)
 Metaspace       used 72748K, committed 73792K, reserved 1114112K
  class space    used 11552K, committed 12032K, reserved 1048576K
}
Event: 11.314 GC heap before
{Heap before GC invocations=31 (full 0):
 garbage-first heap   total 387072K, used 238590K [0x0000000084c00000, 0x0000000100000000)
  region size 1024K, 80 young (81920K), 11 survivors (11264K)
 Metaspace       used 73466K, committed 74496K, reserved 1114112K
  class space    used 11639K, committed 12096K, reserved 1048576K
}
Event: 11.322 GC heap after
{Heap after GC invocations=32 (full 0):
 garbage-first heap   total 387072K, used 170760K [0x0000000084c00000, 0x0000000100000000)
  region size 1024K, 13 young (13312K), 13 survivors (13312K)
 Metaspace       used 73466K, committed 74496K, reserved 1114112K
  class space    used 11639K, committed 12096K, reserved 1048576K
}
Event: 12.502 GC heap before
{Heap before GC invocations=33 (full 0):
 garbage-first heap   total 387072K, used 356104K [0x0000000084c00000, 0x0000000100000000)
  region size 1024K, 191 young (195584K), 13 survivors (13312K)
 Metaspace       used 83607K, committed 84672K, reserved 1179648K
  class space    used 13005K, committed 13504K, reserved 1048576K
}
Event: 12.516 GC heap after
{Heap after GC invocations=34 (full 0):
 garbage-first heap   total 387072K, used 184318K [0x0000000084c00000, 0x0000000100000000)
  region size 1024K, 22 young (22528K), 22 survivors (22528K)
 Metaspace       used 83607K, committed 84672K, reserved 1179648K
  class space    used 13005K, committed 13504K, reserved 1048576K
}
Event: 13.468 GC heap before
{Heap before GC invocations=34 (full 0):
 garbage-first heap   total 387072K, used 344062K [0x0000000084c00000, 0x0000000100000000)
  region size 1024K, 178 young (182272K), 22 survivors (22528K)
 Metaspace       used 88609K, committed 89728K, reserved 1179648K
  class space    used 13530K, committed 14016K, reserved 1048576K
}
Event: 13.484 GC heap after
{Heap after GC invocations=35 (full 0):
 garbage-first heap   total 387072K, used 186584K [0x0000000084c00000, 0x0000000100000000)
  region size 1024K, 15 young (15360K), 15 survivors (15360K)
 Metaspace       used 88609K, committed 89728K, reserved 1179648K
  class space    used 13530K, committed 14016K, reserved 1048576K
}
Event: 14.045 GC heap before
{Heap before GC invocations=35 (full 0):
 garbage-first heap   total 387072K, used 350424K [0x0000000084c00000, 0x0000000100000000)
  region size 1024K, 175 young (179200K), 15 survivors (15360K)
 Metaspace       used 91356K, committed 92608K, reserved 1179648K
  class space    used 13948K, committed 14528K, reserved 1048576K
}
Event: 14.056 GC heap after
{Heap after GC invocations=36 (full 0):
 garbage-first heap   total 387072K, used 189359K [0x0000000084c00000, 0x0000000100000000)
  region size 1024K, 6 young (6144K), 6 survivors (6144K)
 Metaspace       used 91356K, committed 92608K, reserved 1179648K
  class space    used 13948K, committed 14528K, reserved 1048576K
}

Dll operation events (17 events):
Event: 0.004 Loaded shared library C:\Program Files\Java\jdk-21\bin\java.dll
Event: 0.031 Loaded shared library C:\Program Files\Java\jdk-21\bin\jsvml.dll
Event: 0.096 Loaded shared library C:\Program Files\Java\jdk-21\bin\net.dll
Event: 0.097 Loaded shared library C:\Program Files\Java\jdk-21\bin\nio.dll
Event: 0.100 Loaded shared library C:\Program Files\Java\jdk-21\bin\zip.dll
Event: 0.239 Loaded shared library C:\Program Files\Java\jdk-21\bin\jimage.dll
Event: 0.677 Loaded shared library C:\Program Files\Java\jdk-21\bin\management.dll
Event: 0.678 Loaded shared library C:\Program Files\Java\jdk-21\bin\management_ext.dll
Event: 0.925 Loaded shared library C:\Program Files\Java\jdk-21\bin\verify.dll
Event: 4.048 Loaded shared library C:\Users\ADMIN\AppData\Local\Temp\jna-62130991\jna10067385317430960325.dll
Event: 10.954 Loaded shared library C:\Users\ADMIN\AppData\Local\Temp\lwjgl_ADMIN\3.3.3-snapshot\x64\lwjgl.dll
Event: 11.621 Loaded shared library C:\Program Files\Java\jdk-21\bin\sunmscapi.dll
Event: 11.672 Loaded shared library C:\Program Files\Java\jdk-21\bin\extnet.dll
Event: 11.722 Loaded shared library C:\Program Files\Java\jdk-21\bin\awt.dll
Event: 12.284 Loaded shared library C:\Users\ADMIN\AppData\Local\Temp\jansi-2.4.0-af03d34068a0b528-jansi.dll
Event: 13.040 Loaded shared library C:\Users\ADMIN\AppData\Local\Temp\lwjgl_ADMIN\3.3.3-snapshot\x64\lwjgl_opengl.dll
Event: 13.264 Loaded shared library C:\Users\ADMIN\AppData\Local\Temp\lwjgl_ADMIN\3.3.3-snapshot\x64\lwjgl_stb.dll

Deoptimization events (20 events):
Event: 14.276 Thread 0x000002a91c2cad50 Uncommon trap: trap_request=0x00000031 fr.pc=0x000002a92ebe1ba4 relative=0x00000000000024e4
Event: 14.276 Thread 0x000002a91c2cad50 Uncommon trap: reason=unloaded action=reinterpret pc=0x000002a92ebe1ba4 method=net.fabricmc.loader.impl.launch.knot.KnotClassDelegate.getPostMixinClassByteArray(Ljava/lang/String;Z)[B @ 69 c2
Event: 14.276 Thread 0x000002a91c2cad50 DEOPT PACKING pc=0x000002a92ebe1ba4 sp=0x000000ff516fa890
Event: 14.276 Thread 0x000002a91c2cad50 DEOPT UNPACKING pc=0x000002a92de57da2 sp=0x000000ff516fa7d0 mode 2
Event: 14.298 Thread 0x000002a91c2cad50 Uncommon trap: trap_request=0xfffffff4 fr.pc=0x000002a92e3d7584 relative=0x00000000000004c4
Event: 14.298 Thread 0x000002a91c2cad50 Uncommon trap: reason=null_check action=make_not_entrant pc=0x000002a92e3d7584 method=com.sun.jna.Native.getNativeSize(Ljava/lang/Class;Ljava/lang/Object;)I @ 65 c2
Event: 14.298 Thread 0x000002a91c2cad50 DEOPT PACKING pc=0x000002a92e3d7584 sp=0x000000ff516fdea0
Event: 14.298 Thread 0x000002a91c2cad50 DEOPT UNPACKING pc=0x000002a92de57da2 sp=0x000000ff516fde18 mode 2
Event: 14.298 Thread 0x000002a91c2cad50 Uncommon trap: trap_request=0xfffffff4 fr.pc=0x000002a92e87ac40 relative=0x0000000000000340
Event: 14.298 Thread 0x000002a91c2cad50 Uncommon trap: reason=null_check action=make_not_entrant pc=0x000002a92e87ac40 method=com.sun.jna.Native.getNativeSize(Ljava/lang/Class;)I @ 4 c2
Event: 14.298 Thread 0x000002a91c2cad50 DEOPT PACKING pc=0x000002a92e87ac40 sp=0x000000ff516fde20
Event: 14.298 Thread 0x000002a91c2cad50 DEOPT UNPACKING pc=0x000002a92de57da2 sp=0x000000ff516fddb8 mode 2
Event: 14.476 Thread 0x000002a901a047c0 Uncommon trap: trap_request=0xffffff45 fr.pc=0x000002a92ebaef88 relative=0x0000000000000cc8
Event: 14.476 Thread 0x000002a901a047c0 Uncommon trap: reason=unstable_if action=reinterpret pc=0x000002a92ebaef88 method=com.google.gson.stream.JsonWriter.string(Ljava/lang/String;)V @ 4 c2
Event: 14.476 Thread 0x000002a901a047c0 DEOPT PACKING pc=0x000002a92ebaef88 sp=0x000000ff541fec70
Event: 14.476 Thread 0x000002a901a047c0 DEOPT UNPACKING pc=0x000002a92de57da2 sp=0x000000ff541fec20 mode 2
Event: 14.477 Thread 0x000002a901a047c0 Uncommon trap: trap_request=0xffffff45 fr.pc=0x000002a92e858650 relative=0x00000000000000b0
Event: 14.477 Thread 0x000002a901a047c0 Uncommon trap: reason=unstable_if action=reinterpret pc=0x000002a92e858650 method=java.lang.Integer.stringSize(I)I @ 19 c2
Event: 14.477 Thread 0x000002a901a047c0 DEOPT PACKING pc=0x000002a92e858650 sp=0x000000ff541fea70
Event: 14.477 Thread 0x000002a901a047c0 DEOPT UNPACKING pc=0x000002a92de57da2 sp=0x000000ff541fe9d8 mode 2

Classes loaded (20 events):
Event: 14.024 Loading class javax/management/ObjectName
Event: 14.024 Loading class javax/management/QueryExp
Event: 14.024 Loading class javax/management/QueryExp done
Event: 14.025 Loading class javax/management/ObjectName done
Event: 14.025 Loading class com/sun/jmx/mbeanserver/GetPropertyAction
Event: 14.025 Loading class com/sun/jmx/mbeanserver/GetPropertyAction done
Event: 14.025 Loading class javax/management/ObjectName$Property
Event: 14.025 Loading class javax/management/ObjectName$Property done
Event: 14.025 Loading class com/sun/jmx/mbeanserver/Util
Event: 14.025 Loading class com/sun/jmx/mbeanserver/Util done
Event: 14.149 Loading class java/util/regex/Pattern$End
Event: 14.149 Loading class java/util/regex/Pattern$End done
Event: 14.244 Loading class java/nio/file/Files$2
Event: 14.244 Loading class java/nio/file/Files$2 done
Event: 14.476 Loading class java/util/WeakHashMap$Values
Event: 14.476 Loading class java/util/WeakHashMap$Values done
Event: 14.476 Loading class java/util/WeakHashMap$ValueSpliterator
Event: 14.476 Loading class java/util/WeakHashMap$WeakHashMapSpliterator
Event: 14.476 Loading class java/util/WeakHashMap$WeakHashMapSpliterator done
Event: 14.476 Loading class java/util/WeakHashMap$ValueSpliterator done

Classes unloaded (0 events):
No events

Classes redefined (0 events):
No events

Internal exceptions (20 events):
Event: 13.526 Thread 0x000002a91c2cad50 Exception <a 'sun/nio/fs/WindowsException'{0x000000009c081230}> (0x000000009c081230) 
thrown [s\open\src\hotspot\share\prims\jni.cpp, line 520]
Event: 13.526 Thread 0x000002a91c2cad50 Exception <a 'sun/nio/fs/WindowsException'{0x000000009c0815d8}> (0x000000009c0815d8) 
thrown [s\open\src\hotspot\share\prims\jni.cpp, line 520]
Event: 13.834 Thread 0x000002a91c2cad50 Exception <a 'java/lang/NoSuchMethodError'{0x0000000097b30570}: 'java.lang.Object java.lang.invoke.DirectMethodHandle$Holder.invokeStaticInit(java.lang.Object, java.lang.Object, java.lang.Object, double, double, double, double, double, double)'> (0x0000000097b30570) 
thrown [s\open\src\hotspot\share\interpreter\linkResolver.cpp, line 773]
Event: 13.945 Thread 0x000002a91c2cad50 Implicit null exception at 0x000002a92e818eda to 0x000002a92e818f10
Event: 13.955 Thread 0x000002a91c2cad50 Implicit null exception at 0x000002a92ebcdddd to 0x000002a92ebd0208
Event: 14.122 Thread 0x000002a91c2cad50 Exception <a 'sun/nio/fs/WindowsException'{0x000000009aba2e98}> (0x000000009aba2e98) 
thrown [s\open\src\hotspot\share\prims\jni.cpp, line 520]
Event: 14.143 Thread 0x000002a91c2cad50 Exception <a 'java/lang/NoSuchMethodError'{0x000000009a9a3c78}: 'java.lang.Object java.lang.invoke.DirectMethodHandle$Holder.newInvokeSpecial(java.lang.Object, java.lang.Object, java.lang.Object, int, java.lang.Object)'> (0x000000009a9a3c78) 
thrown [s\open\src\hotspot\share\interpreter\linkResolver.cpp, line 773]
Event: 14.144 Thread 0x000002a91c2cad50 Exception <a 'java/lang/NoSuchMethodError'{0x000000009a9b7c90}: 'java.lang.Object java.lang.invoke.DirectMethodHandle$Holder.invokeSpecialIFC(java.lang.Object, java.lang.Object, java.lang.Object, java.lang.Object, java.lang.Object, java.lang.Object, java.lang.Object)'> (0x000000009a9b7c90) 
thrown [s\open\src\hotspot\share\interpreter\linkResolver.cpp, line 773]
Event: 14.145 Thread 0x000002a91c2cad50 Exception <a 'java/lang/IncompatibleClassChangeError'{0x000000009a9c2258}: Found class java.lang.Object, but interface was expected> (0x000000009a9c2258) 
thrown [s\open\src\hotspot\share\interpreter\linkResolver.cpp, line 840]
Event: 14.146 Thread 0x000002a91c2cad50 Exception <a 'java/lang/NoSuchMethodError'{0x000000009a9c7588}: 'java.lang.Object java.lang.invoke.DirectMethodHandle$Holder.invokeSpecialIFC(java.lang.Object, java.lang.Object, java.lang.Object, java.lang.Object, java.lang.Object, java.lang.Object)'> (0x000000009a9c7588) 
thrown [s\open\src\hotspot\share\interpreter\linkResolver.cpp, line 773]
Event: 14.244 Thread 0x000002a90207d4f0 Exception <a 'sun/nio/fs/WindowsException'{0x000000009a632140}> (0x000000009a632140) 
thrown [s\open\src\hotspot\share\prims\jni.cpp, line 520]
Event: 14.247 Thread 0x000002a91c2cad50 Exception <a 'java/lang/UnsatisfiedLinkError'{0x000000009a6f6680}: Не найдена указанная процедура.
> (0x000000009a6f6680) 
thrown [s\open\src\hotspot\share\prims\jni.cpp, line 539]
Event: 14.298 Thread 0x000002a91c2cad50 Implicit null exception at 0x000002a92e3d70e7 to 0x000002a92e3d7570
Event: 14.298 Thread 0x000002a91c2cad50 Implicit null exception at 0x000002a92e87a91e to 0x000002a92e87ac30
Event: 14.322 Thread 0x000002a91c2cad50 Exception <a 'java/lang/UnsatisfiedLinkError'{0x0000000099c6a1d8}: Не найдена указанная процедура.
> (0x0000000099c6a1d8) 
thrown [s\open\src\hotspot\share\prims\jni.cpp, line 539]
Event: 14.323 Thread 0x000002a91c2cad50 Exception <a 'java/lang/UnsatisfiedLinkError'{0x0000000099c75b40}: Не найдена указанная процедура.
> (0x0000000099c75b40) 
thrown [s\open\src\hotspot\share\prims\jni.cpp, line 539]
Event: 14.336 Thread 0x000002a91c2cad50 Exception <a 'java/lang/UnsatisfiedLinkError'{0x0000000099a58028}: Не найдена указанная процедура.
> (0x0000000099a58028) 
thrown [s\open\src\hotspot\share\prims\jni.cpp, line 539]
Event: 14.452 Thread 0x000002a91c2cad50 Exception <a 'java/lang/NegativeArraySizeException'{0x0000000099994758}: -2> (0x0000000099994758) 
thrown [s\open\src\hotspot\share\oops\klass.cpp, line 661]
Event: 14.471 Thread 0x000002a91c2cad50 Exception <a 'sun/nio/fs/WindowsException'{0x0000000099842410}> (0x0000000099842410) 
thrown [s\open\src\hotspot\share\prims\jni.cpp, line 520]
Event: 14.476 Thread 0x000002a901a04e50 Exception <a 'java/lang/NoSuchMethodError'{0x0000000099502670}: 'float java.lang.invoke.Invokers$Holder.invokeExact_MT(java.lang.Object, java.lang.Object, java.lang.Object)'> (0x0000000099502670) 
thrown [s\open\src\hotspot\share\interpreter\linkResolver.cpp, line 773]

ZGC Phase Switch (0 events):
No events

VM Operations (20 events):
Event: 12.575 Executing VM operation: HandshakeAllThreads (Deoptimize) done
Event: 12.790 Executing VM operation: HandshakeAllThreads (Deoptimize)
Event: 12.790 Executing VM operation: HandshakeAllThreads (Deoptimize) done
Event: 13.325 Executing VM operation: ICBufferFull
Event: 13.325 Executing VM operation: ICBufferFull done
Event: 13.389 Executing VM operation: HandshakeAllThreads (Deoptimize)
Event: 13.389 Executing VM operation: HandshakeAllThreads (Deoptimize) done
Event: 13.468 Executing VM operation: G1CollectForAllocation (G1 Evacuation Pause)
Event: 13.484 Executing VM operation: G1CollectForAllocation (G1 Evacuation Pause) done
Event: 13.632 Executing VM operation: HandshakeAllThreads (Deoptimize)
Event: 13.632 Executing VM operation: HandshakeAllThreads (Deoptimize) done
Event: 13.642 Executing VM operation: HandshakeAllThreads (Deoptimize)
Event: 13.642 Executing VM operation: HandshakeAllThreads (Deoptimize) done
Event: 14.045 Executing VM operation: G1CollectForAllocation (G1 Evacuation Pause)
Event: 14.056 Executing VM operation: G1CollectForAllocation (G1 Evacuation Pause) done
Event: 14.207 Executing VM operation: G1PauseRemark
Event: 14.214 Executing VM operation: G1PauseRemark done
Event: 14.270 Executing VM operation: G1PauseCleanup
Event: 14.270 Executing VM operation: G1PauseCleanup done
Event: 14.482 Executing VM operation: Exit

Events (20 events):
Event: 14.214 Thread 0x000002a93ac9f980 flushing nmethod 0x000002a92e3cf610
Event: 14.214 Thread 0x000002a93ac9f980 flushing nmethod 0x000002a92e3d3290
Event: 14.242 Thread 0x000002a90207d4f0 Thread added: 0x000002a90207d4f0
Event: 14.462 Thread 0x000002a901febec0 Thread exited: 0x000002a901febec0
Event: 14.473 Thread 0x000002a901a047c0 Thread added: 0x000002a901a047c0
Event: 14.473 Thread 0x000002a901a054e0 Thread added: 0x000002a901a054e0
Event: 14.473 Thread 0x000002a901a03410 Thread added: 0x000002a901a03410
Event: 14.474 Thread 0x000002a901a03aa0 Thread added: 0x000002a901a03aa0
Event: 14.474 Thread 0x000002a901a04e50 Thread added: 0x000002a901a04e50
Event: 14.474 Thread 0x000002a901a04130 Thread added: 0x000002a901a04130
Event: 14.474 Thread 0x000002a901a05b70 Thread added: 0x000002a901a05b70
Event: 14.474 Thread 0x000002a901a06200 Thread added: 0x000002a901a06200
Event: 14.474 Thread 0x000002a901a054e0 Thread exited: 0x000002a901a054e0
Event: 14.474 Thread 0x000002a901a03aa0 Thread exited: 0x000002a901a03aa0
Event: 14.475 Thread 0x000002a901a03410 Thread exited: 0x000002a901a03410
Event: 14.476 Thread 0x000002a901a04130 Thread exited: 0x000002a901a04130
Event: 14.478 Thread 0x000002a901a05b70 Thread exited: 0x000002a901a05b70
Event: 14.480 Thread 0x000002a901a04e50 Thread exited: 0x000002a901a04e50
Event: 14.481 Thread 0x000002a901a06200 Thread exited: 0x000002a901a06200
Event: 14.482 Thread 0x000002a901a047c0 Thread exited: 0x000002a901a047c0


Dynamic libraries:
0x00007ff7cc770000 - 0x00007ff7cc780000 	C:\Program Files\Java\jdk-21\bin\java.exe
0x00007ffafd750000 - 0x00007ffafd948000 	C:\Windows\SYSTEM32\ntdll.dll
0x00007ffafb990000 - 0x00007ffafba52000 	C:\Windows\System32\KERNEL32.DLL
0x00007ffafb030000 - 0x00007ffafb326000 	C:\Windows\System32\KERNELBASE.dll
0x00007ffafb3d0000 - 0x00007ffafb4d0000 	C:\Windows\System32\ucrtbase.dll
0x00007ffae3d00000 - 0x00007ffae3d1b000 	C:\Program Files\Java\jdk-21\bin\VCRUNTIME140.dll
0x00007ffae4770000 - 0x00007ffae4789000 	C:\Program Files\Java\jdk-21\bin\jli.dll
0x00007ffafb8d0000 - 0x00007ffafb981000 	C:\Windows\System32\ADVAPI32.dll
0x00007ffafb7a0000 - 0x00007ffafb83e000 	C:\Windows\System32\msvcrt.dll
0x00007ffafba60000 - 0x00007ffafbaff000 	C:\Windows\System32\sechost.dll
0x00007ffafc370000 - 0x00007ffafc490000 	C:\Windows\System32\RPCRT4.dll
0x00007ffafb000000 - 0x00007ffafb027000 	C:\Windows\System32\bcrypt.dll
0x00007ffafbc40000 - 0x00007ffafbde1000 	C:\Windows\System32\USER32.dll
0x00007ffafade0000 - 0x00007ffafae02000 	C:\Windows\System32\win32u.dll
0x00007ffae4ae0000 - 0x00007ffae4d7b000 	C:\Windows\WinSxS\amd64_microsoft.windows.common-controls_6595b64144ccf1df_6.0.19041.6456_none_60b8a6cb71f64256\COMCTL32.dll
0x00007ffafcdd0000 - 0x00007ffafcdfb000 	C:\Windows\System32\GDI32.dll
0x00007ffafae10000 - 0x00007ffafaf29000 	C:\Windows\System32\gdi32full.dll
0x00007ffafb330000 - 0x00007ffafb3cd000 	C:\Windows\System32\msvcp_win.dll
0x00007ffaf1a40000 - 0x00007ffaf1a4a000 	C:\Windows\SYSTEM32\VERSION.dll
0x00007ffafb770000 - 0x00007ffafb79f000 	C:\Windows\System32\IMM32.DLL
0x00007ffae3fa0000 - 0x00007ffae3fac000 	C:\Program Files\Java\jdk-21\bin\vcruntime140_1.dll
0x00007ffac30b0000 - 0x00007ffac313e000 	C:\Program Files\Java\jdk-21\bin\msvcp140.dll
0x00007ffaa66f0000 - 0x00007ffaa7405000 	C:\Program Files\Java\jdk-21\bin\server\jvm.dll
0x00007ffafbdf0000 - 0x00007ffafbe5b000 	C:\Windows\System32\WS2_32.dll
0x00007ffafa7d0000 - 0x00007ffafa81b000 	C:\Windows\SYSTEM32\POWRPROF.dll
0x00007ffaded10000 - 0x00007ffaded37000 	C:\Windows\SYSTEM32\WINMM.dll
0x00007ffafa7b0000 - 0x00007ffafa7c2000 	C:\Windows\SYSTEM32\UMPDC.dll
0x00007ffaf95b0000 - 0x00007ffaf95c2000 	C:\Windows\SYSTEM32\kernel.appcore.dll
0x00007ffae3c00000 - 0x00007ffae3c0a000 	C:\Program Files\Java\jdk-21\bin\jimage.dll
0x00007ffaf92f0000 - 0x00007ffaf94f1000 	C:\Windows\SYSTEM32\DBGHELP.DLL
0x00007ffadc840000 - 0x00007ffadc874000 	C:\Windows\SYSTEM32\dbgcore.DLL
0x00007ffafb6e0000 - 0x00007ffafb762000 	C:\Windows\System32\bcryptPrimitives.dll
0x00007ffaded40000 - 0x00007ffaded5f000 	C:\Program Files\Java\jdk-21\bin\java.dll
0x00007ffafce00000 - 0x00007ffafd570000 	C:\Windows\System32\SHELL32.dll
0x00007ffaf8a80000 - 0x00007ffaf9225000 	C:\Windows\SYSTEM32\windows.storage.dll
0x00007ffafbe60000 - 0x00007ffafc1b4000 	C:\Windows\System32\combase.dll
0x00007ffafa6c0000 - 0x00007ffafa6eb000 	C:\Windows\SYSTEM32\Wldp.dll
0x00007ffafc7d0000 - 0x00007ffafc89d000 	C:\Windows\System32\OLEAUT32.dll
0x00007ffafd650000 - 0x00007ffafd6fd000 	C:\Windows\System32\SHCORE.dll
0x00007ffafcd70000 - 0x00007ffafcdcb000 	C:\Windows\System32\shlwapi.dll
0x00007ffafad10000 - 0x00007ffafad34000 	C:\Windows\SYSTEM32\profapi.dll
0x00007ffaa6610000 - 0x00007ffaa66e7000 	C:\Program Files\Java\jdk-21\bin\jsvml.dll
0x00007ffae3bf0000 - 0x00007ffae3c00000 	C:\Program Files\Java\jdk-21\bin\net.dll
0x00007ffaf7990000 - 0x00007ffaf7a9a000 	C:\Windows\SYSTEM32\WINHTTP.dll
0x00007ffafa430000 - 0x00007ffafa49a000 	C:\Windows\system32\mswsock.dll
0x00007ffadeb70000 - 0x00007ffadeb86000 	C:\Program Files\Java\jdk-21\bin\nio.dll
0x00007ffadb230000 - 0x00007ffadb248000 	C:\Program Files\Java\jdk-21\bin\zip.dll
0x00007ffae6ac0000 - 0x00007ffae6aca000 	C:\Program Files\Java\jdk-21\bin\management.dll
0x00007ffadaf20000 - 0x00007ffadaf2b000 	C:\Program Files\Java\jdk-21\bin\management_ext.dll
0x00007ffafbb00000 - 0x00007ffafbb08000 	C:\Windows\System32\PSAPI.DLL
0x00007ffaf6830000 - 0x00007ffaf6847000 	C:\Windows\system32\napinsp.dll
0x00007ffae6070000 - 0x00007ffae608b000 	C:\Windows\system32\pnrpnsp.dll
0x00007ffad61b0000 - 0x00007ffad61cd000 	C:\Windows\system32\wshbth.dll
0x00007ffaf7ab0000 - 0x00007ffaf7acd000 	C:\Windows\system32\NLAapi.dll
0x00007ffafa130000 - 0x00007ffafa16b000 	C:\Windows\SYSTEM32\IPHLPAPI.DLL
0x00007ffafa170000 - 0x00007ffafa23a000 	C:\Windows\SYSTEM32\DNSAPI.dll
0x00007ffafd700000 - 0x00007ffafd708000 	C:\Windows\System32\NSI.dll
0x00007ffae4db0000 - 0x00007ffae4dc2000 	C:\Windows\System32\winrnr.dll
0x0000000061690000 - 0x00000000616b6000 	C:\Program Files\Bonjour\mdnsNSP.dll
0x00007ffaf7860000 - 0x00007ffaf786a000 	C:\Windows\System32\rasadhlp.dll
0x00007ffaf7260000 - 0x00007ffaf72e0000 	C:\Windows\System32\fwpuclnt.dll
0x00007ffadc5e0000 - 0x00007ffadc5f0000 	C:\Program Files\Java\jdk-21\bin\verify.dll
0x00007ffafa700000 - 0x00007ffafa718000 	C:\Windows\SYSTEM32\CRYPTSP.dll
0x00007ffaf9d70000 - 0x00007ffaf9da8000 	C:\Windows\system32\rsaenh.dll
0x00007ffafacd0000 - 0x00007ffafacfe000 	C:\Windows\SYSTEM32\USERENV.dll
0x00007ffafa5c0000 - 0x00007ffafa5cc000 	C:\Windows\SYSTEM32\CRYPTBASE.dll
0x00007ffadf750000 - 0x00007ffadf799000 	C:\Users\ADMIN\AppData\Local\Temp\jna-62130991\jna10067385317430960325.dll
0x00007ffafc220000 - 0x00007ffafc34b000 	C:\Windows\System32\Ole32.dll
0x00007ffafc720000 - 0x00007ffafc7c9000 	C:\Windows\System32\clbcatq.dll
0x00007ffad51f0000 - 0x00007ffad5241000 	C:\Windows\SYSTEM32\Pdh.dll
0x00007ffaf6250000 - 0x00007ffaf625f000 	C:\Windows\System32\perfos.dll
0x00007ffadf180000 - 0x00007ffadf1fb000 	C:\Users\ADMIN\AppData\Local\Temp\lwjgl_ADMIN\3.3.3-snapshot\x64\lwjgl.dll
0x00007ffadef10000 - 0x00007ffadf180000 	C:\Users\ADMIN\AppData\Local\Temp\lwjgl_ADMIN\3.3.3-snapshot\x64\jemalloc.dll
0x00007ffadb2f0000 - 0x00007ffadb2fe000 	C:\Program Files\Java\jdk-21\bin\sunmscapi.dll
0x00007ffafb580000 - 0x00007ffafb6dd000 	C:\Windows\System32\CRYPT32.dll
0x00007ffafa880000 - 0x00007ffafa8a7000 	C:\Windows\SYSTEM32\ncrypt.dll
0x00007ffafa840000 - 0x00007ffafa87b000 	C:\Windows\SYSTEM32\NTASN1.dll
0x00007ffadb310000 - 0x00007ffadb317000 	C:\Program Files\Java\jdk-21\bin\extnet.dll
0x00007ffacae30000 - 0x00007ffacafbf000 	C:\Program Files\Java\jdk-21\bin\awt.dll
0x00007ffaf7590000 - 0x00007ffaf7624000 	C:\Windows\SYSTEM32\apphelp.dll
0x0000000069ac0000 - 0x0000000069ae4000 	C:\Users\ADMIN\AppData\Local\Temp\jansi-2.4.0-af03d34068a0b528-jansi.dll
0x00007ffadee80000 - 0x00007ffadef02000 	C:\Users\ADMIN\AppData\Local\Temp\lwjgl_ADMIN\3.3.3-snapshot\x64\glfw.dll
0x00007ffadee30000 - 0x00007ffadee75000 	C:\Windows\SYSTEM32\dinput8.dll
0x00007ffaf6230000 - 0x00007ffaf6241000 	C:\Windows\SYSTEM32\xinput1_4.dll
0x00007ffafafb0000 - 0x00007ffafaffe000 	C:\Windows\System32\cfgmgr32.dll
0x00007ffafab70000 - 0x00007ffafaba3000 	C:\Windows\SYSTEM32\DEVOBJ.dll
0x00007ffaf0350000 - 0x00007ffaf04a2000 	C:\Windows\SYSTEM32\inputhost.dll
0x00007ffaf7870000 - 0x00007ffaf7964000 	C:\Windows\SYSTEM32\PROPSYS.dll
0x00007ffaf6090000 - 0x00007ffaf61e7000 	C:\Windows\SYSTEM32\wintypes.dll
0x00007ffaf5510000 - 0x00007ffaf5602000 	C:\Windows\SYSTEM32\CoreMessaging.dll
0x00007ffaf4220000 - 0x00007ffaf457b000 	C:\Windows\SYSTEM32\CoreUIComponents.dll
0x00007ffaf9fc0000 - 0x00007ffaf9ff3000 	C:\Windows\SYSTEM32\ntmarta.dll
0x00007ffaf8770000 - 0x00007ffaf879e000 	C:\Windows\SYSTEM32\dwmapi.dll
0x00007ffaf8370000 - 0x00007ffaf840e000 	C:\Windows\system32\uxtheme.dll
0x00007ffafbb10000 - 0x00007ffafbc25000 	C:\Windows\System32\MSCTF.dll
0x00007ffacb220000 - 0x00007ffacb348000 	C:\Windows\SYSTEM32\opengl32.dll
0x00007ffae4f40000 - 0x00007ffae4f6c000 	C:\Windows\SYSTEM32\GLU32.dll
0x00007ffac9e20000 - 0x00007ffacae27000 	C:\Windows\System32\DriverStore\FileRepository\iigd_dch.inf_amd64_044fd6f0c2ae28a8\ig12icd64.dll
0x00007ffaf9620000 - 0x00007ffaf9716000 	C:\Windows\system32\dxgi.dll
0x00007ffac9a20000 - 0x00007ffac9e19000 	C:\Windows\System32\DriverStore\FileRepository\iigd_dch.inf_amd64_044fd6f0c2ae28a8\igdml64.dll
0x00007ffaed720000 - 0x00007ffaed9e4000 	C:\Windows\System32\DriverStore\FileRepository\iigd_dch.inf_amd64_044fd6f0c2ae28a8\igdgmm64.dll
0x00007ffaeaa90000 - 0x00007ffaed624000 	C:\Windows\System32\DriverStore\FileRepository\iigd_dch.inf_amd64_044fd6f0c2ae28a8\igc64.dll
0x00007ffaf04b0000 - 0x00007ffaf05a9000 	C:\Windows\SYSTEM32\textinputframework.dll
0x00007ffadedd0000 - 0x00007ffadee2e000 	C:\Users\ADMIN\AppData\Local\Temp\lwjgl_ADMIN\3.3.3-snapshot\x64\lwjgl_opengl.dll
0x00007ffad3200000 - 0x00007ffad3282000 	C:\Users\ADMIN\AppData\Local\Temp\lwjgl_ADMIN\3.3.3-snapshot\x64\lwjgl_stb.dll
0x00007ffaf7b10000 - 0x00007ffaf7bbe000 	C:\Windows\SYSTEM32\mscms.dll
0x00007ffaf7970000 - 0x00007ffaf7981000 	C:\Windows\SYSTEM32\ColorAdapterClient.dll
0x00007ffad7350000 - 0x00007ffad7395000 	C:\Windows\SYSTEM32\icm32.dll
0x00007ffac9850000 - 0x00007ffac9a17000 	C:\Users\ADMIN\AppData\Local\Temp\lwjgl_ADMIN\3.3.3-snapshot\x64\OpenAL.dll
0x00007ffaf2ef0000 - 0x00007ffaf2f75000 	C:\Windows\System32\MMDevApi.dll
0x00007ffac37f0000 - 0x00007ffac397d000 	C:\Windows\System32\Speech\Common\sapi.dll
0x00007ffafaf30000 - 0x00007ffafafa3000 	C:\Windows\System32\WINTRUST.dll
0x00007ffaf1730000 - 0x00007ffaf173b000 	C:\Windows\SYSTEM32\msdmo.dll
0x00007ffae5af0000 - 0x00007ffae5b0e000 	C:\Windows\SYSTEM32\MSACM32.dll
0x00007ffadf820000 - 0x00007ffadf846000 	C:\Windows\SYSTEM32\winmmbase.dll
0x00007ffafa9a0000 - 0x00007ffafa9b2000 	C:\Windows\System32\MSASN1.dll
0x00007ffae42b0000 - 0x00007ffae42c1000 	C:\Windows\system32\wbem\wbemprox.dll
0x00007ffae6130000 - 0x00007ffae61c0000 	C:\Windows\SYSTEM32\wbemcomn.dll
0x00007ffae0480000 - 0x00007ffae0494000 	C:\Windows\system32\wbem\wbemsvc.dll
0x00007ffae04a0000 - 0x00007ffae05ac000 	C:\Windows\system32\wbem\fastprox.dll

dbghelp: loaded successfully - version: 4.0.5 - missing functions: none
symbol engine: initialized successfully - sym options: 0x614 - pdb path: .;C:\Program Files\Java\jdk-21\bin;C:\Windows\SYSTEM32;C:\Windows\WinSxS\amd64_microsoft.windows.common-controls_6595b64144ccf1df_6.0.19041.6456_none_60b8a6cb71f64256;C:\Program Files\Java\jdk-21\bin\server;C:\Program Files\Bonjour;C:\Users\ADMIN\AppData\Local\Temp\jna-62130991;C:\Users\ADMIN\AppData\Local\Temp\lwjgl_ADMIN\3.3.3-snapshot\x64;C:\Users\ADMIN\AppData\Local\Temp;C:\Windows\System32\DriverStore\FileRepository\iigd_dch.inf_amd64_044fd6f0c2ae28a8;C:\Windows\System32\Speech\Common;C:\Windows\system32\wbem

VM Arguments:
jvm_args: -Dfabric.dli.config=C:\Users\ADMIN\Desktop\111\.gradle\loom-cache\launch.cfg -Dfabric.dli.env=client -Dfabric.dli.main=net.fabricmc.loader.impl.launch.knot.KnotClient -Dfile.encoding=UTF-8 -Duser.country=RU -Duser.language=ru -Duser.variant 
java_command: net.fabricmc.devlaunchinjector.Main
java_class_path (initial): C:\Users\ADMIN\Desktop\111\build\classes\java\main;C:\Users\ADMIN\Desktop\111\build\classes\kotlin\main;C:\Users\ADMIN\Desktop\111\build\resources\main;C:\Users\ADMIN\.gradle\caches\fabric-loom\1.21.4\net.fabricmc.yarn.1_21_4.1.21.4+build.8-v2\mappings.jar;C:\Users\ADMIN\.gradle\caches\modules-2\files-2.1\org.jetbrains.kotlin\kotlin-stdlib\2.1.20\aa8ca79cd50578314f6d1180c47cbe14c0fee567\kotlin-stdlib-2.1.20.jar;C:\Users\ADMIN\.gradle\caches\modules-2\files-2.1\org.ow2.asm\asm\9.8\dc19ecb3f7889b7860697215cae99c0f9b6f6b4b\asm-9.8.jar;C:\Users\ADMIN\.gradle\caches\modules-2\files-2.1\org.ow2.asm\asm-analysis\9.8\b9747a320844b6cb1eacd90d8ecfd260a16c01d3\asm-analysis-9.8.jar;C:\Users\ADMIN\.gradle\caches\modules-2\files-2.1\org.ow2.asm\asm-commons\9.8\36e4d212970388e5bd2c5180292012502df461bb\asm-commons-9.8.jar;C:\Users\ADMIN\.gradle\caches\modules-2\files-2.1\org.ow2.asm\asm-tree\9.8\18419ca5b77a2f81097c741e7872e6ab8d2f40d\asm-tree-9.8.jar;C:\Users\ADMIN\.gradle\caches\modules-2\files-2.1\org.ow2.asm\asm-util\9.8\395f1c1f035258511f27bc9b2583d76e4b143f59\asm-util-9.8.jar;C:\Users\ADMIN\.gradle\caches\modules-2\files-2.1\net.fabricmc\sponge-mixin\0.15.5+mixin.0.8.7\22f9eb729e216a091673a574a5906dc1b9027fb3\sponge-mixin-0.15.5+mixin.0.8.7.jar;C:\Users\ADMIN\.gradle\caches\modules-2\files-2.1\io.github.llamalad7\mixinextras-fabric\0.4.1\8d1a9e96afb990367fa1f904d17580d164da72e3\mixinextras-fabric-0.4.1.jar;C:\Users\ADMIN\.gradle\caches\modules-2\files-2.1\net.fabricmc\dev-launch-injector\0.2.1+build.8\da8bef7e6e2f952da707f282bdb46882a0fce5e3\dev-launch-injector-0.2.1+build.8.jar;C:\Users\ADMIN\.gradle\caches\modules-2\files-2.1\net.minecrell\terminalconsoleappender\1.3.0\b562e9bb61235c9520e26282cdee71f8f802d1fc\terminalconsoleappender-1.3.0.jar;C:\Users\ADMIN\.gradle\caches\modules-2\files-2.1\com.fasterxml.jackson.core\jackson-annotations\2.13.4\858c6cc78e1f08a885b1613e1d817c829df70a6e\jackson-annotations-2.13.4.jar;C:\Users\ADMIN\.gradle\caches\modules-2\files-2.1\com.fasterxml.jackson.core\jackson-core\2.13.4\cf934c681294b97ef6d80082faeefbe1edadf56\jackson-core-2.13.4.jar;C:\Users\ADMIN\.gradle\caches\modules-2\files-2.1\com.fasterxml.jackson.core\jackson-databind\2.13.4.2\325c06bdfeb628cfb80ebaaf1a26cc1eb558a585\jackson-databind-2.13.4.2.jar;C:\Users\ADMIN\.gradle\caches\modules-2\files-2.1\com.github.oshi\oshi-core\6.6.5\e1099981fd15dc4236c4499d82aba1276fb43a9a\oshi-core-6.6.5.jar;C:\Users\ADMIN\.gradle\caches\modules-2\files-2.1\com.github.stephenc.jcip\jcip-annotations\1.0-1\ef31541dd28ae2cefdd17c7ebf352d93e9058c63\jcip-annotations-1.0-1.jar;C:\Users\ADMIN\.gradle\caches\modules-2\files-2.1\com.google.code.gson\gson\2.11.0\527175ca6d81050b53bdd4c457a6d6e017626b0e\gson-2.11.0.jar;C:\Users\ADMIN\.gradle\caches\modules-2\files-2.1\com.google.guava\failureaccess\1.0.2\c4a06a64e650562f30b7bf9aaec1bfed43aca12b\failureaccess-1.0.2.jar;C:\Users\ADMIN\.gradle\caches\modules-2\files-2.1\com.google.guava\guava\33.3.1-jre\852f8b363da0111e819460021ca693cacca3e8db\guava-33.3.1-jre.jar;C:\Users\ADMIN\.gradle\caches\modules-2\files-2.1\com.ibm.icu\icu4j\76.1\215f3a8e936d4069344bd75f2b1368fd58112894\icu4j-76.1.jar;C:\Users\ADMIN\.gradle\caches\modules-2\files-2.1\com.microsoft.azure\msal4j\1.17.2\a6211e3d71d0388929babaa0ff0951b30d001852\msal4j-1.17.2.jar;C:\Users\ADMIN\.gradle\caches\modules-2\files-2.1\com.mojang\authlib\6.0.57\bded3161a7346de32213da750388ec6529fe4f6b\authlib-6.0.57.jar;C:\Users\ADMIN\.gradle\caches\modules-2\files-2.1\com.mojang\blocklist\1.0.10\5c685c5ffa94c4cd39496c7184c1d122e515ecef\blocklist-1.0.10.jar;C:\Users\ADMIN\.gradle\caches\modules-2\files-2.1\com.mojang\brigadier\1.3.10\d15b53a14cf20fdcaa98f731af5dda654452c010\brigadier-1.3.10.jar;C:\Users\ADMIN\.gradle\caches\modules-2\files-2.1\com.mojang\datafixerupper\8.0.16\67d4de6d7f95d89bcf5862995fb854ebaec02a34\datafixerupper-8.0.16.jar;C:\Users\ADMIN\.gradle\caches\modules-2\files-2.1\com.mojang\jtracy\1.0.29\6f07dcb6a2e595c7ee2ca43b67e5d1c018ca0770\jtracy-1.0.29.jar;C:\Users\ADMIN\.gradle\caches\modules-2\files-2.1\com.mojang\jtracy\1.0.29\e05332cb31c7ae582dc8d8bd1bffd47c2ff7636f\jtracy-1.0.29-natives-windows.jar;C:\Users\ADMIN\.gradle\caches\modules-2\files-2.1\com.mojang\logging\1.5.10\9ab1202793717af9df9c1704d0a02892067001eb\logging-1.5.10.jar;C:\Users\ADMIN\.gradle\caches\modules-2\files-2.1\com.mojang\patchy\2.2.10\da05971b07cbb379d002cf7eaec6a2048211fefc\patchy-2.2.10.jar;C:\Users\ADMIN\.gradle\caches\modules-2\files-2.1\com.mojang\text2speech\1.17.9\3cad216e3a7f0c19b4b394388bc9ffc446f13b14\text2speech-1.17.9.jar;C:\Users\ADMIN\.gradle\caches\modules-2\files-2.1\com.nimbusds\content-type\2.3\e3aa0be212d7a42839a8f3f506f5b990bcce0222\content-type-2.3.jar;C:\Users\ADMIN\.gradle\caches\modules-2\files-2.1\com.nimbusds\lang-tag\1.7\97c73ecd70bc7e8eefb26c5eea84f251a63f1031\lang-tag-1.7.jar;C:\Users\ADMIN\.gradle\caches\modules-2\files-2.1\com.nimbusds\nimbus-jose-jwt\9.40\42b1dfa0360e4062951b070bac52dd8d96fd7b38\nimbus-jose-jwt-9.40.jar;C:\Users\ADMIN\.gradle\caches\modules-2\files-2.1\com.nimbusds\oauth2-oidc-sdk\11.18\7c7ec4f4066625ff07a711ad856fa04da1ff9de\oauth2-oidc-sdk-11.18.jar;C:\Users\ADMIN\.gradle\caches\modules-2\files-2.1\commons-codec\commons-codec\1.17.1\973638b7149d333563584137ebf13a691bb60579\commons-codec-1.17.1.jar;C:\Users\ADMIN\.gradle\caches\modules-2\files-2.1\commons-io\commons-io\2.17.0\ddcc8433eb019fb48fe25207c0278143f3e1d7e2\commons-io-2.17.0.jar;C:\Users\ADMIN\.gradle\caches\modules-2\files-2.1\commons-logging\commons-logging\1.3.4\b9fc14968d63a8b8a8a2c1885fe3e90564239708\commons-logging-1.3.4.jar;C:\Users\ADMIN\.gradle\caches\modules-2\files-2.1\io.netty\netty-buffer\4.1.115.Final\d5daf1030e5c36d198caf7562da2441a97ec0df6\netty-buffer-4.1.115.Final.jar;C:\Users\ADMIN\.gradle\caches\modules-2\files-2.1\io.netty\netty-codec\4.1.115.Final\d326bf3a4c785b272da3db6941779a1bd5448378\netty-codec-4.1.115.Final.jar;C:\Users\ADMIN\.gradle\caches\modules-2\files-2.1\io.netty\netty-common\4.1.115.Final\9da10a9f72e3f87e181d91b525174007a6fc4f11\netty-common-4.1.115.Final.jar;C:\Users\ADMIN\.gradle\caches\modules-2\files-2.1\io.netty\netty-handler\4.1.115.Final\d54dbf68b9d88a98240107758c6b63da5e46e23a\netty-handler-4.1.115.Final.jar;C:\Users\ADMIN\.gradle\caches\modules-2\files-2.1\io.netty\netty-resolver\4.1.115.Final\e33b4d476c03975957f5d8d0319d592bf2bc5e96\netty-resolver-4.1.115.Final.jar;C:\Users\ADMIN\.gradle\caches\modules-2\files-2.1\io.netty\netty-transport-classes-epoll\4.1.115.Final\11fea00408ecbd8b8d1f0698d708e37db4a01841\netty-transport-classes-epoll-4.1.115.Final.jar;C:\Users\ADMIN\.gradle\caches\modules-2\files-2.1\io.netty\netty-transport-native-unix-common\4.1.115.Final\dc96c67d06cd6b5eb677f2728f27bf2e3d9a7284\netty-transport-native-unix-common-4.1.115.Final.jar;C:\Users\ADMIN\.gradle\caches\modules-2\files-2.1\io.netty\netty-transport\4.1.115.Final\39cef77c1a25908ac1abf4960c2e789f0bf70ff9\netty-transport-4.1.115.Final.jar;C:\Users\ADMIN\.gradle\caches\modules-2\files-2.1\it.unimi.dsi\fastutil\8.5.15\1e885b40c9563ab0d3899b871fd0b30e958705dc\fastutil-8.5.15.jar;C:\Users\ADMIN\.gradle\caches\modules-2\files-2.1\net.java.dev.jna\jna-platform\5.15.0\86b502cad57d45da172b5e3231c537b042e296ef\jna-platform-5.15.0.jar;C:\Users\ADMIN\.gradle\caches\modules-2\files-2.1\net.java.dev.jna\jna\5.15.0\1ee1d80ff44f08280188f7c0e740d57207841ac\jna-5.15.0.jar;C:\Users\ADMIN\.gradle\caches\modules-2\files-2.1\net.minidev\accessors-smart\2.5.1\19b820261eb2e7de7d5bde11d1c06e4501dd7e5f\accessors-smart-2.5.1.jar;C:\Users\ADMIN\.gradle\caches\modules-2\files-2.1\net.minidev\json-smart\2.5.1\4c11d2808d009132dfbbf947ebf37de6bf266c8e\json-smart-2.5.1.jar;C:\Users\ADMIN\.gradle\caches\modules-2\files-2.1\net.sf.jopt-simple\jopt-simple\5.0.4\4fdac2fbe92dfad86aa6e9301736f6b4342a3f5c\jopt-simple-5.0.4.jar;C:\Users\ADMIN\.gradle\caches\modules-2\files-2.1\org.apache.commons\commons-compress\1.27.1\a19151084758e2fbb6b41eddaa88e7b8ff4e6599\commons-compress-1.27.1.jar;C:\Users\ADMIN\.gradle\caches\modules-2\files-2.1\org.apache.commons\commons-lang3\3.17.0\b17d2136f0460dcc0d2016ceefca8723bdf4ee70\commons-lang3-3.17.0.jar;C:\Users\ADMIN\.gradle\caches\modules-2\files-2.1\org.apache.httpcomponents\httpclient\4.5.14\1194890e6f56ec29177673f2f12d0b8e627dec98\httpclient-4.5.14.jar;C:\Users\ADMIN\.gradle\caches\modules-2\files-2.1\org.apache.httpcomponents\httpcore\4.4.16\51cf043c87253c9f58b539c9f7e44c8894223850\httpcore-4.4.16.jar;C:\Users\ADMIN\.gradle\caches\modules-2\files-2.1\org.apache.logging.log4j\log4j-core\2.24.1\c85285146f28d8c8962384f786e2dff04172fb43\log4j-core-2.24.1.jar;C:\Users\ADMIN\.gradle\caches\modules-2\files-2.1\org.apache.logging.log4j\log4j-api\2.24.1\7ebeb12c20606373005af4232cd0ecca72613dda\log4j-api-2.24.1.jar;C:\Users\ADMIN\.gradle\caches\modules-2\files-2.1\org.apache.logging.log4j\log4j-slf4j2-impl\2.24.1\8e3ddc96464ef7f768823e7e001a52b23de8cd0a\log4j-slf4j2-impl-2.24.1.jar;C:\Users\ADMIN\.gradle\caches\modules-2\files-2.1\org.jcraft\jorbis\0.0.17\8872d22b293e8f5d7d56ff92be966e6dc28ebdc6\jorbis-0.0.17.jar;C:\Users\ADMIN\.gradle\caches\modules-2\files-2.1\org.joml\joml\1.10.8\fc0a71dad90a2cf41d82a76156a0e700af8e4f8d\joml-1.10.8.jar;C:\Users\ADMIN\.gradle\caches\modules-2\files-2.1\org.lwjgl\lwjgl-freetype\3.3.3\a0db6c84a8becc8ca05f9dbfa985edc348a824c7\lwjgl-freetype-3.3.3.jar;C:\Users\ADMIN\.gradle\caches\modules-2\files-2.1\org.lwjgl\lwjgl-freetype\3.3.3\81091b006dbb43fab04c8c638e9ac87c51b4096d\lwjgl-freetype-3.3.3-natives-windows.jar;C:\Users\ADMIN\.gradle\caches\modules-2\files-2.1\org.lwjgl\lwjgl-freetype\3.3.3\82028265a0a2ff33523ca75137ada7dc176e5210\lwjgl-freetype-3.3.3-natives-windows-arm64.jar;C:\Users\ADMIN\.gradle\caches\modules-2\files-2.1\org.lwjgl\lwjgl-freetype\3.3.3\15a8c1de7f51d07a92eae7ce1222557073a0c0c3\lwjgl-freetype-3.3.3-natives-windows-x86.jar;C:\Users\ADMIN\.gradle\caches\modules-2\files-2.1\org.lwjgl\lwjgl-glfw\3.3.3\efa1eb78c5ccd840e9f329717109b5e892d72f8e\lwjgl-glfw-3.3.3.jar;C:\Users\ADMIN\.gradle\caches\modules-2\files-2.1\org.lwjgl\lwjgl-glfw\3.3.3\e449e28b4891fc423c54c85fbc5bb0b9efece67a\lwjgl-glfw-3.3.3-natives-windows.jar;C:\Users\ADMIN\.gradle\caches\modules-2\files-2.1\org.lwjgl\lwjgl-glfw\3.3.3\f27018dc74f6289574502b46cce55d52817554e2\lwjgl-glfw-3.3.3-natives-windows-arm64.jar;C:\Users\ADMIN\.gradle\caches\modules-2\files-2.1\org.lwjgl\lwjgl-glfw\3.3.3\32334f3fd5270a59bad9939a93115acb6de36dcf\lwjgl-glfw-3.3.3-natives-windows-x86.jar;C:\Users\ADMIN\.gradle\caches\modules-2\files-2.1\org.lwjgl\lwjgl-jemalloc\3.3.3\b543467b7ff3c6920539a88ee602d34098628be5\lwjgl-jemalloc-3.3.3.jar;C:\Users\ADMIN\.gradle\caches\modules-2\files-2.1\org.lwjgl\lwjgl-jemalloc\3.3.3\426222fc027602a5f21b9c0fe79cde6a4c7a011f\lwjgl-jemalloc-3.3.3-natives-windows.jar;C:\Users\ADMIN\.gradle\caches\modules-2\files-2.1\org.lwjgl\lwjgl-jemalloc\3.3.3\ba1f3fed0ee4be0217eaa41c5bbfb4b9b1383c33\lwjgl-jemalloc-3.3.3-natives-windows-arm64.jar;C:\Users\ADMIN\.gradle\caches\modules-2\files-2.1\org.lwjgl\lwjgl-jemalloc\3.3.3\f6063b6e0f23be483c5c88d84ce51b39dc69126c\lwjgl-jemalloc-3.3.3-natives-windows-x86.jar;C:\Users\ADMIN\.gradle\caches\modules-2\files-2.1\org.lwjgl\lwjgl-openal\3.3.3\daada81ceb5fc0c291fbfdd4433cb8d9423577f2\lwjgl-openal-3.3.3.jar;C:\Users\ADMIN\.gradle\caches\modules-2\files-2.1\org.lwjgl\lwjgl-openal\3.3.3\cf83862ae95d98496b26915024c7e666d8ab1c8f\lwjgl-openal-3.3.3-natives-windows.jar;C:\Users\ADMIN\.gradle\caches\modules-2\files-2.1\org.lwjgl\lwjgl-openal\3.3.3\8e0615235116b9e4160dfe87bec90f5f6378bf72\lwjgl-openal-3.3.3-natives-windows-arm64.jar;C:\Users\ADMIN\.gradle\caches\modules-2\files-2.1\org.lwjgl\lwjgl-openal\3.3.3\87b8d5050e3adb46bb58fe1cb2669a4a48fce10d\lwjgl-openal-3.3.3-natives-windows-x86.jar;C:\Users\ADMIN\.gradle\caches\modules-2\files-2.1\org.lwjgl\lwjgl-opengl\3.3.3\2f6b0147078396a58979125a4c947664e98293a\lwjgl-opengl-3.3.3.jar;C:\Users\ADMIN\.gradle\caches\modules-2\files-2.1\org.lwjgl\lwjgl-opengl\3.3.3\e6c1eec8be8a71951b830a4d69efc01c6531900c\lwjgl-opengl-3.3.3-natives-windows.jar;C:\Users\ADMIN\.gradle\caches\modules-2\files-2.1\org.lwjgl\lwjgl-opengl\3.3.3\65e956d3735a1abdc82eff4baec1b61174697d4b\lwjgl-opengl-3.3.3-natives-windows-arm64.jar;C:\Users\ADMIN\.gradle\caches\modules-2\files-2.1\org.lwjgl\lwjgl-opengl\3.3.3\d32d833dcaa2f355a886eaf21f0408b5f03241d\lwjgl-opengl-3.3.3-natives-windows-x86.jar;C:\Users\ADMIN\.gradle\caches\modules-2\files-2.1\org.lwjgl\lwjgl-stb\3.3.3\25dd6161988d7e65f71d5065c99902402ee32746\lwjgl-stb-3.3.3.jar;C:\Users\ADMIN\.gradle\caches\modules-2\files-2.1\org.lwjgl\lwjgl-stb\3.3.3\1d9facdf6541de114b0f963be33505b7679c78cb\lwjgl-stb-3.3.3-natives-windows.jar;C:\Users\ADMIN\.gradle\caches\modules-2\files-2.1\org.lwjgl\lwjgl-stb\3.3.3\a584ab44de569708871f0a79561f4d8c37487f2c\lwjgl-stb-3.3.3-natives-windows-arm64.jar;C:\Users\ADMIN\.gradle\caches\modules-2\files-2.1\org.lwjgl\lwjgl-stb\3.3.3\b5c874687b9aac1a936501d4ed2c49567fd1b575\lwjgl-stb-3.3.3-natives-windows-x86.jar;C:\Users\ADMIN\.gradle\caches\modules-2\files-2.1\org.lwjgl\lwjgl-tinyfd\3.3.3\82d755ca94b102e9ca77283b9e2dc46d1b15fbe5\lwjgl-tinyfd-3.3.3.jar;C:\Users\ADMIN\.gradle\caches\modules-2\files-2.1\org.lwjgl\lwjgl-tinyfd\3.3.3\a6697981b0449a5087c1d546fc08b4f73e8f98c9\lwjgl-tinyfd-3.3.3-natives-windows.jar;C:\Users\ADMIN\.gradle\caches\modules-2\files-2.1\org.lwjgl\lwjgl-tinyfd\3.3.3\a88c494f3006eb91a7433b12a3a55a9a6c20788b\lwjgl-tinyfd-3.3.3-natives-windows-arm64.jar;C:\Users\ADMIN\.gradle\caches\modules-2\files-2.1\org.lwjgl\lwjgl-tinyfd\3.3.3\c336c84ee88cccb495c6ffa112395509e7378e8a\lwjgl-tinyfd-3.3.3-natives-windows-x86.jar;C:\Users\ADMIN\.gradle\caches\modules-2\files-2.1\org.lwjgl\lwjgl\3.3.3\29589b5f87ed335a6c7e7ee6a5775f81f97ecb84\lwjgl-3.3.3.jar;C:\Users\ADMIN\.gradle\caches\modules-2\files-2.1\org.lwjgl\lwjgl\3.3.3\a5ed18a2b82fc91b81f40d717cb1f64c9dcb0540\lwjgl-3.3.3-natives-windows.jar;C:\Users\ADMIN\.gradle\caches\modules-2\files-2.1\org.lwjgl\lwjgl\3.3.3\e9aca8c5479b520a2a7f0d542a118140e812c5e8\lwjgl-3.3.3-natives-windows-arm64.jar;C:\Users\ADMIN\.gradle\caches\modules-2\files-2.1\org.lwjgl\lwjgl\3.3.3\9e670718e050aeaeea0c2d5b907cffb142f2e58f\lwjgl-3.3.3-natives-windows-x86.jar;C:\Users\ADMIN\.gradle\caches\modules-2\files-2.1\org.lz4\lz4-java\1.8.0\4b986a99445e49ea5fbf5d149c4b63f6ed6c6780\lz4-java-1.8.0.jar;C:\Users\ADMIN\.gradle\caches\modules-2\files-2.1\org.slf4j\slf4j-api\2.0.16\172931663a09a1fa515567af5fbef00897d3c04\slf4j-api-2.0.16.jar;C:\Users\ADMIN\Desktop\111\.gradle\loom-cache\minecraftMaven\net\minecraft\minecraft-merged-09ac898d49\1.21.4-net.fabricmc.yarn.1_21_4.1.21.4+build.8-v2\minecraft-merged-09ac898d49-1.21.4-net.fabricmc.yarn.1_21_4.1.21.4+build.8-v2.jar;C:\Users\ADMIN\.gradle\caches\modules-2\files-2.1\io.netty\netty-transport-native-epoll\4.1.115.Final\a6cc58c4a259bad159cbb06120cea9b3474e86a0\netty-transport-native-epoll-4.1.115.Final-linux-x86_64.jar;C:\Users\ADMIN\.gradle\caches\modules-2\files-2.1\io.netty\netty-transport-native-epoll\4.1.115.Final\a80b32f98ceb4e27958c0ceaf22ddad9ea6c0d4e\netty-transport-native-epoll-4.1.115.Final-linux-aarch_64.jar;C:\Users\ADMIN\.gradle\caches\modules-2\files-2.1\net.fabricmc\fabric-loader\0.16.14\5778d47f536bf2c63ed2abc1a56f5a1c129e34a\fabric-loader-0.16.14.jar;C:\Users\ADMIN\.gradle\caches\modules-2\files-2.1\org.fusesource.jansi\jansi\2.4.0\321c614f85f1dea6bb08c1817c60d53b7f3552fd\jansi-2.4.0.jar;C:\Users\ADMIN\.gradle\caches\modules-2\files-2.1\com.github.JnCrMx\discord-game-sdk4j\v1.0.0\3b926f1efa8a2fdca9e272dbdddefc8dc4bc2785\discord-game-sdk4j-v1.0.0.jar;C:\Users\ADMIN\Desktop\111\.gradle\loom-cache\remapped_mods\net_fabricmc_yarn_1_21_4_1_21_4_build_8_v2\net\fabricmc\fabric-api\fabric-api\0.119.3+1.21.4\fabric-api-0.119.3+1.21.4.jar;C:\Users\ADMIN\Desktop\111\.gradle\loom-cache\remapped_mods\net_fabricmc_yarn_1_21_4_1_21_4_build_8_v2\net\fabricmc\fabric-api\fabric-transfer-api-v1\5.4.9+efa825c904\fabric-transfer-api-v1-5.4.9+efa825c904.jar;C:\Users\ADMIN\Desktop\111\.gradle\loom-cache\remapped_mods\net_fabricmc_yarn_1_21_4_1_21_4_build_8_v2\net\fabricmc\fabric-api\fabric-api-lookup-api-v1\1.6.86+b1caf1e904\fabric-api-lookup-api-v1-1.6.86+b1caf1e904.jar;C:\Users\ADMIN\Desktop\111\.gradle\loom-cache\remapped_mods\net_fabricmc_yarn_1_21_4_1_21_4_build_8_v2\net\fabricmc\fabric-api\fabric-blockrenderlayer-v1\2.0.8+7feeb73304\fabric-blockrenderlayer-v1-2.0.8+7feeb73304.jar;C:\Users\ADMIN\Desktop\111\.gradle\loom-cache\remapped_mods\net_fabricmc_yarn_1_21_4_1_21_4_build_8_v2\net\fabricmc\fabric-api\fabric-client-tags-api-v1\1.1.29+20ea1e2304\fabric-client-tags-api-v1-1.1.29+20ea1e2304.jar;C:\Users\ADMIN\Desktop\111\.gradle\loom-cache\remapped_mods\net_fabricmc_yarn_1_21_4_1_21_4_build_8_v2\net\fabricmc\fabric-api\fabric-command-api-v1\1.2.62+f71b366f04\fabric-command-api-v1-1.2.62+f71b366f04.jar;C:\Users\ADMIN\Desktop\111\.gradle\loom-cache\remapped_mods\net_fabricmc_yarn_1_21_4_1_21_4_build_8_v2\net\fabricmc\fabric-api\fabric-commands-v0\0.2.79+df3654b304\fabric-commands-v0-0.2.79+df3654b304.jar;C:\Users\ADMIN\Desktop\111\.gradle\loom-cache\remapped_mods\net_fabricmc_yarn_1_21_4_1_21_4_build_8_v2\net\fabricmc\fabric-api\fabric-command-api-v2\2.2.41+e496eb1504\fabric-command-api-v2-2.2.41+e496eb1504.jar;C:\Users\ADMIN\Desktop\111\.gradle\loom-cache\remapped_mods\net_fabricmc_yarn_1_21_4_1_21_4_build_8_v2\net\fabricmc\fabric-api\fabric-content-registries-v0\9.1.19+25d1a67604\fabric-content-registries-v0-9.1.19+25d1a67604.jar;C:\Users\ADMIN\Desktop\111\.gradle\loom-cache\remapped_mods\net_fabricmc_yarn_1_21_4_1_21_4_build_8_v2\net\fabricmc\fabric-api\fabric-data-generation-api-v1\22.3.1+0f4e5f5504\fabric-data-generation-api-v1-22.3.1+0f4e5f5504.jar;C:\Users\ADMIN\Desktop\111\.gradle\loom-cache\remapped_mods\net_fabricmc_yarn_1_21_4_1_21_4_build_8_v2\net\fabricmc\fabric-api\fabric-convention-tags-v1\2.1.20+7f945d5b04\fabric-convention-tags-v1-2.1.20+7f945d5b04.jar;C:\Users\ADMIN\Desktop\111\.gradle\loom-cache\remapped_mods\net_fabricmc_yarn_1_21_4_1_21_4_build_8_v2\net\fabricmc\fabric-api\fabric-convention-tags-v2\2.14.1+aebda09404\fabric-convention-tags-v2-2.14.1+aebda09404.jar;C:\Users\ADMIN\Desktop\111\.gradle\loom-cache\remapped_mods\net_fabricmc_yarn_1_21_4_1_21_4_build_8_v2\net\fabricmc\fabric-api\fabric-data-attachment-api-v1\1.6.2+e99da0f704\fabric-data-attachment-api-v1-1.6.2+e99da0f704.jar;C:\Users\ADMIN\Desktop\111\.gradle\loom-cache\remapped_mods\net_fabricmc_yarn_1_21_4_1_21_4_build_8_v2\net\fabricmc\fabric-api\fabric-entity-events-v1\2.0.15+62245bef04\fabric-entity-events-v1-2.0.15+62245bef04.jar;C:\Users\ADMIN\Desktop\111\.gradle\loom-cache\remapped_mods\net_fabricmc_yarn_1_21_4_1_21_4_build_8_v2\net\fabricmc\fabric-api\fabric-events-interaction-v0\4.0.4+a4eebcf004\fabric-events-interaction-v0-4.0.4+a4eebcf004.jar;C:\Users\ADMIN\Desktop\111\.gradle\loom-cache\remapped_mods\net_fabricmc_yarn_1_21_4_1_21_4_build_8_v2\net\fabricmc\fabric-api\fabric-gametest-api-v1\2.0.26+7feeb73304\fabric-gametest-api-v1-2.0.26+7feeb73304.jar;C:\Users\ADMIN\Desktop\111\.gradle\loom-cache\remapped_mods\net_fabricmc_yarn_1_21_4_1_21_4_build_8_v2\net\fabricmc\fabric-api\fabric-item-api-v1\11.3.0+ee91fa1f04\fabric-item-api-v1-11.3.0+ee91fa1f04.jar;C:\Users\ADMIN\Desktop\111\.gradle\loom-cache\remapped_mods\net_fabricmc_yarn_1_21_4_1_21_4_build_8_v2\net\fabricmc\fabric-api\fabric-item-group-api-v1\4.2.2+fcb9601404\fabric-item-group-api-v1-4.2.2+fcb9601404.jar;C:\Users\ADMIN\Desktop\111\.gradle\loom-cache\remapped_mods\net_fabricmc_yarn_1_21_4_1_21_4_build_8_v2\net\fabricmc\fabric-api\fabric-lifecycle-events-v1\2.5.4+bf2a60eb04\fabric-lifecycle-events-v1-2.5.4+bf2a60eb04.jar;C:\Users\ADMIN\Desktop\111\.gradle\loom-cache\remapped_mods\net_fabricmc_yarn_1_21_4_1_21_4_build_8_v2\net\fabricmc\fabric-api\fabric-loot-api-v2\3.0.38+3f89f5a504\fabric-loot-api-v2-3.0.38+3f89f5a504.jar;C:\Users\ADMIN\Desktop\111\.gradle\loom-cache\remapped_mods\net_fabricmc_yarn_1_21_4_1_21_4_build_8_v2\net\fabricmc\fabric-api\fabric-loot-api-v3\1.0.26+203e6b2304\fabric-loot-api-v3-1.0.26+203e6b2304.jar;C:\Users\ADMIN\Desktop\111\.gradle\loom-cache\remapped_mods\net_fabricmc_yarn_1_21_4_1_21_4_build_8_v2\net\fabricmc\fabric-api\fabric-message-api-v1\6.0.26+238a33c004\fabric-message-api-v1-6.0.26+238a33c004.jar;C:\Users\ADMIN\Desktop\111\.gradle\loom-cache\remapped_mods\net_fabricmc_yarn_1_21_4_1_21_4_build_8_v2\net\fabricmc\fabric-api\fabric-model-loading-api-v1\4.3.0+ae23723504\fabric-model-loading-api-v1-4.3.0+ae23723504.jar;C:\Users\ADMIN\Desktop\111\.gradle\loom-cache\remapped_mods\net_fabricmc_yarn_1_21_4_1_21_4_build_8_v2\net\fabricmc\fabric-api\fabric-recipe-api-v1\8.1.1+640e77ae04\fabric-recipe-api-v1-8.1.1+640e77ae04.jar;C:\Users\ADMIN\Desktop\111\.gradle\loom-cache\remapped_mods\net_fabricmc_yarn_1_21_4_1_21_4_build_8_v2\net\fabricmc\fabric-api\fabric-screen-handler-api-v1\1.3.118+7feeb73304\fabric-screen-handler-api-v1-1.3.118+7feeb73304.jar;C:\Users\ADMIN\Desktop\111\.gradle\loom-cache\remapped_mods\net_fabricmc_yarn_1_21_4_1_21_4_build_8_v2\net\fabricmc\fabric-api\fabric-registry-sync-v0\6.1.11+4a9c1ece04\fabric-registry-sync-v0-6.1.11+4a9c1ece04.jar;C:\Users\ADMIN\Desktop\111\.gradle\loom-cache\remapped_mods\net_fabricmc_yarn_1_21_4_1_21_4_build_8_v2\net\fabricmc\fabric-api\fabric-networking-api-v1\4.4.0+db5e668204\fabric-networking-api-v1-4.4.0+db5e668204.jar;C:\Users\ADMIN\Desktop\111\.gradle\loom-cache\remapped_mods\net_fabricmc_yarn_1_21_4_1_21_4_build_8_v2\net\fabricmc\fabric-api\fabric-object-builder-api-v1\18.0.14+38b0d59804\fabric-object-builder-api-v1-18.0.14+38b0d59804.jar;C:\Users\ADMIN\Desktop\111\.gradle\loom-cache\remapped_mods\net_fabricmc_yarn_1_21_4_1_21_4_build_8_v2\net\fabricmc\fabric-api\fabric-particles-v1\4.0.14+7feeb73304\fabric-particles-v1-4.0.14+7feeb73304.jar;C:\Users\ADMIN\Desktop\111\.gradle\loom-cache\remapped_mods\net_fabricmc_yarn_1_21_4_1_21_4_build_8_v2\net\fabricmc\fabric-api\fabric-renderer-indigo\2.0.3+50f0feb204\fabric-renderer-indigo-2.0.3+50f0feb204.jar;C:\Users\ADMIN\Desktop\111\.gradle\loom-cache\remapped_mods\net_fabricmc_yarn_1_21_4_1_21_4_build_8_v2\net\fabricmc\fabric-api\fabric-renderer-api-v1\5.0.3+50f0feb204\fabric-renderer-api-v1-5.0.3+50f0feb204.jar;C:\Users\ADMIN\Desktop\111\.gradle\loom-cache\remapped_mods\net_fabricmc_yarn_1_21_4_1_21_4_build_8_v2\net\fabricmc\fabric-api\fabric-rendering-fluids-v1\3.1.19+7feeb73304\fabric-rendering-fluids-v1-3.1.19+7feeb73304.jar;C:\Users\ADMIN\Desktop\111\.gradle\loom-cache\remapped_mods\net_fabricmc_yarn_1_21_4_1_21_4_build_8_v2\net\fabricmc\fabric-api\fabric-rendering-v1\10.2.1+0d31b09f04\fabric-rendering-v1-10.2.1+0d31b09f04.jar;C:\Users\ADMIN\Desktop\111\.gradle\loom-cache\remapped_mods\net_fabricmc_yarn_1_21_4_1_21_4_build_8_v2\net\fabricmc\fabric-api\fabric-tag-api-v1\1.0.7+7d48d43904\fabric-tag-api-v1-1.0.7+7d48d43904.jar;C:\Users\ADMIN\Desktop\111\.gradle\loom-cache\remapped_mods\net_fabricmc_yarn_1_21_4_1_21_4_build_8_v2\net\fabricmc\fabric-api\fabric-resource-loader-v0\3.1.1+360374ac04\fabric-resource-loader-v0-3.1.1+360374ac04.jar;C:\Users\ADMIN\Desktop\111\.gradle\loom-cache\remapped_mods\net_fabricmc_yarn_1_21_4_1_21_4_build_8_v2\net\fabricmc\fabric-api\fabric-screen-api-v1\2.0.38+7feeb73304\fabric-screen-api-v1-2.0.38+7feeb73304.jar;C:\Users\ADMIN\Desktop\111\.gradle\loom-cache\remapped_mods\net_fabricmc_yarn_1_21_4_1_21_4_build_8_v2\net\fabricmc\fabric-api\fabric-api-base\0.4.54+b47eab6b04\fabric-api-base-0.4.54+b47eab6b04.jar;C:\Users\ADMIN\Desktop\111\.gradle\loom-cache\remapped_mods\net_fabricmc_yarn_1_21_4_1_21_4_build_8_v2\net\fabricmc\fabric-api\fabric-biome-api-v1\15.0.6+b1c29d8e04\fabric-biome-api-v1-15.0.6+b1c29d8e04.jar;C:\Users\ADMIN\Desktop\111\.gradle\loom-cache\remapped_mods\net_fabricmc_yarn_1_21_4_1_21_4_build_8_v2\net\fabricmc\fabric-api\fabric-block-api-v1\1.0.31+7feeb73304\fabric-block-api-v1-1.0.31+7feeb73304.jar;C:\Users\ADMIN\Desktop\111\.gradle\loom-cache\remapped_mods\net_fabricmc_yarn_1_21_4_1_21_4_build_8_v2\net\fabricmc\fabric-api\fabric-rendering-data-attachment-v1\0.3.58+73761d2e04\fabric-rendering-data-attachment-v1-0.3.58+73761d2e04.jar;C:\Users\ADMIN\Desktop\111\.gradle\loom-cache\remapped_mods\net_fabricmc_yarn_1_21_4_1_21_4_build_8_v2\net\fabricmc\fabric-api\fabric-block-view-api-v2\1.0.20+9c49cc8c04\fabric-block-view-api-v2-1.0.20+9c49cc8c04.jar;C:\Users\ADMIN\Desktop\111\.gradle\loom-cache\remapped_mods\net_fabricmc_yarn_1_21_4_1_21_4_build_8_v2\net\fabricmc\fabric-api\fabric-client-gametest-api-v1\4.1.1+6816ccd404\fabric-client-gametest-api-v1-4.1.1+6816ccd404.jar;C:\Users\ADMIN\Desktop\111\.gradle\loom-cache\remapped_mods\net_fabricmc_yarn_1_21_4_1_21_4_build_8_v2\net\fabricmc\fabric-api\fabric-crash-report-info-v1\0.3.6+7feeb73304\fabric-crash-report-info-v1-0.3.6+7feeb73304.jar;C:\Users\ADMIN\Desktop\111\.gradle\loom-cache\remapped_mods\net_fabricmc_yarn_1_21_4_1_21_4_build_8_v2\net\fabricmc\fabric-api\fabric-dimensions-v1\4.0.10+7feeb73304\fabric-dimensions-v1-4.0.10+7feeb73304.jar;C:\Users\ADMIN\Desktop\111\.gradle\loom-cache\remapped_mods\net_fabricmc_yarn_1_21_4_1_21_4_build_8_v2\net\fabricmc\fabric-api\fabric-game-rule-api-v1\1.0.63+7d48d43904\fabric-game-rule-api-v1-1.0.63+7d48d43904.jar;C:\Users\ADMIN\Desktop\111\.gradle\loom-cache\remapped_mods\net_fabricmc_yarn_1_21_4_1_21_4_build_8_v2\net\fabricmc\fabric-api\fabric-keybindings-v0\0.2.55+df3654b304\fabric-keybindings-v0-0.2.55+df3654b304.jar;C:\Users\ADMIN\Desktop\111\.gradle\loom-cache\remapped_mods\net_fabricmc_yarn_1_21_4_1_21_4_build_8_v2\net\fabricmc\fabric-api\fabric-key-binding-api-v1\1.0.57+7d48d43904\fabric-key-binding-api-v1-1.0.57+7d48d43904.jar;C:\Users\ADMIN\Desktop\111\.gradle\loom-cache\remapped_mods\net_fabricmc_yarn_1_21_4_1_21_4_build_8_v2\net\fabricmc\fabric-api\fabric-resource-conditions-api-v1\5.0.13+203e6b2304\fabric-resource-conditions-api-v1-5.0.13+203e6b2304.jar;C:\Users\ADMIN\Desktop\111\.gradle\loom-cache\remapped_mods\net_fabricmc_yarn_1_21_4_1_21_4_build_8_v2\net\fabricmc\fabric-api\fabric-sound-api-v1\1.0.32+7feeb73304\fabric-sound-api-v1-1.0.32+7feeb73304.jar;C:\Users\ADMIN\Desktop\111\.gradle\loom-cache\remapped_mods\net_fabricmc_yarn_1_21_4_1_21_4_build_8_v2\net\fabricmc\fabric-api\fabric-transitive-access-wideners-v1\6.3.2+56e78b9b04\fabric-transitive-access-wideners-v1-6.3.2+56e78b9b04.jar;C:\Users\ADMIN\.gradle\caches\modules-2\files-2.1\org.jetbrains\annotations\13.0\919f0dfe192fb4e063e7dacadee7f8bb9a2672a9\annotations-13.0.jar;C:\Users\ADMIN\.gradle\caches\modules-2\files-2.1\org.jline\jline-reader\3.20.0\8f15415b022a25b473e8e16c28ae913186ffb9c4\jline-reader-3.20.0.jar;C:\Users\ADMIN\.gradle\caches\modules-2\files-2.1\org.jline\jline-terminal\3.20.0\d0ddcc708ddf527a3454c941b7b9225cc83a15ff\jline-terminal-3.20.0.jar
Launcher Type: SUN_STANDARD

[Global flags]
     intx CICompilerCount                          = 4                                         {product} {ergonomic}
     uint ConcGCThreads                            = 2                                         {product} {ergonomic}
     uint G1ConcRefinementThreads                  = 8                                         {product} {ergonomic}
   size_t G1HeapRegionSize                         = 1048576                                   {product} {ergonomic}
    uintx GCDrainStackTargetSize                   = 64                                        {product} {ergonomic}
   size_t InitialHeapSize                          = 130023424                                 {product} {ergonomic}
   size_t MarkStackSize                            = 4194304                                   {product} {ergonomic}
   size_t MaxHeapSize                              = 2067791872                                {product} {ergonomic}
   size_t MaxNewSize                               = 1240465408                                {product} {ergonomic}
   size_t MinHeapDeltaBytes                        = 1048576                                   {product} {ergonomic}
   size_t MinHeapSize                              = 8388608                                   {product} {ergonomic}
    uintx NonNMethodCodeHeapSize                   = 5839372                                {pd product} {ergonomic}
    uintx NonProfiledCodeHeapSize                  = 122909434                              {pd product} {ergonomic}
    uintx ProfiledCodeHeapSize                     = 122909434                              {pd product} {ergonomic}
    uintx ReservedCodeCacheSize                    = 251658240                              {pd product} {ergonomic}
     bool SegmentedCodeCache                       = true                                      {product} {ergonomic}
   size_t SoftMaxHeapSize                          = 2067791872                             {manageable} {ergonomic}
     bool UseCompressedOops                        = true                           {product lp64_product} {ergonomic}
     bool UseG1GC                                  = true                                      {product} {ergonomic}
     bool UseLargePagesIndividualAllocation        = false                                  {pd product} {ergonomic}

Logging:
Log output configuration:
 #0: stdout all=off uptime,level,tags foldmultilines=false
 #1: stderr all=off uptime,level,tags foldmultilines=false

Environment Variables:
CLASSPATH=C:\Users\ADMIN\Desktop\111\\gradle\wrapper\gradle-wrapper.jar
PATH=C:\Program Files\Common Files\Oracle\Java\javapath;C:\Program Files (x86)\Common Files\Oracle\Java\javapath;C:\ProgramData\Oracle\Java\javapath;C:\Windows\system32;C:\Windows;C:\Windows\System32\Wbem;C:\Windows\System32\WindowsPowerShell\v1.0\;C:\Windows\System32\OpenSSH\;C:\Program Files\dotnet\;C:\Program Files\Process Lasso\;C:\Users\ADMIN\AppData\Local\Microsoft\WindowsApps;C:\Users\ADMIN\AppData\Local\Python\bin;C:\Users\ADMIN\AppData\Local\Programs\cursor\resources\app\bin
USERNAME=ADMIN
OS=Windows_NT
PROCESSOR_IDENTIFIER=Intel64 Family 6 Model 140 Stepping 1, GenuineIntel
TMP=C:\Users\ADMIN\AppData\Local\Temp
TEMP=C:\Users\ADMIN\AppData\Local\Temp




Periodic native trim disabled

---------------  S Y S T E M  ---------------

OS:
 Windows 10 , 64 bit Build 19041 (10.0.19041.5915)
OS uptime: 0 days 0:53 hours
Hyper-V role detected

CPU: total 8 (initial active 8) (4 cores per cpu, 2 threads per core) family 6 model 140 stepping 1 microcode 0xa4, cx8, cmov, fxsr, ht, mmx, 3dnowpref, sse, sse2, sse3, ssse3, sse4.1, sse4.2, popcnt, lzcnt, tsc, tscinvbit, avx, avx2, aes, erms, clmul, bmi1, bmi2, adx, avx512f, avx512dq, avx512cd, avx512bw, avx512vl, sha, fma, vzeroupper, avx512_vpopcntdq, avx512_vpclmulqdq, avx512_vaes, avx512_vnni, clflush, clflushopt, clwb, avx512_vbmi2, avx512_vbmi, hv, rdtscp, rdpid, fsrm, gfni, avx512_bitalg, f16c, cet_ibt, cet_ss, avx512_ifma
Processor Information for all 8 processors :
  Max Mhz: 2419, Current Mhz: 2419, Mhz Limit: 2419

Memory: 4k page, system-wide physical 7886M (1751M free)
TotalPageFile size 16078M (AvailPageFile size 9026M)
current process WorkingSet (physical memory assigned to process): 761M, peak: 769M
current process commit charge ("private bytes"): 866M, peak: 878M

vm_info: Java HotSpot(TM) 64-Bit Server VM (21.0.1+12-LTS-29) for windows-amd64 JRE (21.0.1+12-LTS-29), built on 2023-10-05T13:27:09Z by "mach5one" with MS VC++ 17.1 (VS2022)

END.
