#
# A fatal error has been detected by the Java Runtime Environment:
#
#  EXCEPTION_ACCESS_VIOLATION (0xc0000005) at pc=0x00007ffab9050d41, pid=9160, tid=8444
#
# JRE version: Java(TM) SE Runtime Environment (21.0.1+12) (build 21.0.1+12-LTS-29)
# Java VM: Java HotSpot(TM) 64-Bit Server VM (21.0.1+12-LTS-29, mixed mode, sharing, tiered, compressed oops, compressed class ptrs, g1 gc, windows-amd64)
# Problematic frame:
# C  [ig12icd64.dll+0x280d41]
#
# No core dump will be written. Minidumps are not enabled by default on client versions of Windows
#
# If you would like to submit a bug report, please visit:
#   https://bugreport.java.com/bugreport/crash.jsp
# The crash happened outside the Java Virtual Machine in native code.
# See problematic frame for where to report the bug.
#

---------------  S U M M A R Y ------------

Command Line: -Dfabric.dli.config=C:\Users\ADMIN\Desktop\111\.gradle\loom-cache\launch.cfg -Dfabric.dli.env=client -Dfabric.dli.main=net.fabricmc.loader.impl.launch.knot.KnotClient -Dfile.encoding=UTF-8 -Duser.country=RU -Duser.language=ru -Duser.variant net.fabricmc.devlaunchinjector.Main

Host: 11th Gen Intel(R) Core(TM) i5-1135G7 @ 2.40GHz, 8 cores, 7G,  Windows 10 , 64 bit Build 19041 (10.0.19041.5915)
Time: Fri Aug 21 18:39:02 2026  Windows 10 , 64 bit Build 19041 (10.0.19041.5915) elapsed time: 144.842773 seconds (0d 0h 2m 24s)

---------------  T H R E A D  ---------------

Current thread (0x0000019491f2bef0):  JavaThread "Render thread"        [_thread_in_native, id=8444, stack(0x00000085a2300000,0x00000085a2400000) (1024K)]

Stack: [0x00000085a2300000,0x00000085a2400000],  sp=0x00000085a23b1480,  free space=709k
Native frames: (J=compiled Java code, j=interpreted, Vv=VM code, C=native code)
C  [ig12icd64.dll+0x280d41]

Java frames: (J=compiled Java code, j=interpreted, Vv=VM code)
J 14994  org.lwjgl.opengl.GL11C.nglDrawElements(IIIJ)V (0 bytes) @ 0x00000194a3aee426 [0x00000194a3aee3c0+0x0000000000000066]
J 21052 c2 net.minecraft.client.render.BufferRenderer.drawWithGlobalProgram(Lnet/minecraft/client/render/BuiltBuffer;)V (22 bytes) @ 0x00000194a415ae7c [0x00000194a415ac40+0x000000000000023c]
J 23299 c2 net.minecraft.client.render.VertexConsumerProvider$Immediate.draw(Lnet/minecraft/client/render/RenderLayer;Lnet/minecraft/client/render/BufferBuilder;)V (70 bytes) @ 0x00000194a39b9af0 [0x00000194a39b97e0+0x0000000000000310]
J 17279 c2 net.minecraft.client.render.VertexConsumerProvider$Immediate.getBuffer(Lnet/minecraft/client/render/RenderLayer;)Lnet/minecraft/client/render/VertexConsumer; (131 bytes) @ 0x00000194a42d7be0 [0x00000194a42d7660+0x0000000000000580]
J 22257 c2 net.minecraft.client.render.entity.LivingEntityRenderer.render(Lnet/minecraft/client/render/entity/state/LivingEntityRenderState;Lnet/minecraft/client/util/math/MatrixStack;Lnet/minecraft/client/render/VertexConsumerProvider;I)V (307 bytes) @ 0x00000194a455224c [0x00000194a4551880+0x00000000000009cc]
J 24541 c2 net.minecraft.client.render.entity.LivingEntityRenderer.render(Lnet/minecraft/client/render/entity/state/EntityRenderState;Lnet/minecraft/client/util/math/MatrixStack;Lnet/minecraft/client/render/VertexConsumerProvider;I)V (13 bytes) @ 0x00000194a4724ccc [0x00000194a4724c40+0x000000000000008c]
J 22204 c2 net.minecraft.client.render.entity.EntityRenderDispatcher.render(Lnet/minecraft/entity/Entity;DDDFLnet/minecraft/client/util/math/MatrixStack;Lnet/minecraft/client/render/VertexConsumerProvider;ILnet/minecraft/client/render/entity/EntityRenderer;)V (428 bytes) @ 0x00000194a4541da8 [0x00000194a45417e0+0x00000000000005c8]
J 22093 c2 net.minecraft.client.render.WorldRenderer.renderEntity(Lnet/minecraft/entity/Entity;DDDFLnet/minecraft/client/util/math/MatrixStack;Lnet/minecraft/client/render/VertexConsumerProvider;)V (87 bytes) @ 0x00000194a451b100 [0x00000194a451abe0+0x0000000000000520]
J 23816 c2 net.minecraft.client.render.WorldRenderer.renderEntities(Lnet/minecraft/client/util/math/MatrixStack;Lnet/minecraft/client/render/VertexConsumerProvider$Immediate;Lnet/minecraft/client/render/Camera;Lnet/minecraft/client/render/RenderTickCounter;Ljava/util/List;)V (225 bytes) @ 0x00000194a464743c [0x00000194a4647180+0x00000000000002bc]
J 23902 c1 net.minecraft.client.render.WorldRenderer.method_62214(Lnet/minecraft/client/render/Fog;Lnet/minecraft/client/render/RenderTickCounter;Lnet/minecraft/client/render/Camera;Lnet/minecraft/util/profiler/Profiler;Lorg/joml/Matrix4f;Lorg/joml/Matrix4f;Lnet/minecraft/client/util/Handle;Lnet/minecraft/client/util/Handle;Lnet/minecraft/client/util/Handle;Lnet/minecraft/client/util/Handle;ZLnet/minecraft/client/render/Frustum;Lnet/minecraft/client/util/Handle;)V (796 bytes) @ 0x000001949dc9d0bc [0x000001949dc99800+0x00000000000038bc]
J 23901 c1 net.minecraft.client.render.WorldRenderer$$Lambda+0x00000194b321f368.run()V (60 bytes) @ 0x000001949c4d8d04 [0x000001949c4d8bc0+0x0000000000000144]
J 24555 c1 net.minecraft.client.render.FrameGraphBuilder.run(Lnet/minecraft/client/util/ObjectAllocator;Lnet/minecraft/client/render/FrameGraphBuilder$Profiler;)V (276 bytes) @ 0x000001949c8c8954 [0x000001949c8c76a0+0x00000000000012b4]
J 23452 c1 net.minecraft.client.render.WorldRenderer.render(Lnet/minecraft/client/util/ObjectAllocator;Lnet/minecraft/client/render/RenderTickCounter;ZLnet/minecraft/client/render/Camera;Lnet/minecraft/client/render/GameRenderer;Lorg/joml/Matrix4f;Lorg/joml/Matrix4f;)V (1084 bytes) @ 0x000001949dc4fd54 [0x000001949dc4a1c0+0x0000000000005b94]
J 22579 c1 net.minecraft.client.render.GameRenderer.renderWorld(Lnet/minecraft/client/render/RenderTickCounter;)V (644 bytes) @ 0x000001949dab8874 [0x000001949dab46e0+0x0000000000004194]
J 24671 c1 net.minecraft.client.render.GameRenderer.render(Lnet/minecraft/client/render/RenderTickCounter;Z)V (950 bytes) @ 0x000001949c9db374 [0x000001949c9d9c20+0x0000000000001754]
J 15988 c1 net.minecraft.client.MinecraftClient.render(Z)V (1051 bytes) @ 0x000001949d267afc [0x000001949d2643e0+0x000000000000371c]
j  net.minecraft.client.MinecraftClient.run()V+102
j  net.minecraft.client.main.Main.main([Ljava/lang/String;)V+1668
j  java.lang.invoke.LambdaForm$DMH+0x00000194b2018800.invokeStaticInit(Ljava/lang/Object;Ljava/lang/Object;)V+10 java.base@21.0.1
j  java.lang.invoke.LambdaForm$MH+0x00000194b2002c00.invokeExact_MT(Ljava/lang/Object;Ljava/lang/Object;Ljava/lang/Object;)V+19 java.base@21.0.1
j  net.fabricmc.loader.impl.game.minecraft.MinecraftGameProvider.launch(Ljava/lang/ClassLoader;)V+74
j  net.fabricmc.loader.impl.launch.knot.Knot.launch([Ljava/lang/String;Lnet/fabricmc/api/EnvType;)V+40
j  net.fabricmc.loader.impl.launch.knot.KnotClient.main([Ljava/lang/String;)V+4
j  java.lang.invoke.LambdaForm$DMH+0x00000194b2002400.invokeStatic(Ljava/lang/Object;Ljava/lang/Object;)V+10 java.base@21.0.1
j  java.lang.invoke.LambdaForm$MH+0x00000194b2002c00.invokeExact_MT(Ljava/lang/Object;Ljava/lang/Object;Ljava/lang/Object;)V+19 java.base@21.0.1
j  net.fabricmc.devlaunchinjector.Main.main([Ljava/lang/String;)V+307
v  ~StubRoutines::call_stub 0x00000194a32d10e7

siginfo: EXCEPTION_ACCESS_VIOLATION (0xc0000005), reading address 0x0000000000000130


Registers:
RAX=0x0000000000000110, RBX=0x00000000000000d0, RCX=0x0000000000000000, RDX=0x00000194f97bf9a0
RSP=0x00000085a23b1480, RBP=0x00000085a23b15b9, RSI=0x00000194f97bf9a0, RDI=0x0000000000000000
R8 =0x0000000000000001, R9 =0xffff800100000000, R10=0x00000000ffffefff, R11=0x00000000ffffe001
R12=0x00000194fe7fd110, R13=0x00000085a23b16d0, R14=0x0000000000000000, R15=0x0000000000000fff
RIP=0x00007ffab9050d41, EFLAGS=0x0000000000010202


Register to memory mapping:

RAX=0x0000000000000110 is an unknown value
RBX=0x00000000000000d0 is an unknown value
RCX=0x0 is null
RDX=0x00000194f97bf9a0 points into unknown readable memory: 0x00007ffafc44db01 | 01 db 44 fc fa 7f 00 00
RSP=0x00000085a23b1480 is pointing into the stack for thread: 0x0000019491f2bef0
RBP=0x00000085a23b15b9 is pointing into the stack for thread: 0x0000019491f2bef0
RSI=0x00000194f97bf9a0 points into unknown readable memory: 0x00007ffafc44db01 | 01 db 44 fc fa 7f 00 00
RDI=0x0 is null
R8 =0x0000000000000001 is an unknown value
R9 =0xffff800100000000 is an unknown value
R10=0x00000000ffffefff is pointing into object: java.lang.String 
{0x00000000ffffefe8} - klass: 'java/lang/String'
 - string: "comp_930"
 - ---- fields (total size 3 words):
 - private 'hash' 'I' @12  -599876826 (0xdc3e9b26)
 - private final 'coder' 'B' @16  0 (0x00)
 - private 'hashIsZero' 'Z' @17  false (0x00)
 - injected 'flags' 'B' @18  0 (0x00)
 - private final 'value' '[B' @20  [B{0x00000000fffff000} (0xfffff000)
R11=0x00000000ffffe001 is pointing into object: [Ljava.util.HashMap$Node; 
{0x00000000ffffdfd8} - klass: 'java/util/HashMap$Node'[]
 - length: 16
R12=0x00000194fe7fd110 points into unknown readable memory: 0x0000000700000000 | 00 00 00 00 07 00 00 00
R13=0x00000085a23b16d0 is pointing into the stack for thread: 0x0000019491f2bef0
R14=0x0 is null
R15=0x0000000000000fff is an unknown value

Top of Stack: (sp=0x00000085a23b1480)
0x00000085a23b1480:   00000194fccb57b0 0000000000000000
0x00000085a23b1490:   0000000000000101 000001951e767800
0x00000085a23b14a0:   0000000000000001 0000000000000000
0x00000085a23b14b0:   000001951ecb4fb0 0000000000000000
0x00000085a23b14c0:   00000194fe7c7d40 00000194f604b240
0x00000085a23b14d0:   00000000ffffe001 00007ffab8e98e07
0x00000085a23b14e0:   0000000000000000 00007ffab8e2e94e
0x00000085a23b14f0:   00000085a23b15b9 00000194f97bf9a0
0x00000085a23b1500:   0000019400000000 00000194fe7fcd88
0x00000085a23b1510:   00000085a23b0000 00000194fe7fd110
0x00000085a23b1520:   00000194fe7fc601 00000194fe808030
0x00000085a23b1530:   0000004161010014 00040000ffff8000
0x00000085a23b1540:   0000000000000041 0000b8020f6c0041
0x00000085a23b1550:   0000b8020f6c0041 ffff800100000041
0x00000085a23b1560:   00080001ffffe001 ffffe00100080001
0x00000085a23b1570:   0000000000000000 0000000000000000
0x00000085a23b1580:   0000000000000000 00000194fe7fc6b0
0x00000085a23b1590:   00000194fe7c7d40 00007ffab8e90153
0x00000085a23b15a0:   00000194fe7c7d40 0000000000000001
0x00000085a23b15b0:   00000194fe7fc660 00000194fe808030
0x00000085a23b15c0:   fa000000e31d7000 0000000000000000
0x00000085a23b15d0:   0000000000000000 0000017ad870706f
0x00000085a23b15e0:   00000194fe7fc660 00000194fe808030
0x00000085a23b15f0:   00000194fe7fd110 00000194f6338270
0x00000085a23b1600:   00000194fe7c7d40 0000000000000001
0x00000085a23b1610:   00000085a23b1720 00007ffab8e9cd53
0x00000085a23b1620:   00000000ff80e187 0000000000000001
0x00000085a23b1630:   00000085a23b1720 0000000000000000
0x00000085a23b1640:   0000019491ef0000 0000019491ef0000
0x00000085a23b1650:   0000000000000000 0000019491ef0000
0x00000085a23b1660:   0000000000000000 0001600000000000
0x00000085a23b1670:   0000400000001000 00007ffaed985a4d 

Instructions: (pc=0x00007ffab9050d41)
0x00007ffab9050c41:   48 01 86 a0 02 00 00 48 8b 4f 08 48 8b 01 ba 01
0x00007ffab9050c51:   00 00 00 48 8b 80 d8 02 00 00 ff 15 97 69 88 00
0x00007ffab9050c61:   0f b7 c8 48 8b 96 90 02 00 00 48 2b d1 48 8d 88
0x00007ffab9050c71:   00 00 01 00 48 03 ca 48 89 8e 90 02 00 00 48 8b
0x00007ffab9050c81:   86 00 03 00 00 48 03 86 a0 02 00 00 48 8b 15 ec
0x00007ffab9050c91:   7a bc 00 48 3b 82 68 07 00 00 0f 87 52 66 73 00
0x00007ffab9050ca1:   48 03 8e 08 03 00 00 48 3b 8a 70 07 00 00 0f 87
0x00007ffab9050cb1:   3e 66 73 00 48 8b cb ff 15 4a 64 88 00 48 8b 5c
0x00007ffab9050cc1:   24 38 48 8b 74 24 40 48 83 c4 20 5f c3 48 8b d7
0x00007ffab9050cd1:   80 bf 6a 05 00 00 00 0f 85 2b 66 73 00 48 8b cb
0x00007ffab9050ce1:   e8 ba c3 ff ff eb d6 41 80 b8 6b 05 00 00 00 0f
0x00007ffab9050cf1:   84 ef fe ff ff 48 8b d7 e8 32 7e ff ff 84 c0 75
0x00007ffab9050d01:   bc e9 de fe ff ff cc cc cc cc cc cc cc cc cc 40
0x00007ffab9050d11:   53 56 57 48 83 ec 40 44 8b 82 d0 01 00 00 48 8d
0x00007ffab9050d21:   99 d0 00 00 00 48 8b f2 48 8b f9 41 83 f8 10 73
0x00007ffab9050d31:   21 41 8b c0 48 c1 e0 06 48 03 c3 48 85 c0 74 70
0x00007ffab9050d41:   48 8b 40 20 48 83 f8 fd 77 66 48 83 c4 40 5f 5e
0x00007ffab9050d51:   5b c3 41 8d 48 f0 8b c1 c1 e8 04 83 f8 03 72 32
0x00007ffab9050d61:   48 8b 83 18 04 00 00 48 85 c0 74 15 0f 1f 00 44
0x00007ffab9050d71:   39 00 0f 84 e6 00 00 00 48 8b 40 48 48 85 c0 75
0x00007ffab9050d81:   ee 80 bb 20 04 00 00 00 74 26 41 8b c0 83 e0 0f
0x00007ffab9050d91:   eb a2 0f ae e8 48 8b 94 c3 00 04 00 00 83 e1 0f
0x00007ffab9050da1:   48 85 d2 74 dc 8b c1 48 c1 e0 06 48 03 c2 eb 8b
0x00007ffab9050db1:   48 8b 97 20 05 00 00 48 85 d2 78 f4 48 8d 4a 01
0x00007ffab9050dc1:   48 8b c2 f0 48 0f b1 8f 20 05 00 00 75 e2 48 89
0x00007ffab9050dd1:   6c 24 70 48 85 d2 0f 85 63 01 00 00 48 8b 87 28
0x00007ffab9050de1:   05 00 00 48 89 44 24 60 48 83 f8 fe 0f 83 cd 00
0x00007ffab9050df1:   00 00 48 83 7c 24 60 ff 0f 84 69 65 73 00 48 83
0x00007ffab9050e01:   7c 24 60 fe 0f 84 5d 65 73 00 48 8b 8f 40 05 00
0x00007ffab9050e11:   00 48 8b 86 00 02 00 00 8b be d0 01 00 00 48 3b
0x00007ffab9050e21:   c8 48 8b 6c 24 70 48 0f 46 c8 48 89 8e 00 02 00
0x00007ffab9050e31:   00 83 ff 10 72 31 8d 4f f0 8b c1 c1 e8 04 83 f8 


Stack slot to memory mapping:

stack at sp + 0 slots: 0x00000194fccb57b0 points into unknown readable memory: 0xffffffffffffffff | ff ff ff ff ff ff ff ff
stack at sp + 1 slots: 0x0 is null
stack at sp + 2 slots: 0x0000000000000101 is an unknown value
stack at sp + 3 slots: 0x000001951e767800 points into unknown readable memory: 0x0000014500000006 | 06 00 00 00 45 01 00 00
stack at sp + 4 slots: 0x0000000000000001 is an unknown value
stack at sp + 5 slots: 0x0 is null
stack at sp + 6 slots: 0x000001951ecb4fb0 points into unknown readable memory: 0x00000194fa374e60 | 60 4e 37 fa 94 01 00 00
stack at sp + 7 slots: 0x0 is null


Compiled method (n/a)  144972 14994     n 0       org.lwjgl.opengl.GL11C::nglDrawElements (native)
 total in heap  [0x00000194a3aee210,0x00000194a3aee5f0] = 992
 relocation     [0x00000194a3aee370,0x00000194a3aee3a8] = 56
 main code      [0x00000194a3aee3c0,0x00000194a3aee5e5] = 549
 stub code      [0x00000194a3aee5e5,0x00000194a3aee5e8] = 3
 oops           [0x00000194a3aee5e8,0x00000194a3aee5f0] = 8

[Constant Pool (empty)]

[MachCode]
[Entry Point]
  # {method} {0x00000194808c2b30} 'nglDrawElements' '(IIIJ)V' in 'org/lwjgl/opengl/GL11C'
  # parm0:    rdx       = int
  # parm1:    r8        = int
  # parm2:    r9        = int
  # parm3:    rdi:rdi   = long
  #           [sp+0x80]  (sp of caller)
  0x00000194a3aee3c0: 448b 5208 | 49bb 0000 | 00b1 9401 | 0000 4d03 | d349 3bc2 | 0f84 0600 

  0x00000194a3aee3d8: ;   {runtime_call ic_miss_stub}
  0x00000194a3aee3d8: 0000 e9a1 | 0583 ff90 
[Verified Entry Point]
  0x00000194a3aee3e0: 8984 2400 | 80ff ff55 | 488b ec48 | 83ec 7090 | 4181 7f20 | 1500 0000 

  0x00000194a3aee3f8: ;   {runtime_call StubRoutines (final stubs)}
  0x00000194a3aee3f8: 7405 e801 | 7e81 ff48 | 897c 2428 | 4c89 4c24 | 204d 8bc8 

  0x00000194a3aee40c: ;   {oop(a 'java/lang/Class'{0x0000000091610ef8} = 'org/lwjgl/opengl/GL11C')}
  0x00000194a3aee40c: 4c8b c249 | bef8 0e61 | 9100 0000 | 004c 8974 | 2460 4c8d | 7424 6049 | 8bd6 c5f8 

  0x00000194a3aee428: ;   {internal_word}
  0x00000194a3aee428: 7749 ba26 | e4ae a394 | 0100 004d | 8997 a003 | 0000 4989 | a798 0300 

  0x00000194a3aee440: ;   {external_word}
  0x00000194a3aee440: 0049 bac9 | 2531 a7fa | 7f00 0041 | 803a 000f | 844e 0000 | 0052 4150 

  0x00000194a3aee458: ;   {metadata({method} {0x00000194808c2b30} 'nglDrawElements' '(IIIJ)V' in 'org/lwjgl/opengl/GL11C')}
  0x00000194a3aee458: 4151 48ba | 282b 8c80 | 9401 0000 | 498b cf48 | 83ec 2040 | f6c4 0f0f | 8419 0000 | 0048 83ec 
  0x00000194a3aee478: ;   {runtime_call}
  0x00000194a3aee478: 0848 b830 | ebe1 a6fa | 7f00 00ff | d048 83c4 | 08e9 0c00 

  0x00000194a3aee48c: ;   {runtime_call}
  0x00000194a3aee48c: 0000 48b8 | 30eb e1a6 | fa7f 0000 | ffd0 4883 | c420 4159 | 4158 5a49 | 8d8f b803 | 0000 41c7 
  0x00000194a3aee4ac: 874c 0400 | 0004 0000 

  0x00000194a3aee4b4: ;   {runtime_call}
  0x00000194a3aee4b4: 0048 b8e0 | c641 defa | 7f00 00ff | d0c5 f877 | 41c7 874c | 0400 0005 | 0000 00f0 | 8344 24c0 
  0x00000194a3aee4d4: 0049 3baf | 5004 0000 | 0f87 0e00 | 0000 4183 | bf48 0400 | 0000 0f84 | 2300 0000 | c5f8 7749 
  0x00000194a3aee4f4: 8bcf 4c8b | e448 83ec | 2048 83e4 

  0x00000194a3aee500: ;   {runtime_call}
  0x00000194a3aee500: f048 b8c0 | bead a6fa | 7f00 00ff | d049 8be4 | 4d33 e441 | c787 4c04 | 0000 0800 | 0000 4183 
  0x00000194a3aee520: bfc8 0400 | 0002 0f84 | 9400 0000 

  0x00000194a3aee52c: ;   {external_word}
  0x00000194a3aee52c: 49ba c925 | 31a7 fa7f | 0000 4180 | 3a00 0f84 | 4400 0000 

  0x00000194a3aee540: ;   {metadata({method} {0x00000194808c2b30} 'nglDrawElements' '(IIIJ)V' in 'org/lwjgl/opengl/GL11C')}
  0x00000194a3aee540: 48ba 282b | 8c80 9401 | 0000 498b | cf48 83ec | 2040 f6c4 | 0f0f 8419 | 0000 0048 

  0x00000194a3aee55c: ;   {runtime_call}
  0x00000194a3aee55c: 83ec 0848 | b830 ebe1 | a6fa 7f00 | 00ff d048 | 83c4 08e9 | 0c00 0000 

  0x00000194a3aee574: ;   {runtime_call}
  0x00000194a3aee574: 48b8 30eb | e1a6 fa7f | 0000 ffd0 | 4883 c420 | 49c7 8798 | 0300 0000 | 0000 0049 | c787 a003 
  0x00000194a3aee594: 0000 0000 | 0000 c5f8 | 7749 8b8f | 2804 0000 | c781 0001 | 0000 0000 | 0000 c949 | 837f 0800 
  0x00000194a3aee5b4: 0f85 0100 

  0x00000194a3aee5b8: ;   {runtime_call StubRoutines (initial stubs)}
  0x00000194a3aee5b8: 0000 c3e9 | 4029 7eff | c5f8 774c | 8be4 4883 | ec20 4883 

  0x00000194a3aee5cc: ;   {runtime_call}
  0x00000194a3aee5cc: e4f0 48b8 | 6023 e2a6 | fa7f 0000 | ffd0 498b | e44d 33e4 | e947 ffff | fff4 f4f4 
[/MachCode]


Compiled method (c2)  144989 21052       4       net.minecraft.client.render.BufferRenderer::drawWithGlobalProgram (22 bytes)
 total in heap  [0x00000194a415a890,0x00000194a415d568] = 11480
 relocation     [0x00000194a415a9f0,0x00000194a415ac30] = 576
 main code      [0x00000194a415ac40,0x00000194a415c0e8] = 5288
 stub code      [0x00000194a415c0e8,0x00000194a415c1d0] = 232
 oops           [0x00000194a415c1d0,0x00000194a415c1f8] = 40
 metadata       [0x00000194a415c1f8,0x00000194a415c468] = 624
 scopes data    [0x00000194a415c468,0x00000194a415ce28] = 2496
 scopes pcs     [0x00000194a415ce28,0x00000194a415d298] = 1136
 dependencies   [0x00000194a415d298,0x00000194a415d2f8] = 96
 handler table  [0x00000194a415d2f8,0x00000194a415d4d8] = 480
 nul chk table  [0x00000194a415d4d8,0x00000194a415d568] = 144

[Constant Pool (empty)]

[MachCode]
[Verified Entry Point]
  # {method} {0x0000019480c54670} 'drawWithGlobalProgram' '(Lnet/minecraft/client/render/BuiltBuffer;)V' in 'net/minecraft/client/render/BufferRenderer'
  # parm0:    rdx:rdx   = 'net/minecraft/client/render/BuiltBuffer'
  #           [sp+0xa0]  (sp of caller)
  0x00000194a415ac40: 8984 2400 | 80ff ff55 | 4881 ec90 | 0000 0090 | 4181 7f20 | 1500 0000 | 0f85 7e14 | 0000 4c8b 
  0x00000194a415ac60: d24d 8b9f | 8003 0000 

  0x00000194a415ac68: ;   {oop(a 'java/lang/Class'{0x000000008e844d38} = 'com/mojang/blaze3d/systems/RenderSystem')}
  0x00000194a415ac68: 498b 3349 | bb38 4d84 | 8e00 0000 | 0041 8b7b | 7c4c 8bdf | 493b f30f | 8523 0c00 | 0048 8bda 
  0x00000194a415ac88: ; implicit exception: dispatches to 0x00000194a415be54
  0x00000194a415ac88: 448b 5a14 

  0x00000194a415ac8c: ; implicit exception: dispatches to 0x00000194a415be68
  0x00000194a415ac8c: 458b 5314 

  0x00000194a415ac90: ; implicit exception: dispatches to 0x00000194a415be7c
  0x00000194a415ac90: 458b 5a20 | 4585 db0f | 8461 0500 

  0x00000194a415ac9c: ;   {oop(a 'java/lang/Class'{0x000000008e844d38} = 'com/mojang/blaze3d/systems/RenderSystem')}
  0x00000194a415ac9c: 0049 ba38 | 4d84 8e00 | 0000 0045 | 0fb6 aae4 | 0000 0049 

  0x00000194a415acb0: ;   {oop(a 'java/lang/Class'{0x00000000911c9720} = 'net/minecraft/client/render/BufferRenderer')}
  0x00000194a415acb0: 8beb 49ba | 2097 1c91 | 0000 0000 | 458b 5270 | 493b ea0f | 84a2 0000 | 0041 807f | 4000 0f85 
  0x00000194a415acd0: 5e04 0000 

  0x00000194a415acd4: ;   {oop(a 'java/lang/Class'{0x00000000911c9720} = 'net/minecraft/client/render/BufferRenderer')}
  0x00000194a415acd4: 49ba 2097 | 1c91 0000 | 0000 4589 | 6270 448b | 5d0c 4585 | ed75 0c4c | 8bd7 493b | f20f 85c0 
  0x00000194a415acf4: 0d00 0041 | 8bd3 4889 | 7424 2848 | 895c 2420 

  0x00000194a415ad04: ;   {static_call}
  0x00000194a415ad04: 6666 90e8 

  0x00000194a415ad08: ; ImmutableOopMap {rbp=Oop [32]=Oop [40]=Oop }
                      ;*invokestatic glBindVertexArray {reexecute=0 rethrow=0 return_oop=0}
                      ; - org.lwjgl.opengl.GL30::glBindVertexArray@1 (line 2283)
                      ; - com.mojang.blaze3d.platform.GlStateManager::_glBindVertexArray@4 (line 298)
                      ; - net.minecraft.client.gl.VertexBuffer::bind@7 (line 128)
                      ; - net.minecraft.client.render.BufferRenderer::bind@8 (line 48)
                      ; - net.minecraft.client.render.BufferRenderer::bind@6 (line 42)
                      ; - net.minecraft.client.render.BufferRenderer::upload@7 (line 35)
                      ; - net.minecraft.client.render.BufferRenderer::drawWithGlobalProgram@4 (line 24)
  0x00000194a415ad08: d423 81ff 

  0x00000194a415ad0c: ;   {other}
  0x00000194a415ad0c: 0f1f 8400 | 7c04 0000 | 4180 7f40 | 000f 8550 | 0400 004c 

  0x00000194a415ad20: ;   {oop(a 'java/lang/Class'{0x00000000911c9720} = 'net/minecraft/client/render/BufferRenderer')}
  0x00000194a415ad20: 8bd5 49bb | 2097 1c91 | 0000 0000 | 4589 5370 

  0x00000194a415ad30: ;   {oop(a 'java/lang/Class'{0x00000000911c9720} = 'net/minecraft/client/render/BufferRenderer')}
  0x00000194a415ad30: 49ba 2097 | 1c91 0000 | 0000 4c8b | dd4d 33da | 49c1 eb14 | 4d85 db74 | 1b49 c1ea | 0949 b800 
  0x00000194a415ad50: a07b ab94 | 0100 004d | 03c2 4180 | 3802 0f85 | 4804 0000 | 488b 5c24 | 20eb 0548 | 8974 2428 
  0x00000194a415ad70: 4889 6c24 | 204c 8bc3 

  0x00000194a415ad78: ;   {optimized virtual_call}
  0x00000194a415ad78: 488b d5e8 

  0x00000194a415ad7c: ; ImmutableOopMap {rbp=Oop [32]=Oop [40]=Oop }
                      ;*invokevirtual upload {reexecute=0 rethrow=0 return_oop=0}
                      ; - net.minecraft.client.render.BufferRenderer::upload@13 (line 36)
                      ; - net.minecraft.client.render.BufferRenderer::drawWithGlobalProgram@4 (line 24)
  0x00000194a415ad7c: 00de 80ff 

  0x00000194a415ad80: ;   {other}
  0x00000194a415ad80: 0f1f 8400 | f004 0001 

  0x00000194a415ad88: ;   {oop(a 'java/lang/Class'{0x000000008e844d38} = 'com/mojang/blaze3d/systems/RenderSystem')}
  0x00000194a415ad88: 49ba 384d | 848e 0000 | 0000 458b | 527c 4d8b | da4c 8b44 | 2428 4d3b | c30f 8521 

  0x00000194a415ada4: ;   {oop(a 'java/lang/Class'{0x000000008e844d38} = 'com/mojang/blaze3d/systems/RenderSystem')}
  0x00000194a415ada4: 0b00 0049 | ba38 4d84 | 8e00 0000 | 0041 8baa | b800 0000 | 85ed 0f84 | 980b 0000 

  0x00000194a415adc0: ;   {oop(a 'java/lang/Class'{0x0000000087753670} = 'net/minecraft/client/MinecraftClient')}
  0x00000194a415adc0: 49ba 7036 | 7587 0000 | 0000 458b | 5a70 458b | 9394 0000 

  0x00000194a415add4: ;   {oop(a 'java/lang/Class'{0x000000008e844d38} = 'com/mojang/blaze3d/systems/RenderSystem')}
  0x00000194a415add4: 0049 bb38 | 4d84 8e00 | 0000 0045 | 8b9b 8c00 | 0000 4c8b | 4424 2045 | 8b48 2c49 | 8bf2 4d8b 
  0x00000194a415adf4: c149 8bfb | 4c8b d54c | 8954 2430 

  0x00000194a415ae00: ;   {oop(a 'org/joml/Matrix4fStack'{0x000000008efb80e8})}
  0x00000194a415ae00: 49b9 e880 | fb8e 0000 | 0000 498b 

  0x00000194a415ae0c: ;   {optimized virtual_call}
  0x00000194a415ae0c: d266 90e8 

  0x00000194a415ae10: ; ImmutableOopMap {rbp=NarrowOop [32]=Oop [40]=Oop [48]=Oop }
                      ;*invokevirtual initializeUniforms {reexecute=0 rethrow=0 return_oop=0}
                      ; - net.minecraft.client.gl.VertexBuffer::draw@21 (line 151)
                      ; - net.minecraft.client.render.BufferRenderer::drawWithGlobalProgram@18 (line 25)
  0x00000194a415ae10: 6c74 4900 

  0x00000194a415ae14: ;   {other}
  0x00000194a415ae14: 0f1f 8400 | 8405 0002 | 488b 5424 

  0x00000194a415ae20: ;   {optimized virtual_call}
  0x00000194a415ae20: 3066 90e8 

  0x00000194a415ae24: ; ImmutableOopMap {rbp=NarrowOop [32]=Oop [40]=Oop [48]=Oop }
                      ;*invokevirtual bind {reexecute=0 rethrow=0 return_oop=0}
                      ; - net.minecraft.client.gl.VertexBuffer::draw@25 (line 152)
                      ; - net.minecraft.client.render.BufferRenderer::drawWithGlobalProgram@18 (line 25)
  0x00000194a415ae24: 587b 2b00 

  0x00000194a415ae28: ;   {other}
  0x00000194a415ae28: 0f1f 8400 | 9805 0003 | 4c8b 4424 | 2045 8b50 | 2c41 8b52 | 1845 8b58 | 2445 85db | 0f84 df02 
  0x00000194a415ae48: 0000 458b | 5b20 458b | 4b18 458b 

  0x00000194a415ae54: ;   {oop(a 'java/lang/Class'{0x000000008e844d38} = 'com/mojang/blaze3d/systems/RenderSystem')}
  0x00000194a415ae54: 4010 49ba | 384d 848e | 0000 0000 | 458b 527c | 4d8b da48 | 8b4c 2428 | 493b cb0f | 8577 0a00 
  0x00000194a415ae74: ;   {static_call}
  0x00000194a415ae74: 0033 ffe8 

  0x00000194a415ae78: ; ImmutableOopMap {rbp=NarrowOop [40]=Oop [48]=Oop }
                      ;*invokestatic nglDrawElements {reexecute=0 rethrow=0 return_oop=0}
                      ; - org.lwjgl.opengl.GL11C::glDrawElements@4 (line 543)
                      ; - org.lwjgl.opengl.GL11::glDrawElements@4 (line 1870)
                      ; - com.mojang.blaze3d.platform.GlStateManager::_drawElements@7 (line 774)
                      ; - com.mojang.blaze3d.systems.RenderSystem::drawElements@7 (line 424)
                      ; - net.minecraft.client.gl.VertexBuffer::draw@18 (line 137)
                      ; - net.minecraft.client.gl.VertexBuffer::draw@29 (line 153)
                      ; - net.minecraft.client.render.BufferRenderer::drawWithGlobalProgram@18 (line 25)
  0x00000194a415ae78: 6435 99ff 

  0x00000194a415ae7c: ;   {other}
  0x00000194a415ae7c: 0f1f 8400 | ec05 0004 

  0x00000194a415ae84: ;   {oop(a 'java/lang/Class'{0x000000008e844d38} = 'com/mojang/blaze3d/systems/RenderSystem')}
  0x00000194a415ae84: 49ba 384d | 848e 0000 | 0000 458b | 527c 4d8b | da4c 8b44 | 2428 4d3b | c30f 8575 | 0a00 0048 
  0x00000194a415aea4: ff74 2428 | 488f 4424 

  0x00000194a415aeac: ;   {static_call}
  0x00000194a415aeac: 2033 d2e8 

  0x00000194a415aeb0: ; ImmutableOopMap {rbp=NarrowOop [32]=Oop [48]=Oop }
                      ;*invokestatic glUseProgram {reexecute=0 rethrow=0 return_oop=0}
                      ; - org.lwjgl.opengl.GL20::glUseProgram@1 (line 398)
                      ; - com.mojang.blaze3d.platform.GlStateManager::_glUseProgram@4 (line 186)
                      ; - net.minecraft.client.gl.ShaderProgram::unbind@4 (line 155)
                      ; - net.minecraft.client.gl.VertexBuffer::draw@33 (line 154)
                      ; - net.minecraft.client.render.BufferRenderer::drawWithGlobalProgram@18 (line 25)
  0x00000194a415aeb0: 2c7d b3ff 

  0x00000194a415aeb4: ;   {other}
  0x00000194a415aeb4: 0f1f 8400 | 2406 0005 | 448b dd44 | 8b45 1845 

  0x00000194a415aec4: ;   {oop(a 'java/lang/Class'{0x000000008f1bc500} = 'com/mojang/blaze3d/platform/GlStateManager')}
  0x00000194a415aec4: 8b48 0849 | ba00 c51b | 8f00 0000 | 0041 8b92 | b000 0000 | 448d 92c0 

  0x00000194a415aedc: ;   {metadata('it/unimi/dsi/fastutil/ints/IntArrayList')}
  0x00000194a415aedc: 8400 0041 | 81f9 f89f | 4b01 0f85 | fe07 0000 | 458b 480c | 4585 c90f | 8ed6 0000 | 0045 33c0 
  0x00000194a415aefc: eb3a 4183 | f9ff 0f84 | ae07 0000 | 4d8b 8f58 | 0400 0045 | 8b43 18ff 

  0x00000194a415af14: ; ImmutableOopMap {r11=NarrowOop r8=NarrowOop [32]=Oop [48]=Oop }
                      ;*goto {reexecute=1 rethrow=0 return_oop=0}
                      ; - (reexecute) net.minecraft.client.gl.ShaderProgram::unbind@74 (line 160)
                      ; - net.minecraft.client.gl.VertexBuffer::draw@33 (line 154)
                      ; - net.minecraft.client.render.BufferRenderer::drawWithGlobalProgram@18 (line 25)
                      ;   {poll}
  0x00000194a415af14: c541 8501 

  0x00000194a415af18: ; implicit exception: dispatches to 0x00000194a415bf6c
  0x00000194a415af18: 418b 4808 

  0x00000194a415af1c: ;   {metadata('it/unimi/dsi/fastutil/ints/IntArrayList')}
  0x00000194a415af1c: 81f9 f89f | 4b01 0f85 | ac08 0000 | 458b 400c | 413b e80f | 8d9a 0000 | 0044 8bc5 | 418b 4b10 
  0x00000194a415af3c: ; implicit exception: dispatches to 0x00000194a415bee0
  0x00000194a415af3c: 448b 4908 

  0x00000194a415af40: ;   {metadata('java/util/ArrayList')}
  0x00000194a415af40: 4181 f988 | b50b 000f | 850f 0800 | 004c 8bc9 | 418b 6910 | 85ed 0f8c | 2408 0000 | 443b c50f 
  0x00000194a415af60: 83a3 0700 | 0045 8b49 | 1441 8be8 

  0x00000194a415af6c: ; implicit exception: dispatches to 0x00000194a415bef8
  0x00000194a415af6c: 418b 490c | 3be9 0f83 | bc07 0000 | 418b 4ca9 | 1044 8b49 

  0x00000194a415af80: ;   {metadata('net/minecraft/client/gl/ShaderProgramDefinition$Sampler')}
  0x00000194a415af80: 0841 81f9 | c835 e301 | 0f85 a60e | 0000 458b | 4b14 4c8b | c141 8b58 | 0c41 8b49 

  0x00000194a415af9c: ;   {metadata('it/unimi/dsi/fastutil/objects/Object2IntArrayMap')}
  0x00000194a415af9c: 0881 f9b8 | e167 010f | 8503 0800 | 004d 8bc1 | 418b 7810 | 85ff 0f84 | f806 0000 | 418b 4814 
  0x00000194a415afbc: 448d 4fff 

  0x00000194a415afc0: ; implicit exception: dispatches to 0x00000194a415bf3c
  0x00000194a415afc0: 448b 410c | 488b c34c | 8be9 e99d 

  0x00000194a415afcc: ;   {oop(a 'java/lang/Class'{0x000000008e844d38} = 'com/mojang/blaze3d/systems/RenderSystem')}
  0x00000194a415afcc: 0000 0049 | bb38 4d84 | 8e00 0000 | 0045 8b5b | 7c4d 8bc3 | 4c8b 4c24 | 204d 3bc8 | 0f85 4e09 
  0x00000194a415afec: ;   {oop(a 'java/lang/Class'{0x000000008f1bc500} = 'com/mojang/blaze3d/platform/GlStateManager')}
  0x00000194a415afec: 0000 49bb | 00c5 1b8f | 0000 0000 | 458b 83b0 | 0000 0044 | 3bc2 0f85 | 0301 0000 | 4881 c490 
  0x00000194a415b00c: 0000 005d 

  0x00000194a415b010: ;   {poll_return}
  0x00000194a415b010: 493b a750 | 0400 000f | 87a9 1000 | 00c3 448b | dd8b 5424 | 2844 8b54 | 242c 8b6c | 2438 8b5c 
  0x00000194a415b030: 243c 8b4c | 2440 448b | 4c24 4444 | 8b44 2448 | 488b 4424 | 504c 8b6c | 2458 be01 | 0000 0049 
  0x00000194a415b050: 8bbf 5804 

  0x00000194a415b054: ; ImmutableOopMap {r11=NarrowOop rcx=NarrowOop rbx=NarrowOop rax=Oop r13=Oop [32]=Oop [48]=Oop }
                      ;*ifeq {reexecute=1 rethrow=0 return_oop=0}
                      ; - (reexecute) it.unimi.dsi.fastutil.objects.Object2IntArrayMap::findKey@24 (line 423)
                      ; - it.unimi.dsi.fastutil.objects.Object2IntArrayMap::containsKey@2 (line 451)
                      ; - net.minecraft.client.gl.ShaderProgram::unbind@48 (line 162)
                      ; - net.minecraft.client.gl.VertexBuffer::draw@33 (line 154)
                      ; - net.minecraft.client.render.BufferRenderer::drawWithGlobalProgram@18 (line 25)
                      ;   {poll}
  0x00000194a415b054: 0000 8507 | 85f6 0f85 | 9efe ffff | 4585 c90f | 8447 0600 | 0041 ffc9 | 453b c80f | 8312 0600 
  0x00000194a415b074: 0042 8b7c | 8910 3bfb | 74cc 85ff | 0f84 7e00 | 0000 4c89 | 6c24 5848 | 8944 2450 | 4489 4424 
  0x00000194a415b094: 4844 894c | 2444 894c | 2440 895c | 243c 896c | 2438 4489 | 5424 2c89 | 5424 2841 | 8beb 488b 
  0x00000194a415b0b4: d74c 8bc0 | 9048 b8d8 | e800 b194 

  0x00000194a415b0c0: ;   {virtual_call}
  0x00000194a415b0c0: 0100 00e8 

  0x00000194a415b0c4: ; ImmutableOopMap {rbp=NarrowOop [32]=Oop [48]=Oop [60]=NarrowOop [64]=NarrowOop [80]=Oop [88]=Oop }
                      ;*invokevirtual equals {reexecute=0 rethrow=0 return_oop=0}
                      ; - java.util.Objects::equals@11 (line 64)
                      ; - it.unimi.dsi.fastutil.objects.Object2IntArrayMap::findKey@21 (line 423)
                      ; - it.unimi.dsi.fastutil.objects.Object2IntArrayMap::containsKey@2 (line 451)
                      ; - net.minecraft.client.gl.ShaderProgram::unbind@48 (line 162)
                      ; - net.minecraft.client.gl.VertexBuffer::draw@33 (line 154)
                      ; - net.minecraft.client.render.BufferRenderer::drawWithGlobalProgram@18 (line 25)
  0x00000194a415b0c4: d857 0100 

  0x00000194a415b0c8: ;   {other}
  0x00000194a415b0c8: 0f1f 8400 | 3808 0008 | 85c0 0f85 | 46ff ffff | 448b dd8b | 5424 2844 | 8b54 242c | 8b6c 2438 
  0x00000194a415b0e8: 8b5c 243c | 8b4c 2440 | 448b 4c24 | 4444 8b44 | 2448 488b | 4424 504c | 8b6c 2458 | 33f6 e944 
  0x00000194a415b108: ffff ff41 | 8993 b000 | 0000 418b 

  0x00000194a415b114: ;   {static_call}
  0x00000194a415b114: d266 90e8 

  0x00000194a415b118: ; ImmutableOopMap {}
                      ;*invokestatic glActiveTexture {reexecute=0 rethrow=0 return_oop=0}
                      ; - org.lwjgl.opengl.GL13::glActiveTexture@1 (line 570)
                      ; - com.mojang.blaze3d.platform.GlStateManager::glActiveTexture@4 (line 438)
                      ; - com.mojang.blaze3d.platform.GlStateManager::_activeTexture@23 (line 568)
                      ; - net.minecraft.client.gl.ShaderProgram::unbind@78 (line 170)
                      ; - net.minecraft.client.gl.VertexBuffer::draw@33 (line 154)
                      ; - net.minecraft.client.render.BufferRenderer::drawWithGlobalProgram@18 (line 25)
  0x00000194a415b118: 6447 1cff 

  0x00000194a415b11c: ;   {other}
  0x00000194a415b11c: 0f1f 8400 | 8c08 0009 | e9df feff | ff45 8b58 | 28e9 1cfd 

  0x00000194a415b130: ;   {oop(a 'java/lang/Class'{0x00000000911c9720} = 'net/minecraft/client/render/BufferRenderer')}
  0x00000194a415b130: ffff 49ba | 2097 1c91 | 0000 0000 | 458b 5270 | 4585 d20f | 848b fbff | ff4d 8b5f | 2849 8bca 
  0x00000194a415b150: 4d85 db0f | 8424 0900 | 004d 8b57 | 384b 894c | 1af8 4983 | c3f8 4d89 | 5f28 e965 

  0x00000194a415b16c: ;   {oop(a 'java/lang/Class'{0x00000000911c9720} = 'net/minecraft/client/render/BufferRenderer')}
  0x00000194a415b16c: fbff ff49 | ba20 971c | 9100 0000 | 0045 8b5a | 7045 85db | 0f84 99fb | ffff 4d8b | 5728 498b 
  0x00000194a415b18c: cb4d 85d2 | 0f84 0409 | 0000 4d8b | 5f38 4b89 | 4c13 f849 | 83c2 f84d | 8957 28e9 | 73fb ffff 
  0x00000194a415b1ac: 4d8b 5758 | 4d8b 5f48 | f083 4424 | c000 4180 | 3800 0f84 | a0fb ffff | 4588 204d | 85db 7520 
  0x00000194a415b1cc: 498b c849 | 8bd7 49ba | 9022 a1a6 | fa7f 0000 

  0x00000194a415b1dc: ;   {other}
  0x00000194a415b1dc: 41ff d20f | 1f84 0000 | 0000 00e9 | 78fb ffff | 4f89 441a | f849 83c3 | f84d 895f | 48e9 66fb 
  0x00000194a415b1fc: ffff 498b | 87b8 0100 | 004c 8bd8 | 4983 c330 | 4d8b ea4d | 3b9f c801 | 0000 0f83 | 1409 0000 
  0x00000194a415b21c: 4d89 9fb8 | 0100 004c | 8bc0 4983 | c018 48c7 | 0001 0000 | 0041 0f0d | 8bc0 0000 

  0x00000194a415b238: ;   {metadata('net/minecraft/client/gl/VertexBuffer')}
  0x00000194a415b238: 00c7 4008 | 30bc e101 | 4489 600c | 4489 6010 | c5fd efc0 | 41b9 0700 | 0000 c4c1 | 7892 f962 
  0x00000194a415b258: d1fe 2f7f 

  0x00000194a415b25c: ;   {oop(a 'net/minecraft/client/gl/GlUsage'{0x0000000090c0b398})}
  0x00000194a415b25c: 00c7 4014 | 98b3 c090 | 488b c849 | 8b87 b801 | 0000 4c8b | d849 83c3 | 204d 3b9f | c801 0000 
  0x00000194a415b27c: 0f83 6408 | 0000 4d89 | 9fb8 0100 | 0041 0f0d | 8bc0 0000 | 0048 c700 | 0100 0000 | 4c8b d849 
  0x00000194a415b29c: ;   {metadata('net/minecraft/client/gl/GpuBuffer')}
  0x00000194a415b29c: 83c3 10c7 | 4008 30e4 | e101 4489 | 600c c5fd | efc0 c4c1 

  0x00000194a415b2b0: ;   {oop(a 'net/minecraft/client/gl/GlBufferTarget'{0x0000000090c0b410})}
  0x00000194a415b2b0: 79d6 03c7 | 4018 10b4 | c090 448b 

  0x00000194a415b2bc: ;   {oop(a 'net/minecraft/client/gl/GlUsage'{0x0000000090c0b398})}
  0x00000194a415b2bc: 4e4c c740 | 1c98 b3c0 | 904c 8bd8 

  0x00000194a415b2c8: ;   {oop(a 'java/lang/Class'{0x000000008f1bc500} = 'com/mojang/blaze3d/platform/GlStateManager')}
  0x00000194a415b2c8: 49b8 00c5 | 1b8f 0000 | 0000 41ff | 80a8 0000 | 0045 85c9 | 0f84 2f05 | 0000 418b | 6914 8b55 
  0x00000194a415b2e8: 0c44 8d42 | ff41 81e0 | b019 ed72 | 85d2 0f86 | 7708 0000 | 428b 7c85 | 1085 ff0f | 84cf 0300 
  0x00000194a415b308: 008b 570c 

  0x00000194a415b30c: ;   {oop(a 'java/lang/ThreadLocal$SuppliedThreadLocal'{0x000000008ef63670})}
  0x00000194a415b30c: 81fa 7036 | f68e 7464 | 418b c04c | 895c 2440 | 4889 4c24 | 384c 896c | 2430 4489 | 5424 2848 
  0x00000194a415b32c: 8974 2420 | 488b eb49 

  0x00000194a415b334: ;   {oop(a 'java/lang/ThreadLocal$SuppliedThreadLocal'{0x000000008ef63670})}
  0x00000194a415b334: 8bd1 49b8 | 7036 f68e | 0000 0000 

  0x00000194a415b340: ;   {optimized virtual_call}
  0x00000194a415b340: 448b c8e8 

  0x00000194a415b344: ; ImmutableOopMap {rbp=Oop [32]=Oop [40]=NarrowOop [48]=Oop [56]=Oop [64]=Oop }
                      ;*invokevirtual getEntryAfterMiss {reexecute=0 rethrow=0 return_oop=1}
                      ; - java.lang.ThreadLocal$ThreadLocalMap::getEntry@38 (line 504)
                      ; - java.lang.ThreadLocal::get@12 (line 187)
                      ; - java.lang.ThreadLocal::get@4 (line 172)
                      ; - org.lwjgl.system.MemoryStack::stackGet@3 (line 906)
                      ; - org.lwjgl.opengl.GL15C::glGenBuffers@0 (line 175)
                      ; - org.lwjgl.opengl.GL15::glGenBuffers@0 (line 192)
                      ; - com.mojang.blaze3d.platform.GlStateManager::_glGenBuffers@21 (line 283)
                      ; - net.minecraft.client.gl.GpuBuffer::<init>@25 (line 25)
                      ; - net.minecraft.client.gl.VertexBuffer::<init>@27 (line 36)
                      ; - net.minecraft.client.render.VertexFormat::getBuffer@17 (line 130)
                      ; - net.minecraft.client.render.BufferRenderer::bind@1 (line 41)
                      ; - net.minecraft.client.render.BufferRenderer::upload@7 (line 35)
                      ; - net.minecraft.client.render.BufferRenderer::drawWithGlobalProgram@4 (line 24)
  0x00000194a415b344: 383b 1cff 

  0x00000194a415b348: ;   {other}
  0x00000194a415b348: 0f1f 8400 | b80a 000a | 4885 c00f | 849f 0400 | 0048 8bf8 | 488b dd48 | 8b74 2420 | 448b 5424 
  0x00000194a415b368: 284c 8b6c | 2430 488b | 4c24 384c | 8b5c 2440 | 448b 4f1c 

  0x00000194a415b37c: ; implicit exception: dispatches to 0x00000194a415bf80
  0x00000194a415b37c: 458b 4108 

  0x00000194a415b380: ;   {metadata('org/lwjgl/system/MemoryStack')}
  0x00000194a415b380: 4181 f800 | b0bb 010f | 854b 0a00 | 0049 8bc1 | 8b78 1848 | 8b50 104c | 63c7 4d8d | 4410 fc4d 
  0x00000194a415b3a0: 8bc8 4983 | e1fc 4d8b | c14c 2bc2 | 418b e889 | 6818 85ed | 0f8c fa08 | 0000 418b | e983 e507 
  0x00000194a415b3c0: 85ed 0f84 | 2009 0000 | 498b e989 | 7c24 5848 | 8944 2450 | 4c89 5c24 | 4848 894c | 2438 4c89 
  0x00000194a415b3e0: 6c24 4044 | 8954 2430 | 4889 7424 | 2848 895c | 2420 498b | d145 33c0 | 41b9 0400 

  0x00000194a415b3fc: ;   {static_call}
  0x00000194a415b3fc: 0000 90e8 

  0x00000194a415b400: ; ImmutableOopMap {[32]=Oop [40]=Oop [48]=NarrowOop [56]=Oop [64]=Oop [72]=Oop [80]=Oop }
                      ;*invokestatic nmemset {reexecute=0 rethrow=0 return_oop=0}
                      ; - org.lwjgl.system.MemoryUtil::memSet@87 (line 1804)
                      ; - org.lwjgl.system.MemoryStack::callocInt@15 (line 446)
                      ; - org.lwjgl.opengl.GL15C::glGenBuffers@11 (line 177)
                      ; - org.lwjgl.opengl.GL15::glGenBuffers@0 (line 192)
                      ; - com.mojang.blaze3d.platform.GlStateManager::_glGenBuffers@21 (line 283)
                      ; - net.minecraft.client.gl.GpuBuffer::<init>@25 (line 25)
                      ; - net.minecraft.client.gl.VertexBuffer::<init>@27 (line 36)
                      ; - net.minecraft.client.render.VertexFormat::getBuffer@17 (line 130)
                      ; - net.minecraft.client.render.BufferRenderer::bind@1 (line 41)
                      ; - net.minecraft.client.render.BufferRenderer::upload@7 (line 35)
                      ; - net.minecraft.client.render.BufferRenderer::drawWithGlobalProgram@4 (line 24)
  0x00000194a415b400: dcad d0ff 

  0x00000194a415b404: ;   {other}
  0x00000194a415b404: 0f1f 8400 | 740b 000b | ba01 0000 | 004c 8bc5 

  0x00000194a415b414: ;   {static_call}
  0x00000194a415b414: 6666 90e8 

  0x00000194a415b418: ; ImmutableOopMap {[32]=Oop [40]=Oop [48]=NarrowOop [56]=Oop [64]=Oop [72]=Oop [80]=Oop }
                      ;*invokestatic nglGenBuffers {reexecute=0 rethrow=0 return_oop=0}
                      ; - org.lwjgl.opengl.GL15C::glGenBuffers@20 (line 178)
                      ; - org.lwjgl.opengl.GL15::glGenBuffers@0 (line 192)
                      ; - com.mojang.blaze3d.platform.GlStateManager::_glGenBuffers@21 (line 283)
                      ; - net.minecraft.client.gl.GpuBuffer::<init>@25 (line 25)
                      ; - net.minecraft.client.gl.VertexBuffer::<init>@27 (line 36)
                      ; - net.minecraft.client.render.VertexFormat::getBuffer@17 (line 130)
                      ; - net.minecraft.client.render.BufferRenderer::bind@1 (line 41)
                      ; - net.minecraft.client.render.BufferRenderer::upload@7 (line 35)
                      ; - net.minecraft.client.render.BufferRenderer::drawWithGlobalProgram@4 (line 24)
  0x00000194a415b418: c44c 1000 

  0x00000194a415b41c: ;   {other}
  0x00000194a415b41c: 0f1f 8400 | 8c0b 000c | 4c8b d545 | 8b02 448b | 5424 5845 | 85d2 0f8c | a807 0000 | 4c8b 5c24 
  0x00000194a415b43c: 5041 8b6b | 0c41 3bea | 0f8c da08 | 0000 4589 | 5318 488b | 5c24 4844 | 8943 0c41 | 807f 4000 
  0x00000194a415b45c: 0f85 0a05 | 0000 4c8b | 4424 384d | 8bd0 4c8b | cb45 8948 | 184c 8bdb | 4d33 da49 | c1eb 144d 
  0x00000194a415b47c: 85db 741a | 49c1 ea09 | 48b9 00a0 | 7bab 9401 | 0000 4903 | ca80 3902 | 0f85 4105 

  0x00000194a415b498: ;   {oop(a 'java/lang/Class'{0x000000008e844d38} = 'com/mojang/blaze3d/systems/RenderSystem')}
  0x00000194a415b498: 0000 49ba | 384d 848e | 0000 0000 | 450f b69a | e400 0000 | 4585 db0f | 8527 0600 | 0041 8b6a 
  0x00000194a415b4b8: 7c4c 8bd5 | 4c8b 4c24 | 284d 3bca | 0f85 c307 | 0000 418b | 594c 85db | 0f84 9e03 | 0000 8b6b 
  0x00000194a415b4d8: 1444 8b5d | 0c45 8d53 | ff41 81e2 | b019 ed72 | 4585 db0f | 86bf 0600 | 0042 8b4c | 9510 85c9 
  0x00000194a415b4f8: 0f84 e101 | 0000 8b79 | 0c4c 8bd9 

  0x00000194a415b504: ;   {oop(a 'java/lang/ThreadLocal$SuppliedThreadLocal'{0x000000008ef63670})}
  0x00000194a415b504: 81ff 7036 | f68e 7440 | 498b cb4c | 8944 2428 | 498b e948 

  0x00000194a415b518: ;   {oop(a 'java/lang/ThreadLocal$SuppliedThreadLocal'{0x000000008ef63670})}
  0x00000194a415b518: 8bd3 49b8 | 7036 f68e | 0000 0000 | 458b ca48 

  0x00000194a415b528: ;   {optimized virtual_call}
  0x00000194a415b528: 8bf9 90e8 

  0x00000194a415b52c: ; ImmutableOopMap {rbp=Oop [32]=Oop [40]=Oop [48]=NarrowOop [64]=Oop }
                      ;*invokevirtual getEntryAfterMiss {reexecute=0 rethrow=0 return_oop=1}
                      ; - java.lang.ThreadLocal$ThreadLocalMap::getEntry@38 (line 504)
                      ; - java.lang.ThreadLocal::get@12 (line 187)
                      ; - java.lang.ThreadLocal::get@4 (line 172)
                      ; - org.lwjgl.system.MemoryStack::stackGet@3 (line 906)
                      ; - org.lwjgl.opengl.GL30C::glGenVertexArrays@0 (line 2417)
                      ; - org.lwjgl.opengl.GL30::glGenVertexArrays@0 (line 2346)
                      ; - com.mojang.blaze3d.platform.GlStateManager::_glGenVertexArrays@3 (line 288)
                      ; - net.minecraft.client.gl.VertexBuffer::<init>@34 (line 37)
                      ; - net.minecraft.client.render.VertexFormat::getBuffer@17 (line 130)
                      ; - net.minecraft.client.render.BufferRenderer::bind@1 (line 41)
                      ; - net.minecraft.client.render.BufferRenderer::upload@7 (line 35)
                      ; - net.minecraft.client.render.BufferRenderer::drawWithGlobalProgram@4 (line 24)
  0x00000194a415b52c: 5039 1cff 

  0x00000194a415b530: ;   {other}
  0x00000194a415b530: 0f1f 8400 | a00c 000d | 4885 c00f | 842b 0300 | 004c 8bcd | 4c8b 4424 | 284c 8bd8 | 458b 531c 
  0x00000194a415b550: 4d8b da45 

  0x00000194a415b554: ;   {metadata('org/lwjgl/system/MemoryStack')}
  0x00000194a415b554: 8b53 0841 | 81fa 00b0 | bb01 0f85 | a408 0000 | 498b db44 | 8b5b 1848 | 8b4b 104d | 63d3 4d8d 
  0x00000194a415b574: 540a fc49 | 8bfa 4883 | e7fc 4c8b | d74c 2bd1 | 418b ea89 | 6b18 85ed | 0f8c be07 | 0000 8bef 
  0x00000194a415b594: 83e5 0785 | ed0f 84dd | 0700 0048 | 8bef 4489 | 5c24 5048 | 895c 2448 | 4c89 4424 | 384c 894c 
  0x00000194a415b5b4: 2428 488b | d745 33c0 | 41b9 0400 

  0x00000194a415b5c0: ;   {static_call}
  0x00000194a415b5c0: 0000 90e8 

  0x00000194a415b5c4: ; ImmutableOopMap {[32]=Oop [40]=Oop [48]=NarrowOop [56]=Oop [64]=Oop [72]=Oop }
                      ;*invokestatic nmemset {reexecute=0 rethrow=0 return_oop=0}
                      ; - org.lwjgl.system.MemoryUtil::memSet@87 (line 1804)
                      ; - org.lwjgl.system.MemoryStack::callocInt@15 (line 446)
                      ; - org.lwjgl.opengl.GL30C::glGenVertexArrays@11 (line 2419)
                      ; - org.lwjgl.opengl.GL30::glGenVertexArrays@0 (line 2346)
                      ; - com.mojang.blaze3d.platform.GlStateManager::_glGenVertexArrays@3 (line 288)
                      ; - net.minecraft.client.gl.VertexBuffer::<init>@34 (line 37)
                      ; - net.minecraft.client.render.VertexFormat::getBuffer@17 (line 130)
                      ; - net.minecraft.client.render.BufferRenderer::bind@1 (line 41)
                      ; - net.minecraft.client.render.BufferRenderer::upload@7 (line 35)
                      ; - net.minecraft.client.render.BufferRenderer::drawWithGlobalProgram@4 (line 24)
  0x00000194a415b5c4: 18ac d0ff 

  0x00000194a415b5c8: ;   {other}
  0x00000194a415b5c8: 0f1f 8400 | 380d 000e | ba01 0000 | 004c 8bc5 

  0x00000194a415b5d8: ;   {static_call}
  0x00000194a415b5d8: 6666 90e8 

  0x00000194a415b5dc: ; ImmutableOopMap {[32]=Oop [40]=Oop [48]=NarrowOop [56]=Oop [64]=Oop [72]=Oop }
                      ;*invokestatic nglGenVertexArrays {reexecute=0 rethrow=0 return_oop=0}
                      ; - org.lwjgl.opengl.GL30C::glGenVertexArrays@20 (line 2420)
                      ; - org.lwjgl.opengl.GL30::glGenVertexArrays@0 (line 2346)
                      ; - com.mojang.blaze3d.platform.GlStateManager::_glGenVertexArrays@3 (line 288)
                      ; - net.minecraft.client.gl.VertexBuffer::<init>@34 (line 37)
                      ; - net.minecraft.client.render.VertexFormat::getBuffer@17 (line 130)
                      ; - net.minecraft.client.render.BufferRenderer::bind@1 (line 41)
                      ; - net.minecraft.client.render.BufferRenderer::upload@7 (line 35)
                      ; - net.minecraft.client.render.BufferRenderer::drawWithGlobalProgram@4 (line 24)
  0x00000194a415b5dc: 004f 1000 

  0x00000194a415b5e0: ;   {other}
  0x00000194a415b5e0: 0f1f 8400 | 500d 000f | 4c8b d545 | 8b1a 448b | 5424 5045 | 85d2 0f8c | 3d06 0000 | 4c8b 4c24 
  0x00000194a415b600: 4841 8b69 | 0c41 3bea | 0f8c 9e07 | 0000 488b | 5c24 3844 | 895b 0c45 | 8951 1841 | 807f 4000 
  0x00000194a415b620: 0f85 7e03 | 0000 8b7c | 2430 4c8b | d344 8957 | 204c 8b54 | 2440 4c8b | db4d 33da | 49c1 eb14 
  0x00000194a415b640: 4d85 db74 | 1a49 c1ea | 0948 b900 | a07b ab94 | 0100 0049 | 03ca 8039 | 020f 85d0 

  0x00000194a415b65c: ;   {oop(a 'java/lang/Class'{0x000000008e844d38} = 'com/mojang/blaze3d/systems/RenderSystem')}
  0x00000194a415b65c: 0300 0049 | ba38 4d84 | 8e00 0000 | 0041 8b7a | 7c45 0fb6 | aae4 0000 | 0048 8beb | 488b 5c24 
  0x00000194a415b67c: 2048 8b74 | 2428 e92b | f6ff ffba | e4ff ffff | 4489 5c24 | 2044 8954 | 2424 895c | 2428 894c 
  0x00000194a415b69c: 2434 4489 

  0x00000194a415b6a0: ;   {runtime_call UncommonTrapBlob}
  0x00000194a415b6a0: 4c24 38e8 

  0x00000194a415b6a4: ; ImmutableOopMap {[32]=NarrowOop [40]=NarrowOop [52]=NarrowOop }
                      ;*aaload {reexecute=0 rethrow=0 return_oop=0}
                      ; - it.unimi.dsi.fastutil.objects.Object2IntArrayMap::findKey@19 (line 423)
                      ; - it.unimi.dsi.fastutil.objects.Object2IntArrayMap::containsKey@2 (line 451)
                      ; - net.minecraft.client.gl.ShaderProgram::unbind@48 (line 162)
                      ; - net.minecraft.client.gl.VertexBuffer::draw@33 (line 154)
                      ; - net.minecraft.client.render.BufferRenderer::drawWithGlobalProgram@18 (line 25)
  0x00000194a415b6a4: 58c6 1cff 

  0x00000194a415b6a8: ;   {other}
  0x00000194a415b6a8: 0f1f 8400 | 180e 0010 | 41b9 ffff | ffff ba45 | ffff ff44 | 895c 2420 | 4489 5424 | 2444 894c 
  0x00000194a415b6c8: ;   {runtime_call UncommonTrapBlob}
  0x00000194a415b6c8: 2428 90e8 

  0x00000194a415b6cc: ; ImmutableOopMap {[32]=NarrowOop }
                      ;*if_icmpeq {reexecute=1 rethrow=0 return_oop=0}
                      ; - (reexecute) it.unimi.dsi.fastutil.objects.Object2IntArrayMap::containsKey@6 (line 451)
                      ; - net.minecraft.client.gl.ShaderProgram::unbind@48 (line 162)
                      ; - net.minecraft.client.gl.VertexBuffer::draw@33 (line 154)
                      ; - net.minecraft.client.render.BufferRenderer::drawWithGlobalProgram@18 (line 25)
  0x00000194a415b6cc: 30c6 1cff 

  0x00000194a415b6d0: ;   {other}
  0x00000194a415b6d0: 0f1f 8400 | 400e 0011 | 33ff e935 | fcff ff45 | 33db 498b | cbe9 25fe | ffff bade | ffff ff44 
  0x00000194a415b6f0: 8954 2420 | 4489 4424 

  0x00000194a415b6f8: ;   {runtime_call UncommonTrapBlob}
  0x00000194a415b6f8: 2466 90e8 

  0x00000194a415b6fc: ; ImmutableOopMap {rbp=NarrowOop [36]=NarrowOop }
                      ;*invokeinterface size {reexecute=0 rethrow=0 return_oop=0}
                      ; - net.minecraft.client.gl.ShaderProgram::unbind@18 (line 160)
                      ; - net.minecraft.client.gl.VertexBuffer::draw@33 (line 154)
                      ; - net.minecraft.client.render.BufferRenderer::drawWithGlobalProgram@18 (line 25)
  0x00000194a415b6fc: 00c6 1cff 

  0x00000194a415b700: ;   {other}
  0x00000194a415b700: 0f1f 8400 | 700e 0012 | bae4 ffff | ff44 895c | 2420 4489 | 5424 2444 | 8944 242c | 4489 4424 
  0x00000194a415b720: 304c 894c 

  0x00000194a415b724: ;   {runtime_call UncommonTrapBlob}
  0x00000194a415b724: 2438 90e8 

  0x00000194a415b728: ; ImmutableOopMap {[32]=NarrowOop [56]=Oop }
                      ;*invokestatic checkIndex {reexecute=0 rethrow=0 return_oop=0}
                      ; - java.util.Objects::checkIndex@3 (line 385)
                      ; - java.util.ArrayList::get@5 (line 427)
                      ; - net.minecraft.client.gl.ShaderProgram::unbind@31 (line 161)
                      ; - net.minecraft.client.gl.VertexBuffer::draw@33 (line 154)
                      ; - net.minecraft.client.render.BufferRenderer::drawWithGlobalProgram@18 (line 25)
  0x00000194a415b728: d4c5 1cff 

  0x00000194a415b72c: ;   {other}
  0x00000194a415b72c: 0f1f 8400 | 9c0e 0013 | bae4 ffff | ff44 895c | 2420 4489 | 5424 2444 | 8944 2428 | 4489 4c24 
  0x00000194a415b74c: ;   {runtime_call UncommonTrapBlob}
  0x00000194a415b74c: 2c66 90e8 

  0x00000194a415b750: ; ImmutableOopMap {[32]=NarrowOop [44]=NarrowOop }
                      ;*aaload {reexecute=0 rethrow=0 return_oop=0}
                      ; - java.util.ArrayList::elementData@5 (line 411)
                      ; - java.util.ArrayList::get@11 (line 428)
                      ; - net.minecraft.client.gl.ShaderProgram::unbind@31 (line 161)
                      ; - net.minecraft.client.gl.VertexBuffer::draw@33 (line 154)
                      ; - net.minecraft.client.render.BufferRenderer::drawWithGlobalProgram@18 (line 25)
  0x00000194a415b750: acc5 1cff 

  0x00000194a415b754: ;   {other}
  0x00000194a415b754: 0f1f 8400 | c40e 0014 | bade ffff | ff41 8beb | 4489 5424 | 2089 4c24 | 2844 8944 

  0x00000194a415b770: ;   {runtime_call UncommonTrapBlob}
  0x00000194a415b770: 242c 90e8 

  0x00000194a415b774: ; ImmutableOopMap {rbp=NarrowOop [40]=NarrowOop }
                      ;*invokeinterface get {reexecute=0 rethrow=0 return_oop=0}
                      ; - net.minecraft.client.gl.ShaderProgram::unbind@31 (line 161)
                      ; - net.minecraft.client.gl.VertexBuffer::draw@33 (line 154)
                      ; - net.minecraft.client.render.BufferRenderer::drawWithGlobalProgram@18 (line 25)
  0x00000194a415b774: 88c5 1cff 

  0x00000194a415b778: ;   {other}
  0x00000194a415b778: 0f1f 8400 | e80e 0015 | bacc ffff | ff44 895c | 2420 4489 | 5424 2444 | 8944 242c | 4489 4424 
  0x00000194a415b798: 304c 894c 

  0x00000194a415b79c: ;   {runtime_call UncommonTrapBlob}
  0x00000194a415b79c: 2438 90e8 

  0x00000194a415b7a0: ; ImmutableOopMap {[32]=NarrowOop [56]=Oop }
                      ;*invokestatic checkIndex {reexecute=0 rethrow=0 return_oop=0}
                      ; - java.util.Objects::checkIndex@3 (line 385)
                      ; - java.util.ArrayList::get@5 (line 427)
                      ; - net.minecraft.client.gl.ShaderProgram::unbind@31 (line 161)
                      ; - net.minecraft.client.gl.VertexBuffer::draw@33 (line 154)
                      ; - net.minecraft.client.render.BufferRenderer::drawWithGlobalProgram@18 (line 25)
  0x00000194a415b7a0: 5cc5 1cff 

  0x00000194a415b7a4: ;   {other}
  0x00000194a415b7a4: 0f1f 8400 | 140f 0016 | bade ffff | ff44 895c | 2420 4489 | 5424 2489 | 5c24 2844 | 894c 242c 
  0x00000194a415b7c4: ;   {runtime_call UncommonTrapBlob}
  0x00000194a415b7c4: 6666 90e8 

  0x00000194a415b7c8: ; ImmutableOopMap {[32]=NarrowOop [40]=NarrowOop [44]=NarrowOop }
                      ;*invokeinterface containsKey {reexecute=0 rethrow=0 return_oop=0}
                      ; - net.minecraft.client.gl.ShaderProgram::unbind@48 (line 162)
                      ; - net.minecraft.client.gl.VertexBuffer::draw@33 (line 154)
                      ; - net.minecraft.client.render.BufferRenderer::drawWithGlobalProgram@18 (line 25)
  0x00000194a415b7c8: 34c5 1cff 

  0x00000194a415b7cc: ;   {other}
  0x00000194a415b7cc: 0f1f 8400 | 3c0f 0017 | bade ffff | ff44 895c | 2420 4489 | 5424 2444 | 8944 242c 

  0x00000194a415b7e8: ;   {runtime_call UncommonTrapBlob}
  0x00000194a415b7e8: 6666 90e8 

  0x00000194a415b7ec: ; ImmutableOopMap {[32]=NarrowOop [44]=NarrowOop }
                      ;*invokeinterface size {reexecute=0 rethrow=0 return_oop=0}
                      ; - net.minecraft.client.gl.ShaderProgram::unbind@18 (line 160)
                      ; - net.minecraft.client.gl.VertexBuffer::draw@33 (line 154)
                      ; - net.minecraft.client.render.BufferRenderer::drawWithGlobalProgram@18 (line 25)
  0x00000194a415b7ec: 10c5 1cff 

  0x00000194a415b7f0: ;   {other}
  0x00000194a415b7f0: 0f1f 8400 | 600f 0018 | 488b dd48 | 8b74 2420 | 4c8b 6c24 | 3048 8b4c | 2438 4c8b | 5c24 40eb 
  0x00000194a415b810: 0544 8954 | 2428 4c89 | 5c24 4048 | 894c 2438 | 4c89 6c24 | 3048 8974 | 2420 488b 

  0x00000194a415b82c: ;   {oop(a 'java/lang/ThreadLocal$SuppliedThreadLocal'{0x000000008ef63670})}
  0x00000194a415b82c: eb48 ba70 | 36f6 8e00 | 0000 004c 

  0x00000194a415b838: ;   {optimized virtual_call}
  0x00000194a415b838: 8bc6 90e8 

  0x00000194a415b83c: ; ImmutableOopMap {rbp=Oop [32]=Oop [40]=NarrowOop [48]=Oop [56]=Oop [64]=Oop }
                      ;*invokevirtual setInitialValue {reexecute=0 rethrow=0 return_oop=1}
                      ; - java.lang.ThreadLocal::get@31 (line 194)
                      ; - java.lang.ThreadLocal::get@4 (line 172)
                      ; - org.lwjgl.system.MemoryStack::stackGet@3 (line 906)
                      ; - org.lwjgl.opengl.GL15C::glGenBuffers@0 (line 175)
                      ; - org.lwjgl.opengl.GL15::glGenBuffers@0 (line 192)
                      ; - com.mojang.blaze3d.platform.GlStateManager::_glGenBuffers@21 (line 283)
                      ; - net.minecraft.client.gl.GpuBuffer::<init>@25 (line 25)
                      ; - net.minecraft.client.gl.VertexBuffer::<init>@27 (line 36)
                      ; - net.minecraft.client.render.VertexFormat::getBuffer@17 (line 130)
                      ; - net.minecraft.client.render.BufferRenderer::bind@1 (line 41)
                      ; - net.minecraft.client.render.BufferRenderer::upload@7 (line 35)
                      ; - net.minecraft.client.render.BufferRenderer::drawWithGlobalProgram@4 (line 24)
  0x00000194a415b83c: 4036 1cff 

  0x00000194a415b840: ;   {other}
  0x00000194a415b840: 0f1f 8400 | b00f 0019 | 488b dd48 | 8b74 2420 | 448b 5424 | 284c 8b6c | 2430 488b | 4c24 384c 
  0x00000194a415b860: 8b5c 2440 | 4c8b c8e9 | 10fb ffff | 4c8b cd4c | 8b44 2428 | 4c89 4424 | 2849 8be9 

  0x00000194a415b87c: ;   {oop(a 'java/lang/ThreadLocal$SuppliedThreadLocal'{0x000000008ef63670})}
  0x00000194a415b87c: 48ba 7036 | f68e 0000 | 0000 4d8b 

  0x00000194a415b888: ;   {optimized virtual_call}
  0x00000194a415b888: c166 90e8 

  0x00000194a415b88c: ; ImmutableOopMap {rbp=Oop [32]=Oop [40]=Oop [48]=NarrowOop [64]=Oop }
                      ;*invokevirtual setInitialValue {reexecute=0 rethrow=0 return_oop=1}
                      ; - java.lang.ThreadLocal::get@31 (line 194)
                      ; - java.lang.ThreadLocal::get@4 (line 172)
                      ; - org.lwjgl.system.MemoryStack::stackGet@3 (line 906)
                      ; - org.lwjgl.opengl.GL30C::glGenVertexArrays@0 (line 2417)
                      ; - org.lwjgl.opengl.GL30::glGenVertexArrays@0 (line 2346)
                      ; - com.mojang.blaze3d.platform.GlStateManager::_glGenVertexArrays@3 (line 288)
                      ; - net.minecraft.client.gl.VertexBuffer::<init>@34 (line 37)
                      ; - net.minecraft.client.render.VertexFormat::getBuffer@17 (line 130)
                      ; - net.minecraft.client.render.BufferRenderer::bind@1 (line 41)
                      ; - net.minecraft.client.render.BufferRenderer::upload@7 (line 35)
                      ; - net.minecraft.client.render.BufferRenderer::drawWithGlobalProgram@4 (line 24)
  0x00000194a415b88c: f035 1cff 

  0x00000194a415b890: ;   {other}
  0x00000194a415b890: 0f1f 8400 | 0010 001a | 4c8b cd4c | 8b44 2428 | 4c8b d8e9 | abfc ffff | ba45 ffff | ff49 8bea 
  0x00000194a415b8b0: 4889 7424 | 2089 7c24 

  0x00000194a415b8b8: ;   {runtime_call UncommonTrapBlob}
  0x00000194a415b8b8: 2866 90e8 

  0x00000194a415b8bc: ; ImmutableOopMap {rbp=Oop [32]=Oop [40]=NarrowOop }
                      ;*if_acmpne {reexecute=1 rethrow=0 return_oop=0}
                      ; - (reexecute) com.mojang.blaze3d.systems.RenderSystem::isOnRenderThread@6 (line 118)
                      ; - com.mojang.blaze3d.systems.RenderSystem::assertOnRenderThread@0 (line 133)
                      ; - net.minecraft.client.render.BufferRenderer::drawWithGlobalProgram@0 (line 23)
  0x00000194a415b8bc: 40c4 1cff 

  0x00000194a415b8c0: ;   {other}
  0x00000194a415b8c0: 0f1f 8400 | 3010 001b | ba45 ffff | ff48 ff74 | 2428 488f | 4424 2044 | 8954 2428 

  0x00000194a415b8dc: ;   {runtime_call UncommonTrapBlob}
  0x00000194a415b8dc: 6666 90e8 

  0x00000194a415b8e0: ; ImmutableOopMap {rbp=Oop [32]=Oop [40]=NarrowOop }
                      ;*if_acmpne {reexecute=1 rethrow=0 return_oop=0}
                      ; - (reexecute) com.mojang.blaze3d.systems.RenderSystem::isOnRenderThread@6 (line 118)
                      ; - com.mojang.blaze3d.systems.RenderSystem::assertOnRenderThread@0 (line 133)
                      ; - com.mojang.blaze3d.systems.RenderSystem::getModelViewMatrix@0 (line 728)
                      ; - net.minecraft.client.render.BufferRenderer::drawWithGlobalProgram@9 (line 25)
  0x00000194a415b8e0: 1cc4 1cff 

  0x00000194a415b8e4: ;   {other}
  0x00000194a415b8e4: 0f1f 8400 | 5410 001c | 8954 2420 | 4489 4424 | 2444 894c | 2428 4889 | 4c24 3044 | 8954 242c 
  0x00000194a415b904: ba45 ffff 

  0x00000194a415b908: ;   {runtime_call UncommonTrapBlob}
  0x00000194a415b908: ff66 90e8 

  0x00000194a415b90c: ; ImmutableOopMap {rbp=NarrowOop [44]=NarrowOop [48]=Oop }
                      ;*if_acmpne {reexecute=1 rethrow=0 return_oop=0}
                      ; - (reexecute) com.mojang.blaze3d.systems.RenderSystem::isOnRenderThread@6 (line 118)
                      ; - com.mojang.blaze3d.systems.RenderSystem::assertOnRenderThread@0 (line 133)
                      ; - com.mojang.blaze3d.systems.RenderSystem::drawElements@0 (line 423)
                      ; - net.minecraft.client.gl.VertexBuffer::draw@18 (line 137)
                      ; - net.minecraft.client.gl.VertexBuffer::draw@29 (line 153)
                      ; - net.minecraft.client.render.BufferRenderer::drawWithGlobalProgram@18 (line 25)
  0x00000194a415b90c: f0c3 1cff 

  0x00000194a415b910: ;   {other}
  0x00000194a415b910: 0f1f 8400 | 8010 001d | ba45 ffff | ff48 ff74 | 2428 488f | 4424 2044 | 8954 2428 

  0x00000194a415b92c: ;   {runtime_call UncommonTrapBlob}
  0x00000194a415b92c: 6666 90e8 

  0x00000194a415b930: ; ImmutableOopMap {rbp=NarrowOop [32]=Oop [40]=NarrowOop }
                      ;*if_acmpne {reexecute=1 rethrow=0 return_oop=0}
                      ; - (reexecute) com.mojang.blaze3d.systems.RenderSystem::isOnRenderThread@6 (line 118)
                      ; - com.mojang.blaze3d.systems.RenderSystem::assertOnRenderThread@0 (line 133)
                      ; - net.minecraft.client.gl.ShaderProgram::unbind@0 (line 154)
                      ; - net.minecraft.client.gl.VertexBuffer::draw@33 (line 154)
                      ; - net.minecraft.client.render.BufferRenderer::drawWithGlobalProgram@18 (line 25)
  0x00000194a415b930: ccc3 1cff 

  0x00000194a415b934: ;   {other}
  0x00000194a415b934: 0f1f 8400 | a410 001e | ba45 ffff | ff41 8bea | 4489 5c24 

  0x00000194a415b948: ;   {runtime_call UncommonTrapBlob}
  0x00000194a415b948: 2866 90e8 

  0x00000194a415b94c: ; ImmutableOopMap {[32]=Oop [40]=NarrowOop }
                      ;*if_acmpne {reexecute=1 rethrow=0 return_oop=0}
                      ; - (reexecute) com.mojang.blaze3d.systems.RenderSystem::isOnRenderThread@6 (line 118)
                      ; - com.mojang.blaze3d.systems.RenderSystem::assertOnRenderThread@0 (line 133)
                      ; - com.mojang.blaze3d.platform.GlStateManager::_activeTexture@0 (line 565)
                      ; - net.minecraft.client.gl.ShaderProgram::unbind@78 (line 170)
                      ; - net.minecraft.client.gl.VertexBuffer::draw@33 (line 154)
                      ; - net.minecraft.client.render.BufferRenderer::drawWithGlobalProgram@18 (line 25)
  0x00000194a415b94c: b0c3 1cff 

  0x00000194a415b950: ;   {other}
  0x00000194a415b950: 0f1f 8400 | c010 001f | ba45 ffff 

  0x00000194a415b95c: ;   {runtime_call UncommonTrapBlob}
  0x00000194a415b95c: ff66 90e8 

  0x00000194a415b960: ; ImmutableOopMap {rbp=NarrowOop }
                      ;*ifnonnull {reexecute=1 rethrow=0 return_oop=0}
                      ; - (reexecute) net.minecraft.client.gl.VertexBuffer::draw@1 (line 146)
                      ; - net.minecraft.client.render.BufferRenderer::drawWithGlobalProgram@18 (line 25)
  0x00000194a415b960: 9cc3 1cff 

  0x00000194a415b964: ;   {other}
  0x00000194a415b964: 0f1f 8400 | d410 0020 | 4c8b 4424 | 3845 8b50 | 1845 85d2 | 0f84 e9fa | ffff 4d8b | 5f28 498b 
  0x00000194a415b984: ca4d 85db | 0f84 8202 | 0000 4d8b | 5738 4b89 | 4c1a f849 | 83c3 f84d | 895f 28e9 | c3fa ffff 
  0x00000194a415b9a4: 8b7c 2430 | 448b 5720 | 4585 d20f | 8475 fcff | ff4d 8b5f | 2849 8bca | 4d85 db0f | 84ab 0200 
  0x00000194a415b9c4: 004d 8b57 | 384b 894c | 1af8 4983 | c3f8 4d89 | 5f28 e94f | fcff ff4d | 8b57 584d | 8b5f 48f0 
  0x00000194a415b9e4: 8344 24c0 | 0080 3900 | 0f84 a8fa | ffff 4488 | 214d 85db | 7523 498b | d849 8bd7 | 49ba 9022 
  0x00000194a415ba04: a1a6 fa7f | 0000 41ff 

  0x00000194a415ba0c: ;   {other}
  0x00000194a415ba0c: d20f 1f84 | 0000 0000 | 004c 8bc3 | e97d faff | ff4b 894c | 1af8 4983 | c3f8 4d89 | 5f48 e96b 
  0x00000194a415ba2c: faff ff4d | 8b57 584d | 8b5f 48f0 | 8344 24c0 | 0080 3900 | 0f84 19fc | ffff 4488 | 214d 85db 
  0x00000194a415ba4c: 751d 498b | d749 ba90 | 22a1 a6fa | 7f00 0041 

  0x00000194a415ba5c: ;   {other}
  0x00000194a415ba5c: ffd2 0f1f | 8400 0000 | 0000 e9f4 | fbff ff4b | 894c 1af8 | 4983 c3f8 | 4d89 5f48 | e9e2 fbff 
  0x00000194a415ba7c: ff49 8bd7 | 49ba b022 | a1a6 fa7f | 0000 41ff 

  0x00000194a415ba8c: ;   {other}
  0x00000194a415ba8c: d20f 1f84 | 0000 0000 | 00e9 3af2 | ffff 498b | d749 bab0 | 22a1 a6fa | 7f00 0041 

  0x00000194a415baa8: ;   {other}
  0x00000194a415baa8: ffd2 0f1f | 8400 0000 | 0000 e968 | f2ff ffba | 45ff ffff | 4889 5c24 | 2048 8974 | 2430 897c 
  0x00000194a415bac8: 2438 4489 

  0x00000194a415bacc: ;   {runtime_call UncommonTrapBlob}
  0x00000194a415bacc: 5c24 3ce8 

  0x00000194a415bad0: ; ImmutableOopMap {rbp=Oop [32]=Oop [48]=Oop [56]=NarrowOop }
                      ;*if_acmpne {reexecute=1 rethrow=0 return_oop=0}
                      ; - (reexecute) com.mojang.blaze3d.systems.RenderSystem::isOnRenderThread@6 (line 118)
                      ; - com.mojang.blaze3d.systems.RenderSystem::assertOnRenderThreadOrInit@6 (line 126)
                      ; - com.mojang.blaze3d.platform.GlStateManager::_glBindVertexArray@0 (line 297)
                      ; - net.minecraft.client.gl.VertexBuffer::bind@7 (line 128)
                      ; - net.minecraft.client.render.BufferRenderer::bind@8 (line 48)
                      ; - net.minecraft.client.render.BufferRenderer::bind@6 (line 42)
                      ; - net.minecraft.client.render.BufferRenderer::upload@7 (line 35)
                      ; - net.minecraft.client.render.BufferRenderer::drawWithGlobalProgram@4 (line 24)
  0x00000194a415bad0: 2cc2 1cff 

  0x00000194a415bad4: ;   {other}
  0x00000194a415bad4: 0f1f 8400 | 4412 0021 | 4c8b 4c24 | 28e9 e4f9 | ffff 4889 | 4c24 384c | 896c 2430 | 4489 5424 
  0x00000194a415baf4: 2848 8974 | 2420 488b 

  0x00000194a415bafc: ;   {metadata('net/minecraft/client/gl/GpuBuffer')}
  0x00000194a415bafc: eb48 ba30 | e4e1 b294 

  0x00000194a415bb04: ;   {runtime_call _new_instance_Java}
  0x00000194a415bb04: 0100 00e8 

  0x00000194a415bb08: ; ImmutableOopMap {rbp=Oop [32]=Oop [40]=NarrowOop [48]=Oop [56]=Oop }
                      ;*new {reexecute=0 rethrow=0 return_oop=1}
                      ; - net.minecraft.client.gl.VertexBuffer::<init>@18 (line 36)
                      ; - net.minecraft.client.render.VertexFormat::getBuffer@17 (line 130)
                      ; - net.minecraft.client.render.BufferRenderer::bind@1 (line 41)
                      ; - net.minecraft.client.render.BufferRenderer::upload@7 (line 35)
                      ; - net.minecraft.client.render.BufferRenderer::drawWithGlobalProgram@4 (line 24)
  0x00000194a415bb08: f43f 2aff 

  0x00000194a415bb0c: ;   {other}
  0x00000194a415bb0c: 0f1f 8400 | 7c12 0022 | 488b dd48 | 8b74 2420 | 448b 5424 | 284c 8b6c | 2430 488b | 4c24 38e9 
  0x00000194a415bb2c: 83f7 ffff | 4c89 6c24 | 3044 8954 | 2428 4889 | 7424 2048 

  0x00000194a415bb40: ;   {metadata('net/minecraft/client/gl/VertexBuffer')}
  0x00000194a415bb40: 8bea 48ba | 30bc e1b2 | 9401 0000 

  0x00000194a415bb4c: ;   {runtime_call _new_instance_Java}
  0x00000194a415bb4c: 6666 90e8 

  0x00000194a415bb50: ; ImmutableOopMap {rbp=Oop [32]=Oop [40]=NarrowOop [48]=Oop }
                      ;*new {reexecute=0 rethrow=0 return_oop=1}
                      ; - net.minecraft.client.render.VertexFormat::getBuffer@10 (line 130)
                      ; - net.minecraft.client.render.BufferRenderer::bind@1 (line 41)
                      ; - net.minecraft.client.render.BufferRenderer::upload@7 (line 35)
                      ; - net.minecraft.client.render.BufferRenderer::drawWithGlobalProgram@4 (line 24)
  0x00000194a415bb50: ac3f 2aff 

  0x00000194a415bb54: ;   {other}
  0x00000194a415bb54: 0f1f 8400 | c412 0023 | 488b dd48 | 8b74 2420 | 448b 5424 | 284c 8b6c | 2430 e9ea | f6ff ffba 
  0x00000194a415bb74: e4ff ffff | 4889 5c24 | 2044 8954 | 2428 4889 | 4c24 3848 | 894c 2440 | 4889 7424 | 484c 895c 
  0x00000194a415bb94: 2458 4489 | 4c24 2c44 | 8944 2464 

  0x00000194a415bba0: ;   {runtime_call UncommonTrapBlob}
  0x00000194a415bba0: 6666 90e8 

  0x00000194a415bba4: ; ImmutableOopMap {rbp=NarrowOop [32]=Oop [40]=NarrowOop [44]=NarrowOop [56]=Oop [64]=Oop [72]=Oop [88]=Oop }
                      ;*aaload {reexecute=0 rethrow=0 return_oop=0}
                      ; - java.lang.ThreadLocal$ThreadLocalMap::getEntry@18 (line 500)
                      ; - java.lang.ThreadLocal::get@12 (line 187)
                      ; - java.lang.ThreadLocal::get@4 (line 172)
                      ; - org.lwjgl.system.MemoryStack::stackGet@3 (line 906)
                      ; - org.lwjgl.opengl.GL15C::glGenBuffers@0 (line 175)
                      ; - org.lwjgl.opengl.GL15::glGenBuffers@0 (line 192)
                      ; - com.mojang.blaze3d.platform.GlStateManager::_glGenBuffers@21 (line 283)
                      ; - net.minecraft.client.gl.GpuBuffer::<init>@25 (line 25)
                      ; - net.minecraft.client.gl.VertexBuffer::<init>@27 (line 36)
                      ; - net.minecraft.client.render.VertexFormat::getBuffer@17 (line 130)
                      ; - net.minecraft.client.render.BufferRenderer::bind@1 (line 41)
                      ; - net.minecraft.client.render.BufferRenderer::upload@7 (line 35)
                      ; - net.minecraft.client.render.BufferRenderer::drawWithGlobalProgram@4 (line 24)
  0x00000194a415bba4: 58c1 1cff 

  0x00000194a415bba8: ;   {other}
  0x00000194a415bba8: 0f1f 8400 | 1813 0024 | bae4 ffff | ff8b 4c24 | 3089 4c24 | 284c 8944 | 2438 4c89 | 4c24 4089 
  0x00000194a415bbc8: 5c24 2c44 | 8954 244c 

  0x00000194a415bbd0: ;   {runtime_call UncommonTrapBlob}
  0x00000194a415bbd0: 6666 90e8 

  0x00000194a415bbd4: ; ImmutableOopMap {rbp=NarrowOop [32]=Oop [40]=NarrowOop [44]=NarrowOop [56]=Oop [64]=Oop }
                      ;*aaload {reexecute=0 rethrow=0 return_oop=0}
                      ; - java.lang.ThreadLocal$ThreadLocalMap::getEntry@18 (line 500)
                      ; - java.lang.ThreadLocal::get@12 (line 187)
                      ; - java.lang.ThreadLocal::get@4 (line 172)
                      ; - org.lwjgl.system.MemoryStack::stackGet@3 (line 906)
                      ; - org.lwjgl.opengl.GL30C::glGenVertexArrays@0 (line 2417)
                      ; - org.lwjgl.opengl.GL30::glGenVertexArrays@0 (line 2346)
                      ; - com.mojang.blaze3d.platform.GlStateManager::_glGenVertexArrays@3 (line 288)
                      ; - net.minecraft.client.gl.VertexBuffer::<init>@34 (line 37)
                      ; - net.minecraft.client.render.VertexFormat::getBuffer@17 (line 130)
                      ; - net.minecraft.client.render.BufferRenderer::bind@1 (line 41)
                      ; - net.minecraft.client.render.BufferRenderer::upload@7 (line 35)
                      ; - net.minecraft.client.render.BufferRenderer::drawWithGlobalProgram@4 (line 24)
  0x00000194a415bbd4: 28c1 1cff 

  0x00000194a415bbd8: ;   {other}
  0x00000194a415bbd8: 0f1f 8400 | 4813 0025 | ba45 ffff | ff48 8b6c | 2420 448b | 5c24 3044 | 895c 2420 | 4c8b 5c24 
  0x00000194a415bbf8: 384c 895c | 2430 4489 

  0x00000194a415bc00: ;   {runtime_call UncommonTrapBlob}
  0x00000194a415bc00: 4424 24e8 

  0x00000194a415bc04: ; ImmutableOopMap {rbp=Oop [32]=NarrowOop [48]=Oop [56]=Oop [72]=Oop [80]=Oop }
                      ;*iflt {reexecute=1 rethrow=0 return_oop=0}
                      ; - (reexecute) org.lwjgl.system.MemoryStack::checkPointer@1 (line 285)
                      ; - org.lwjgl.system.MemoryStack::setPointer@8 (line 278)
                      ; - org.lwjgl.opengl.GL15C::glGenBuffers@31 (line 181)
                      ; - org.lwjgl.opengl.GL15::glGenBuffers@0 (line 192)
                      ; - com.mojang.blaze3d.platform.GlStateManager::_glGenBuffers@21 (line 283)
                      ; - net.minecraft.client.gl.GpuBuffer::<init>@25 (line 25)
                      ; - net.minecraft.client.gl.VertexBuffer::<init>@27 (line 36)
                      ; - net.minecraft.client.render.VertexFormat::getBuffer@17 (line 130)
                      ; - net.minecraft.client.render.BufferRenderer::bind@1 (line 41)
                      ; - net.minecraft.client.render.BufferRenderer::upload@7 (line 35)
                      ; - net.minecraft.client.render.BufferRenderer::drawWithGlobalProgram@4 (line 24)
  0x00000194a415bc04: f8c0 1cff 

  0x00000194a415bc08: ;   {other}
  0x00000194a415bc08: 0f1f 8400 | 7813 0026 | 488b fb49 | 8bd8 498b | d749 bab0 | 22a1 a6fa | 7f00 0041 

  0x00000194a415bc24: ;   {other}
  0x00000194a415bc24: ffd2 0f1f | 8400 0000 | 0000 4c8b | c348 8bdf | e92e f8ff | ffba 45ff | ffff 488b | 6c24 2044 
  0x00000194a415bc44: 8b4c 2430 | 4489 4c24 | 204c 8b44 | 2438 4c89 | 4424 3044 | 895c 2424 | 4489 5424 

  0x00000194a415bc60: ;   {runtime_call UncommonTrapBlob}
  0x00000194a415bc60: 4466 90e8 

  0x00000194a415bc64: ; ImmutableOopMap {rbp=Oop [32]=NarrowOop [48]=Oop [72]=Oop }
                      ;*iflt {reexecute=1 rethrow=0 return_oop=0}
                      ; - (reexecute) org.lwjgl.system.MemoryStack::checkPointer@1 (line 285)
                      ; - org.lwjgl.system.MemoryStack::setPointer@8 (line 278)
                      ; - org.lwjgl.opengl.GL30C::glGenVertexArrays@31 (line 2423)
                      ; - org.lwjgl.opengl.GL30::glGenVertexArrays@0 (line 2346)
                      ; - com.mojang.blaze3d.platform.GlStateManager::_glGenVertexArrays@3 (line 288)
                      ; - net.minecraft.client.gl.VertexBuffer::<init>@34 (line 37)
                      ; - net.minecraft.client.render.VertexFormat::getBuffer@17 (line 130)
                      ; - net.minecraft.client.render.BufferRenderer::bind@1 (line 41)
                      ; - net.minecraft.client.render.BufferRenderer::upload@7 (line 35)
                      ; - net.minecraft.client.render.BufferRenderer::drawWithGlobalProgram@4 (line 24)
  0x00000194a415bc64: 98c0 1cff 

  0x00000194a415bc68: ;   {other}
  0x00000194a415bc68: 0f1f 8400 | d813 0027 | 498b d749 | bab0 22a1 | a6fa 7f00 | 0041 ffd2 

  0x00000194a415bc80: ;   {other}
  0x00000194a415bc80: 0f1f 8400 | 0000 0000 | e99d f9ff | ffba 45ff | ffff 448b | 5c24 3044 | 895c 2428 | 4c89 4424 
  0x00000194a415bca0: 384c 894c 

  0x00000194a415bca4: ;   {runtime_call UncommonTrapBlob}
  0x00000194a415bca4: 2440 90e8 

  0x00000194a415bca8: ; ImmutableOopMap {rbp=NarrowOop [32]=Oop [40]=NarrowOop [56]=Oop [64]=Oop }
                      ;*if_acmpne {reexecute=1 rethrow=0 return_oop=0}
                      ; - (reexecute) com.mojang.blaze3d.systems.RenderSystem::isOnRenderThread@6 (line 118)
                      ; - com.mojang.blaze3d.systems.RenderSystem::assertOnRenderThreadOrInit@6 (line 126)
                      ; - com.mojang.blaze3d.platform.GlStateManager::_glGenVertexArrays@0 (line 287)
                      ; - net.minecraft.client.gl.VertexBuffer::<init>@34 (line 37)
                      ; - net.minecraft.client.render.VertexFormat::getBuffer@17 (line 130)
                      ; - net.minecraft.client.render.BufferRenderer::bind@1 (line 41)
                      ; - net.minecraft.client.render.BufferRenderer::upload@7 (line 35)
                      ; - net.minecraft.client.render.BufferRenderer::drawWithGlobalProgram@4 (line 24)
  0x00000194a415bca8: 54c0 1cff 

  0x00000194a415bcac: ;   {other}
  0x00000194a415bcac: 0f1f 8400 | 1c14 0028 | ba45 ffff | ff48 895c | 2420 4489 | 5424 2848 | 894c 2438 | 4889 4c24 
  0x00000194a415bccc: 404c 895c | 2450 4889 | 4424 5889 

  0x00000194a415bcd8: ;   {runtime_call UncommonTrapBlob}
  0x00000194a415bcd8: 7c24 2ce8 

  0x00000194a415bcdc: ; ImmutableOopMap {[32]=Oop [40]=NarrowOop [56]=Oop [64]=Oop [80]=Oop [88]=Oop }
                      ;*ifge {reexecute=1 rethrow=0 return_oop=0}
                      ; - (reexecute) org.lwjgl.system.MemoryStack::nmalloc@46 (line 321)
                      ; - org.lwjgl.system.MemoryStack::callocInt@7 (line 445)
                      ; - org.lwjgl.opengl.GL15C::glGenBuffers@11 (line 177)
                      ; - org.lwjgl.opengl.GL15::glGenBuffers@0 (line 192)
                      ; - com.mojang.blaze3d.platform.GlStateManager::_glGenBuffers@21 (line 283)
                      ; - net.minecraft.client.gl.GpuBuffer::<init>@25 (line 25)
                      ; - net.minecraft.client.gl.VertexBuffer::<init>@27 (line 36)
                      ; - net.minecraft.client.render.VertexFormat::getBuffer@17 (line 130)
                      ; - net.minecraft.client.render.BufferRenderer::bind@1 (line 41)
                      ; - net.minecraft.client.render.BufferRenderer::upload@7 (line 35)
                      ; - net.minecraft.client.render.BufferRenderer::drawWithGlobalProgram@4 (line 24)
  0x00000194a415bcdc: 20c0 1cff 

  0x00000194a415bce0: ;   {other}
  0x00000194a415bce0: 0f1f 8400 | 5014 0029 | ba45 ffff | ff48 895c | 2420 4489 | 5424 2848 | 894c 2438 | 4889 4c24 
  0x00000194a415bd00: 404c 895c | 2450 4889 | 4424 5889 | 7c24 2c4c | 894c 2468 

  0x00000194a415bd14: ;   {runtime_call UncommonTrapBlob}
  0x00000194a415bd14: 6666 90e8 

  0x00000194a415bd18: ; ImmutableOopMap {[32]=Oop [40]=NarrowOop [56]=Oop [64]=Oop [80]=Oop [88]=Oop }
                      ;*ifne {reexecute=1 rethrow=0 return_oop=0}
                      ; - (reexecute) org.lwjgl.system.MemoryUtil::memSet@49 (line 1793)
                      ; - org.lwjgl.system.MemoryStack::callocInt@15 (line 446)
                      ; - org.lwjgl.opengl.GL15C::glGenBuffers@11 (line 177)
                      ; - org.lwjgl.opengl.GL15::glGenBuffers@0 (line 192)
                      ; - com.mojang.blaze3d.platform.GlStateManager::_glGenBuffers@21 (line 283)
                      ; - net.minecraft.client.gl.GpuBuffer::<init>@25 (line 25)
                      ; - net.minecraft.client.gl.VertexBuffer::<init>@27 (line 36)
                      ; - net.minecraft.client.render.VertexFormat::getBuffer@17 (line 130)
                      ; - net.minecraft.client.render.BufferRenderer::bind@1 (line 41)
                      ; - net.minecraft.client.render.BufferRenderer::upload@7 (line 35)
                      ; - net.minecraft.client.render.BufferRenderer::drawWithGlobalProgram@4 (line 24)
  0x00000194a415bd18: e4bf 1cff 

  0x00000194a415bd1c: ;   {other}
  0x00000194a415bd1c: 0f1f 8400 | 8c14 002a | ba45 ffff | ff8b 4c24 | 3089 4c24 | 2844 8944 | 242c 4c89 | 5c24 5844 
  0x00000194a415bd3c: 8954 2464 

  0x00000194a415bd40: ;   {runtime_call UncommonTrapBlob}
  0x00000194a415bd40: 6666 90e8 

  0x00000194a415bd44: ; ImmutableOopMap {[32]=Oop [40]=NarrowOop [56]=Oop [72]=Oop [88]=Oop }
                      ;*if_icmpge {reexecute=1 rethrow=0 return_oop=0}
                      ; - (reexecute) org.lwjgl.system.MemoryStack::checkPointer@9 (line 285)
                      ; - org.lwjgl.system.MemoryStack::setPointer@8 (line 278)
                      ; - org.lwjgl.opengl.GL15C::glGenBuffers@31 (line 181)
                      ; - org.lwjgl.opengl.GL15::glGenBuffers@0 (line 192)
                      ; - com.mojang.blaze3d.platform.GlStateManager::_glGenBuffers@21 (line 283)
                      ; - net.minecraft.client.gl.GpuBuffer::<init>@25 (line 25)
                      ; - net.minecraft.client.gl.VertexBuffer::<init>@27 (line 36)
                      ; - net.minecraft.client.render.VertexFormat::getBuffer@17 (line 130)
                      ; - net.minecraft.client.render.BufferRenderer::bind@1 (line 41)
                      ; - net.minecraft.client.render.BufferRenderer::upload@7 (line 35)
                      ; - net.minecraft.client.render.BufferRenderer::drawWithGlobalProgram@4 (line 24)
  0x00000194a415bd44: b8bf 1cff 

  0x00000194a415bd48: ;   {other}
  0x00000194a415bd48: 0f1f 8400 | b814 002b | ba45 ffff | ff44 8b54 | 2430 4489 | 5424 284c | 8944 2438 | 4889 5c24 
  0x00000194a415bd68: 4044 895c 

  0x00000194a415bd6c: ;   {runtime_call UncommonTrapBlob}
  0x00000194a415bd6c: 242c 90e8 

  0x00000194a415bd70: ; ImmutableOopMap {[32]=Oop [40]=NarrowOop [56]=Oop [64]=Oop }
                      ;*ifge {reexecute=1 rethrow=0 return_oop=0}
                      ; - (reexecute) org.lwjgl.system.MemoryStack::nmalloc@46 (line 321)
                      ; - org.lwjgl.system.MemoryStack::callocInt@7 (line 445)
                      ; - org.lwjgl.opengl.GL30C::glGenVertexArrays@11 (line 2419)
                      ; - org.lwjgl.opengl.GL30::glGenVertexArrays@0 (line 2346)
                      ; - com.mojang.blaze3d.platform.GlStateManager::_glGenVertexArrays@3 (line 288)
                      ; - net.minecraft.client.gl.VertexBuffer::<init>@34 (line 37)
                      ; - net.minecraft.client.render.VertexFormat::getBuffer@17 (line 130)
                      ; - net.minecraft.client.render.BufferRenderer::bind@1 (line 41)
                      ; - net.minecraft.client.render.BufferRenderer::upload@7 (line 35)
                      ; - net.minecraft.client.render.BufferRenderer::drawWithGlobalProgram@4 (line 24)
  0x00000194a415bd70: 8cbf 1cff 

  0x00000194a415bd74: ;   {other}
  0x00000194a415bd74: 0f1f 8400 | e414 002c | ba45 ffff | ff44 8b4c | 2430 4489 | 4c24 284c | 8944 2438 | 4889 5c24 
  0x00000194a415bd94: 4044 895c | 242c 4889 

  0x00000194a415bd9c: ;   {runtime_call UncommonTrapBlob}
  0x00000194a415bd9c: 7c24 50e8 

  0x00000194a415bda0: ; ImmutableOopMap {[32]=Oop [40]=NarrowOop [56]=Oop [64]=Oop }
                      ;*ifne {reexecute=1 rethrow=0 return_oop=0}
                      ; - (reexecute) org.lwjgl.system.MemoryUtil::memSet@49 (line 1793)
                      ; - org.lwjgl.system.MemoryStack::callocInt@15 (line 446)
                      ; - org.lwjgl.opengl.GL30C::glGenVertexArrays@11 (line 2419)
                      ; - org.lwjgl.opengl.GL30::glGenVertexArrays@0 (line 2346)
                      ; - com.mojang.blaze3d.platform.GlStateManager::_glGenVertexArrays@3 (line 288)
                      ; - net.minecraft.client.gl.VertexBuffer::<init>@34 (line 37)
                      ; - net.minecraft.client.render.VertexFormat::getBuffer@17 (line 130)
                      ; - net.minecraft.client.render.BufferRenderer::bind@1 (line 41)
                      ; - net.minecraft.client.render.BufferRenderer::upload@7 (line 35)
                      ; - net.minecraft.client.render.BufferRenderer::drawWithGlobalProgram@4 (line 24)
  0x00000194a415bda0: 5cbf 1cff 

  0x00000194a415bda4: ;   {other}
  0x00000194a415bda4: 0f1f 8400 | 1415 002d | ba45 ffff | ff44 8b44 | 2430 4489 | 4424 2844 | 895c 242c | 4c89 4c24 
  0x00000194a415bdc4: 4044 8954 

  0x00000194a415bdc8: ;   {runtime_call UncommonTrapBlob}
  0x00000194a415bdc8: 244c 90e8 

  0x00000194a415bdcc: ; ImmutableOopMap {[32]=Oop [40]=NarrowOop [56]=Oop [64]=Oop }
                      ;*if_icmpge {reexecute=1 rethrow=0 return_oop=0}
                      ; - (reexecute) org.lwjgl.system.MemoryStack::checkPointer@9 (line 285)
                      ; - org.lwjgl.system.MemoryStack::setPointer@8 (line 278)
                      ; - org.lwjgl.opengl.GL30C::glGenVertexArrays@31 (line 2423)
                      ; - org.lwjgl.opengl.GL30::glGenVertexArrays@0 (line 2346)
                      ; - com.mojang.blaze3d.platform.GlStateManager::_glGenVertexArrays@3 (line 288)
                      ; - net.minecraft.client.gl.VertexBuffer::<init>@34 (line 37)
                      ; - net.minecraft.client.render.VertexFormat::getBuffer@17 (line 130)
                      ; - net.minecraft.client.render.BufferRenderer::bind@1 (line 41)
                      ; - net.minecraft.client.render.BufferRenderer::upload@7 (line 35)
                      ; - net.minecraft.client.render.BufferRenderer::drawWithGlobalProgram@4 (line 24)
  0x00000194a415bdcc: 30bf 1cff 

  0x00000194a415bdd0: ;   {other}
  0x00000194a415bdd0: 0f1f 8400 | 4015 002e | bade ffff | ff48 8beb | 4489 5424 | 2048 894c | 2430 4889 | 4c24 384c 
  0x00000194a415bdf0: 895c 2448 | 4c89 4c24 

  0x00000194a415bdf8: ;   {runtime_call UncommonTrapBlob}
  0x00000194a415bdf8: 5066 90e8 

  0x00000194a415bdfc: ; ImmutableOopMap {rbp=Oop [32]=NarrowOop [48]=Oop [56]=Oop [72]=Oop [80]=Oop }
                      ;*checkcast {reexecute=0 rethrow=0 return_oop=0}
                      ; - org.lwjgl.system.MemoryStack::stackGet@6 (line 906)
                      ; - org.lwjgl.opengl.GL15C::glGenBuffers@0 (line 175)
                      ; - org.lwjgl.opengl.GL15::glGenBuffers@0 (line 192)
                      ; - com.mojang.blaze3d.platform.GlStateManager::_glGenBuffers@21 (line 283)
                      ; - net.minecraft.client.gl.GpuBuffer::<init>@25 (line 25)
                      ; - net.minecraft.client.gl.VertexBuffer::<init>@27 (line 36)
                      ; - net.minecraft.client.render.VertexFormat::getBuffer@17 (line 130)
                      ; - net.minecraft.client.render.BufferRenderer::bind@1 (line 41)
                      ; - net.minecraft.client.render.BufferRenderer::upload@7 (line 35)
                      ; - net.minecraft.client.render.BufferRenderer::drawWithGlobalProgram@4 (line 24)
  0x00000194a415bdfc: 00bf 1cff 

  0x00000194a415be00: ;   {other}
  0x00000194a415be00: 0f1f 8400 | 7015 002f | bade ffff | ff48 8b6c | 2420 448b | 4c24 3044 | 894c 2420 | 4c89 4424 
  0x00000194a415be20: 304c 895c 

  0x00000194a415be24: ;   {runtime_call UncommonTrapBlob}
  0x00000194a415be24: 2438 90e8 

  0x00000194a415be28: ; ImmutableOopMap {rbp=Oop [32]=NarrowOop [48]=Oop [56]=Oop }
                      ;*checkcast {reexecute=0 rethrow=0 return_oop=0}
                      ; - org.lwjgl.system.MemoryStack::stackGet@6 (line 906)
                      ; - org.lwjgl.opengl.GL30C::glGenVertexArrays@0 (line 2417)
                      ; - org.lwjgl.opengl.GL30::glGenVertexArrays@0 (line 2346)
                      ; - com.mojang.blaze3d.platform.GlStateManager::_glGenVertexArrays@3 (line 288)
                      ; - net.minecraft.client.gl.VertexBuffer::<init>@34 (line 37)
                      ; - net.minecraft.client.render.VertexFormat::getBuffer@17 (line 130)
                      ; - net.minecraft.client.render.BufferRenderer::bind@1 (line 41)
                      ; - net.minecraft.client.render.BufferRenderer::upload@7 (line 35)
                      ; - net.minecraft.client.render.BufferRenderer::drawWithGlobalProgram@4 (line 24)
  0x00000194a415be28: d4be 1cff 

  0x00000194a415be2c: ;   {other}
  0x00000194a415be2c: 0f1f 8400 | 9c15 0030 | bade ffff | ff44 895c | 2420 4489 | 5424 2489 

  0x00000194a415be44: ;   {runtime_call UncommonTrapBlob}
  0x00000194a415be44: 4c24 28e8 

  0x00000194a415be48: ; ImmutableOopMap {[32]=NarrowOop [40]=NarrowOop }
                      ;*checkcast {reexecute=0 rethrow=0 return_oop=0}
                      ; - net.minecraft.client.gl.ShaderProgram::unbind@36 (line 161)
                      ; - net.minecraft.client.gl.VertexBuffer::draw@33 (line 154)
                      ; - net.minecraft.client.render.BufferRenderer::drawWithGlobalProgram@18 (line 25)
  0x00000194a415be48: b4be 1cff 

  0x00000194a415be4c: ;   {other}
  0x00000194a415be4c: 0f1f 8400 | bc15 0031 | baf6 ffff 

  0x00000194a415be58: ;   {runtime_call UncommonTrapBlob}
  0x00000194a415be58: ff66 90e8 

  0x00000194a415be5c: ; ImmutableOopMap {}
                      ;*invokevirtual getDrawParameters {reexecute=0 rethrow=0 return_oop=0}
                      ; - net.minecraft.client.render.BufferRenderer::upload@1 (line 35)
                      ; - net.minecraft.client.render.BufferRenderer::drawWithGlobalProgram@4 (line 24)
  0x00000194a415be5c: a0be 1cff 

  0x00000194a415be60: ;   {other}
  0x00000194a415be60: 0f1f 8400 | d015 0032 | baf6 ffff 

  0x00000194a415be6c: ;   {runtime_call UncommonTrapBlob}
  0x00000194a415be6c: ff66 90e8 

  0x00000194a415be70: ; ImmutableOopMap {}
                      ;*invokevirtual format {reexecute=0 rethrow=0 return_oop=0}
                      ; - net.minecraft.client.render.BufferRenderer::upload@4 (line 35)
                      ; - net.minecraft.client.render.BufferRenderer::drawWithGlobalProgram@4 (line 24)
  0x00000194a415be70: 8cbe 1cff 

  0x00000194a415be74: ;   {other}
  0x00000194a415be74: 0f1f 8400 | e415 0033 | baf6 ffff 

  0x00000194a415be80: ;   {runtime_call UncommonTrapBlob}
  0x00000194a415be80: ff66 90e8 

  0x00000194a415be84: ; ImmutableOopMap {}
                      ;*invokevirtual getBuffer {reexecute=0 rethrow=0 return_oop=0}
                      ; - net.minecraft.client.render.BufferRenderer::bind@1 (line 41)
                      ; - net.minecraft.client.render.BufferRenderer::upload@7 (line 35)
                      ; - net.minecraft.client.render.BufferRenderer::drawWithGlobalProgram@4 (line 24)
  0x00000194a415be84: 78be 1cff 

  0x00000194a415be88: ;   {other}
  0x00000194a415be88: 0f1f 8400 | f815 0034 | baf6 ffff 

  0x00000194a415be94: ;   {runtime_call UncommonTrapBlob}
  0x00000194a415be94: ff66 90e8 

  0x00000194a415be98: ; ImmutableOopMap {}
                      ;*invokevirtual getWindow {reexecute=0 rethrow=0 return_oop=0}
                      ; - net.minecraft.client.gl.VertexBuffer::draw@18 (line 151)
                      ; - net.minecraft.client.render.BufferRenderer::drawWithGlobalProgram@18 (line 25)
  0x00000194a415be98: 64be 1cff 

  0x00000194a415be9c: ;   {other}
  0x00000194a415be9c: 0f1f 8400 | 0c16 0035 | baf6 ffff 

  0x00000194a415bea8: ;   {runtime_call UncommonTrapBlob}
  0x00000194a415bea8: ff66 90e8 

  0x00000194a415beac: ; ImmutableOopMap {}
                      ;*getfield glMode {reexecute=1 rethrow=0 return_oop=0}
                      ; - (reexecute) net.minecraft.client.gl.VertexBuffer::draw@4 (line 137)
                      ; - net.minecraft.client.gl.VertexBuffer::draw@29 (line 153)
                      ; - net.minecraft.client.render.BufferRenderer::drawWithGlobalProgram@18 (line 25)
  0x00000194a415beac: 50be 1cff 

  0x00000194a415beb0: ;   {other}
  0x00000194a415beb0: 0f1f 8400 | 2016 0036 | baf6 ffff 

  0x00000194a415bebc: ;   {runtime_call UncommonTrapBlob}
  0x00000194a415bebc: ff66 90e8 

  0x00000194a415bec0: ; ImmutableOopMap {}
                      ;*getfield glType {reexecute=1 rethrow=0 return_oop=0}
                      ; - (reexecute) net.minecraft.client.gl.VertexBuffer::draw@15 (line 137)
                      ; - net.minecraft.client.gl.VertexBuffer::draw@29 (line 153)
                      ; - net.minecraft.client.render.BufferRenderer::drawWithGlobalProgram@18 (line 25)
  0x00000194a415bec0: 3cbe 1cff 

  0x00000194a415bec4: ;   {other}
  0x00000194a415bec4: 0f1f 8400 | 3416 0037 | baf6 ffff 

  0x00000194a415bed0: ;   {runtime_call UncommonTrapBlob}
  0x00000194a415bed0: ff66 90e8 

  0x00000194a415bed4: ; ImmutableOopMap {}
                      ;*invokeinterface size {reexecute=0 rethrow=0 return_oop=0}
                      ; - net.minecraft.client.gl.ShaderProgram::unbind@18 (line 160)
                      ; - net.minecraft.client.gl.VertexBuffer::draw@33 (line 154)
                      ; - net.minecraft.client.render.BufferRenderer::drawWithGlobalProgram@18 (line 25)
  0x00000194a415bed4: 28be 1cff 

  0x00000194a415bed8: ;   {other}
  0x00000194a415bed8: 0f1f 8400 | 4816 0038 | baf6 ffff | ff41 8be8 

  0x00000194a415bee8: ;   {runtime_call UncommonTrapBlob}
  0x00000194a415bee8: 6666 90e8 

  0x00000194a415beec: ; ImmutableOopMap {}
                      ;*invokeinterface get {reexecute=0 rethrow=0 return_oop=0}
                      ; - net.minecraft.client.gl.ShaderProgram::unbind@31 (line 161)
                      ; - net.minecraft.client.gl.VertexBuffer::draw@33 (line 154)
                      ; - net.minecraft.client.render.BufferRenderer::drawWithGlobalProgram@18 (line 25)
  0x00000194a415beec: 10be 1cff 

  0x00000194a415bef0: ;   {other}
  0x00000194a415bef0: 0f1f 8400 | 6016 0039 | baf6 ffff 

  0x00000194a415befc: ;   {runtime_call UncommonTrapBlob}
  0x00000194a415befc: ff66 90e8 

  0x00000194a415bf00: ; ImmutableOopMap {}
                      ;*aaload {reexecute=0 rethrow=0 return_oop=0}
                      ; - java.util.ArrayList::elementData@5 (line 411)
                      ; - java.util.ArrayList::get@11 (line 428)
                      ; - net.minecraft.client.gl.ShaderProgram::unbind@31 (line 161)
                      ; - net.minecraft.client.gl.VertexBuffer::draw@33 (line 154)
                      ; - net.minecraft.client.render.BufferRenderer::drawWithGlobalProgram@18 (line 25)
  0x00000194a415bf00: fcbd 1cff 

  0x00000194a415bf04: ;   {other}
  0x00000194a415bf04: 0f1f 8400 | 7416 003a | baf4 ffff | ff44 895c | 2420 4489 

  0x00000194a415bf18: ;   {runtime_call UncommonTrapBlob}
  0x00000194a415bf18: 5424 24e8 

  0x00000194a415bf1c: ; ImmutableOopMap {[32]=NarrowOop }
                      ;*checkcast {reexecute=0 rethrow=0 return_oop=0}
                      ; - net.minecraft.client.gl.ShaderProgram::unbind@36 (line 161)
                      ; - net.minecraft.client.gl.VertexBuffer::draw@33 (line 154)
                      ; - net.minecraft.client.render.BufferRenderer::drawWithGlobalProgram@18 (line 25)
  0x00000194a415bf1c: e0bd 1cff 

  0x00000194a415bf20: ;   {other}
  0x00000194a415bf20: 0f1f 8400 | 9016 003b | baf6 ffff 

  0x00000194a415bf2c: ;   {runtime_call UncommonTrapBlob}
  0x00000194a415bf2c: ff8b ebe8 

  0x00000194a415bf30: ; ImmutableOopMap {rbp=NarrowOop }
                      ;*invokeinterface containsKey {reexecute=0 rethrow=0 return_oop=0}
                      ; - net.minecraft.client.gl.ShaderProgram::unbind@48 (line 162)
                      ; - net.minecraft.client.gl.VertexBuffer::draw@33 (line 154)
                      ; - net.minecraft.client.render.BufferRenderer::drawWithGlobalProgram@18 (line 25)
  0x00000194a415bf30: ccbd 1cff 

  0x00000194a415bf34: ;   {other}
  0x00000194a415bf34: 0f1f 8400 | a416 003c | ba76 ffff | ff44 895c | 2420 4489 | 5424 2489 | 5c24 2889 | 4c24 2c44 
  0x00000194a415bf54: 894c 2430 | 897c 2434 

  0x00000194a415bf5c: ;   {runtime_call UncommonTrapBlob}
  0x00000194a415bf5c: 6666 90e8 

  0x00000194a415bf60: ; ImmutableOopMap {[32]=NarrowOop [40]=NarrowOop [44]=NarrowOop }
                      ;*ifeq {reexecute=1 rethrow=0 return_oop=0}
                      ; - (reexecute) it.unimi.dsi.fastutil.objects.Object2IntArrayMap::findKey@14 (line 423)
                      ; - it.unimi.dsi.fastutil.objects.Object2IntArrayMap::containsKey@2 (line 451)
                      ; - net.minecraft.client.gl.ShaderProgram::unbind@48 (line 162)
                      ; - net.minecraft.client.gl.VertexBuffer::draw@33 (line 154)
                      ; - net.minecraft.client.render.BufferRenderer::drawWithGlobalProgram@18 (line 25)
  0x00000194a415bf60: 9cbd 1cff 

  0x00000194a415bf64: ;   {other}
  0x00000194a415bf64: 0f1f 8400 | d416 003d | baf6 ffff 

  0x00000194a415bf70: ;   {runtime_call UncommonTrapBlob}
  0x00000194a415bf70: ff66 90e8 

  0x00000194a415bf74: ; ImmutableOopMap {}
                      ;*invokeinterface size {reexecute=0 rethrow=0 return_oop=0}
                      ; - net.minecraft.client.gl.ShaderProgram::unbind@18 (line 160)
                      ; - net.minecraft.client.gl.VertexBuffer::draw@33 (line 154)
                      ; - net.minecraft.client.render.BufferRenderer::drawWithGlobalProgram@18 (line 25)
  0x00000194a415bf74: 88bd 1cff 

  0x00000194a415bf78: ;   {other}
  0x00000194a415bf78: 0f1f 8400 | e816 003e | baf4 ffff | ff48 8beb | 4489 5424 | 2048 894c | 2430 4889 | 4c24 384c 
  0x00000194a415bf98: 895c 2448 

  0x00000194a415bf9c: ;   {runtime_call UncommonTrapBlob}
  0x00000194a415bf9c: 6666 90e8 

  0x00000194a415bfa0: ; ImmutableOopMap {rbp=Oop [32]=NarrowOop [48]=Oop [56]=Oop [72]=Oop }
                      ;*checkcast {reexecute=0 rethrow=0 return_oop=0}
                      ; - org.lwjgl.system.MemoryStack::stackGet@6 (line 906)
                      ; - org.lwjgl.opengl.GL15C::glGenBuffers@0 (line 175)
                      ; - org.lwjgl.opengl.GL15::glGenBuffers@0 (line 192)
                      ; - com.mojang.blaze3d.platform.GlStateManager::_glGenBuffers@21 (line 283)
                      ; - net.minecraft.client.gl.GpuBuffer::<init>@25 (line 25)
                      ; - net.minecraft.client.gl.VertexBuffer::<init>@27 (line 36)
                      ; - net.minecraft.client.render.VertexFormat::getBuffer@17 (line 130)
                      ; - net.minecraft.client.render.BufferRenderer::bind@1 (line 41)
                      ; - net.minecraft.client.render.BufferRenderer::upload@7 (line 35)
                      ; - net.minecraft.client.render.BufferRenderer::drawWithGlobalProgram@4 (line 24)
  0x00000194a415bfa0: 5cbd 1cff 

  0x00000194a415bfa4: ;   {other}
  0x00000194a415bfa4: 0f1f 8400 | 1417 003f | baf4 ffff | ff48 8b6c | 2420 448b | 5424 3044 | 8954 2420 | 4c89 4424 
  0x00000194a415bfc4: ;   {runtime_call UncommonTrapBlob}
  0x00000194a415bfc4: 3066 90e8 

  0x00000194a415bfc8: ; ImmutableOopMap {rbp=Oop [32]=NarrowOop [48]=Oop }
                      ;*checkcast {reexecute=0 rethrow=0 return_oop=0}
                      ; - org.lwjgl.system.MemoryStack::stackGet@6 (line 906)
                      ; - org.lwjgl.opengl.GL30C::glGenVertexArrays@0 (line 2417)
                      ; - org.lwjgl.opengl.GL30::glGenVertexArrays@0 (line 2346)
                      ; - com.mojang.blaze3d.platform.GlStateManager::_glGenVertexArrays@3 (line 288)
                      ; - net.minecraft.client.gl.VertexBuffer::<init>@34 (line 37)
                      ; - net.minecraft.client.render.VertexFormat::getBuffer@17 (line 130)
                      ; - net.minecraft.client.render.BufferRenderer::bind@1 (line 41)
                      ; - net.minecraft.client.render.BufferRenderer::upload@7 (line 35)
                      ; - net.minecraft.client.render.BufferRenderer::drawWithGlobalProgram@4 (line 24)
  0x00000194a415bfc8: 34bd 1cff 

  0x00000194a415bfcc: ;   {other}
  0x00000194a415bfcc: 0f1f 8400 | 3c17 0040 | baf6 ffff | ff48 8beb | 4489 5424 | 2048 894c | 2430 4889 | 4c24 384c 
  0x00000194a415bfec: 895c 2448 

  0x00000194a415bff0: ;   {runtime_call UncommonTrapBlob}
  0x00000194a415bff0: 6666 90e8 

  0x00000194a415bff4: ; ImmutableOopMap {rbp=Oop [32]=NarrowOop [48]=Oop [56]=Oop [72]=Oop }
                      ;*arraylength {reexecute=0 rethrow=0 return_oop=0}
                      ; - java.lang.ThreadLocal$ThreadLocalMap::getEntry@8 (line 499)
                      ; - java.lang.ThreadLocal::get@12 (line 187)
                      ; - java.lang.ThreadLocal::get@4 (line 172)
                      ; - org.lwjgl.system.MemoryStack::stackGet@3 (line 906)
                      ; - org.lwjgl.opengl.GL15C::glGenBuffers@0 (line 175)
                      ; - org.lwjgl.opengl.GL15::glGenBuffers@0 (line 192)
                      ; - com.mojang.blaze3d.platform.GlStateManager::_glGenBuffers@21 (line 283)
                      ; - net.minecraft.client.gl.GpuBuffer::<init>@25 (line 25)
                      ; - net.minecraft.client.gl.VertexBuffer::<init>@27 (line 36)
                      ; - net.minecraft.client.render.VertexFormat::getBuffer@17 (line 130)
                      ; - net.minecraft.client.render.BufferRenderer::bind@1 (line 41)
                      ; - net.minecraft.client.render.BufferRenderer::upload@7 (line 35)
                      ; - net.minecraft.client.render.BufferRenderer::drawWithGlobalProgram@4 (line 24)
  0x00000194a415bff4: 08bd 1cff 

  0x00000194a415bff8: ;   {other}
  0x00000194a415bff8: 0f1f 8400 | 6817 0041 | baf6 ffff | ff48 8b6c | 2420 448b | 5424 3044 | 8954 2420 | 4c89 4424 
  0x00000194a415c018: ;   {runtime_call UncommonTrapBlob}
  0x00000194a415c018: 3066 90e8 

  0x00000194a415c01c: ; ImmutableOopMap {rbp=Oop [32]=NarrowOop [48]=Oop }
                      ;*arraylength {reexecute=0 rethrow=0 return_oop=0}
                      ; - java.lang.ThreadLocal$ThreadLocalMap::getEntry@8 (line 499)
                      ; - java.lang.ThreadLocal::get@12 (line 187)
                      ; - java.lang.ThreadLocal::get@4 (line 172)
                      ; - org.lwjgl.system.MemoryStack::stackGet@3 (line 906)
                      ; - org.lwjgl.opengl.GL30C::glGenVertexArrays@0 (line 2417)
                      ; - org.lwjgl.opengl.GL30::glGenVertexArrays@0 (line 2346)
                      ; - com.mojang.blaze3d.platform.GlStateManager::_glGenVertexArrays@3 (line 288)
                      ; - net.minecraft.client.gl.VertexBuffer::<init>@34 (line 37)
                      ; - net.minecraft.client.render.VertexFormat::getBuffer@17 (line 130)
                      ; - net.minecraft.client.render.BufferRenderer::bind@1 (line 41)
                      ; - net.minecraft.client.render.BufferRenderer::upload@7 (line 35)
                      ; - net.minecraft.client.render.BufferRenderer::drawWithGlobalProgram@4 (line 24)
  0x00000194a415c01c: e0bc 1cff 

  0x00000194a415c020: ;   {other}
  0x00000194a415c020: 0f1f 8400 | 9017 0042 | 488b e8eb | 7348 8be8 | eb6e 488b | e8eb 6948 | 8be8 eb64 | eb02 eb05 
  0x00000194a415c040: 488b e8eb | 5b48 8be8 | eb56 488b | e8eb 0348 | 8be8 4c8b | 5424 384c | 8954 2430 | 488b 5424 
  0x00000194a415c060: 5044 8b44 

  0x00000194a415c064: ;   {optimized virtual_call}
  0x00000194a415c064: 2458 90e8 

  0x00000194a415c068: ; ImmutableOopMap {rbp=Oop [32]=Oop [48]=Oop [56]=Oop [64]=Oop [72]=Oop }
                      ;*invokevirtual setPointer {reexecute=0 rethrow=0 return_oop=0}
                      ; - org.lwjgl.opengl.GL15C::glGenBuffers@40 (line 181)
                      ; - org.lwjgl.opengl.GL15::glGenBuffers@0 (line 192)
                      ; - com.mojang.blaze3d.platform.GlStateManager::_glGenBuffers@21 (line 283)
                      ; - net.minecraft.client.gl.GpuBuffer::<init>@25 (line 25)
                      ; - net.minecraft.client.gl.VertexBuffer::<init>@27 (line 36)
                      ; - net.minecraft.client.render.VertexFormat::getBuffer@17 (line 130)
                      ; - net.minecraft.client.render.BufferRenderer::bind@1 (line 41)
                      ; - net.minecraft.client.render.BufferRenderer::upload@7 (line 35)
                      ; - net.minecraft.client.render.BufferRenderer::drawWithGlobalProgram@4 (line 24)
  0x00000194a415c068: 142e 1cff 

  0x00000194a415c06c: ;   {other}
  0x00000194a415c06c: 0f1f 8400 | dc17 0043 | eb2a 488b | e8eb 0348 | 8be8 4c8b | 5424 384c | 8954 2430 | 488b 5424 
  0x00000194a415c08c: 4844 8b44 

  0x00000194a415c090: ;   {optimized virtual_call}
  0x00000194a415c090: 2450 90e8 

  0x00000194a415c094: ; ImmutableOopMap {rbp=Oop [32]=Oop [48]=Oop [64]=Oop }
                      ;*invokevirtual setPointer {reexecute=0 rethrow=0 return_oop=0}
                      ; - org.lwjgl.opengl.GL30C::glGenVertexArrays@40 (line 2423)
                      ; - org.lwjgl.opengl.GL30::glGenVertexArrays@0 (line 2346)
                      ; - com.mojang.blaze3d.platform.GlStateManager::_glGenVertexArrays@3 (line 288)
                      ; - net.minecraft.client.gl.VertexBuffer::<init>@34 (line 37)
                      ; - net.minecraft.client.render.VertexFormat::getBuffer@17 (line 130)
                      ; - net.minecraft.client.render.BufferRenderer::bind@1 (line 41)
                      ; - net.minecraft.client.render.BufferRenderer::upload@7 (line 35)
                      ; - net.minecraft.client.render.BufferRenderer::drawWithGlobalProgram@4 (line 24)
  0x00000194a415c094: e82d 1cff 

  0x00000194a415c098: ;   {other}
  0x00000194a415c098: 0f1f 8400 | 0818 0044 | 488b c5eb | 0ceb 0feb | 0deb 0beb | 09eb 07eb | 0048 8bd0 | eb03 488b 
  0x00000194a415c0b8: d048 81c4 | 9000 0000 

  0x00000194a415c0c0: ;   {runtime_call _rethrow_Java}
  0x00000194a415c0c0: 5de9 3a53 

  0x00000194a415c0c4: ;   {internal_word}
  0x00000194a415c0c4: 2aff 49ba | 10b0 15a4 | 9401 0000 | 4d89 9768 

  0x00000194a415c0d4: ;   {runtime_call SafepointBlob}
  0x00000194a415c0d4: 0400 00e9 | a4aa 1cff 

  0x00000194a415c0dc: ;   {runtime_call StubRoutines (final stubs)}
  0x00000194a415c0dc: e81f a11a | ffe9 78eb | ffff f4f4 
[Stub Code]
  0x00000194a415c0e8: ;   {no_reloc}
  0x00000194a415c0e8: 48bb 00a5 | c480 9401 

  0x00000194a415c0f0: ;   {runtime_call I2C/C2I adapters}
  0x00000194a415c0f0: 0000 e910 

  0x00000194a415c0f4: ;   {static_stub}
  0x00000194a415c0f4: 8e1c ff48 | bbc8 3ed0 | 8094 0100 

  0x00000194a415c100: ;   {runtime_call I2C/C2I adapters}
  0x00000194a415c100: 00e9 0d77 

  0x00000194a415c104: ;   {static_stub}
  0x00000194a415c104: 19ff 48bb | 0000 0000 | 0000 0000 

  0x00000194a415c110: ;   {runtime_call}
  0x00000194a415c110: e9fb ffff 

  0x00000194a415c114: ;   {static_stub}
  0x00000194a415c114: ff48 bb00 | 0000 0000 

  0x00000194a415c11c: ;   {runtime_call}
  0x00000194a415c11c: 0000 00e9 | fbff ffff 

  0x00000194a415c124: ;   {static_stub}
  0x00000194a415c124: 48bb 0000 | 0000 0000 

  0x00000194a415c12c: ;   {runtime_call}
  0x00000194a415c12c: 0000 e9fb 

  0x00000194a415c130: ;   {static_stub}
  0x00000194a415c130: ffff ff48 | bb00 0000 | 0000 0000 

  0x00000194a415c13c: ;   {runtime_call}
  0x00000194a415c13c: 00e9 fbff 

  0x00000194a415c140: ;   {static_stub}
  0x00000194a415c140: ffff 48bb | 0000 0000 | 0000 0000 

  0x00000194a415c14c: ;   {runtime_call}
  0x00000194a415c14c: e9fb ffff 

  0x00000194a415c150: ;   {static_stub}
  0x00000194a415c150: ff48 bb00 | 0000 0000 

  0x00000194a415c158: ;   {runtime_call}
  0x00000194a415c158: 0000 00e9 | fbff ffff 

  0x00000194a415c160: ;   {static_stub}
  0x00000194a415c160: 48bb 0000 | 0000 0000 

  0x00000194a415c168: ;   {runtime_call}
  0x00000194a415c168: 0000 e9fb 

  0x00000194a415c16c: ;   {static_stub}
  0x00000194a415c16c: ffff ff48 | bb00 0000 | 0000 0000 

  0x00000194a415c178: ;   {runtime_call}
  0x00000194a415c178: 00e9 fbff 

  0x00000194a415c17c: ;   {static_stub}
  0x00000194a415c17c: ffff 48bb | 0000 0000 | 0000 0000 

  0x00000194a415c188: ;   {runtime_call}
  0x00000194a415c188: e9fb ffff 

  0x00000194a415c18c: ;   {static_stub}
  0x00000194a415c18c: ff48 bb00 | 0000 0000 

  0x00000194a415c194: ;   {runtime_call}
  0x00000194a415c194: 0000 00e9 | fbff ffff 

  0x00000194a415c19c: ;   {static_stub}
  0x00000194a415c19c: 48bb 0000 | 0000 0000 

  0x00000194a415c1a4: ;   {runtime_call}
  0x00000194a415c1a4: 0000 e9fb 

  0x00000194a415c1a8: ;   {static_stub}
  0x00000194a415c1a8: ffff ff48 | bb00 0000 | 0000 0000 

  0x00000194a415c1b4: ;   {runtime_call}
  0x00000194a415c1b4: 00e9 fbff 

  0x00000194a415c1b8: ;   {runtime_call ExceptionBlob}
  0x00000194a415c1b8: ffff e941 | 3c2a ffe8 | 0000 0000 | 4883 2c24 

  0x00000194a415c1c8: ;   {runtime_call DeoptimizationBlob}
  0x00000194a415c1c8: 05e9 52be | 1cff f4f4 
[/MachCode]


Compiled method (c2)  145050 23299       4       net.minecraft.client.render.VertexConsumerProvider$Immediate::draw (70 bytes)
 total in heap  [0x00000194a39b9590,0x00000194a39ba8b8] = 4904
 relocation     [0x00000194a39b96f0,0x00000194a39b97e0] = 240
 main code      [0x00000194a39b97e0,0x00000194a39ba160] = 2432
 stub code      [0x00000194a39ba160,0x00000194a39ba1c0] = 96
 oops           [0x00000194a39ba1c0,0x00000194a39ba1e0] = 32
 metadata       [0x00000194a39ba1e0,0x00000194a39ba2b8] = 216
 scopes data    [0x00000194a39ba2b8,0x00000194a39ba578] = 704
 scopes pcs     [0x00000194a39ba578,0x00000194a39ba758] = 480
 dependencies   [0x00000194a39ba758,0x00000194a39ba788] = 48
 handler table  [0x00000194a39ba788,0x00000194a39ba878] = 240
 nul chk table  [0x00000194a39ba878,0x00000194a39ba8b8] = 64

[Constant Pool (empty)]

[MachCode]
[Entry Point]
  # {method} {0x0000019480b16890} 'draw' '(Lnet/minecraft/client/render/RenderLayer;Lnet/minecraft/client/render/BufferBuilder;)V' in 'net/minecraft/client/render/VertexConsumerProvider$Immediate'
  # this:     rdx:rdx   = 'net/minecraft/client/render/VertexConsumerProvider$Immediate'
  # parm0:    r8:r8     = 'net/minecraft/client/render/RenderLayer'
  # parm1:    r9:r9     = 'net/minecraft/client/render/BufferBuilder'
  #           [sp+0x90]  (sp of caller)
  0x00000194a39b97e0: 448b 5208 | 49bb 0000 | 00b1 9401 | 0000 4d03 | d349 3bc2 

  0x00000194a39b97f4: ;   {runtime_call ic_miss_stub}
  0x00000194a39b97f4: 0f85 8651 | 96ff 6690 | 0f1f 4000 
[Verified Entry Point]
  0x00000194a39b9800: 8984 2400 | 80ff ff55 | 4881 ec80 | 0000 0090 | 4181 7f20 | 1500 0000 | 0f85 3409 | 0000 4c89 
  0x00000194a39b9820: 4424 2848 | 8954 2420 | 4c89 4c24 | 6045 0fb6 | 5126 4585 | d20f 8489 | 0600 0045 | 8b51 0c45 
  0x00000194a39b9840: 85d2 0f84 | 2004 0000 | 418b 6920 | 85ed 0f85 | ce06 0000 | 4d8b 9f80 | 0300 0045 | 8b51 304d 
  0x00000194a39b9860: 8b1b 4c89 

  0x00000194a39b9864: ;   {oop(a 'net/minecraft/client/render/VertexFormat$DrawMode'{0x000000008e841cf0})}
  0x00000194a39b9864: 5c24 5841 | 81fa f01c | 848e 0f84 | 8903 0000 

  0x00000194a39b9874: ;   {oop(a 'net/minecraft/client/render/VertexFormat$DrawMode'{0x000000008e841b08})}
  0x00000194a39b9874: 4181 fa08 | 1b84 8e0f | 844b 0700 | 004c 8b54 | 2460 458b | 4a28 4d8b | 5110 4d85 | d20f 84a5 
  0x00000194a39b9894: 0600 0041 | 8b59 1c45 | 8b59 1845 | 8bd3 442b | d344 3bdb | 0f84 c606 | 0000 4589 | 591c 4d8b 
  0x00000194a39b98b4: 87b8 0100 | 0041 ff41 | 204d 8bd8 | 4983 c320 | 4d3b 9fc8 | 0100 000f | 83dd 0400 | 004d 899f 
  0x00000194a39b98d4: b801 0000 | 410f 0d8b | c000 0000 | 49c7 0001 | 0000 004d | 8bd8 4983 

  0x00000194a39b98ec: ;   {metadata('net/minecraft/client/util/BufferAllocator$CloseableBuffer')}
  0x00000194a39b98ec: c310 41c7 | 4008 b0ec | e101 4589 | 600c c5fd | efc0 62d1 | fe08 7f03 | 4189 580c | 4589 481c 
  0x00000194a39b990c: 4589 5010 | 458b 5924 | 4589 5814 | 4c8b 5424 | 6045 8b5a | 3041 8b5a | 0c45 8b53 | 0c41 83fa 
  0x00000194a39b992c: 070f 855b | 0400 008b | cbc1 f91f | c1e9 1e03 | cb44 8bd1 | 41d1 fa83 | e1fc 4183 | e2fe 4103 
  0x00000194a39b994c: ca8b eb81 | e500 00ff | ff85 ed0f | 8547 0600 | 0049 8b87 | b801 0000 | 4c8b d049 | 83c2 184d 
  0x00000194a39b996c: 3b97 c801 | 0000 0f83 | ef04 0000 | 4d89 97b8 | 0100 004c | 8bc8 4983 | c110 48c7 | 0001 0000 
  0x00000194a39b998c: 0041 0f0d | 8ac0 0000 

  0x00000194a39b9994: ;   {metadata('net/minecraft/client/render/BuiltBuffer')}
  0x00000194a39b9994: 00c7 4008 | e0ee e101 | 4489 600c | c5fd efc0 | c4c1 79d6 | 0148 8944 | 2438 498b | bfb8 0100 
  0x00000194a39b99b4: 004c 8bd7 | 4983 c220 | 4d3b 97c8 | 0100 000f | 832d 0400 | 004d 8997 | b801 0000 | 410f 0d8a 
  0x00000194a39b99d4: c000 0000 | 48c7 0701 | 0000 004c | 8bd7 4983 

  0x00000194a39b99e4: ;   {metadata('net/minecraft/client/render/BuiltBuffer$DrawParameters')}
  0x00000194a39b99e4: c210 c747 | 0828 f1e1 | 0144 8967 | 0cc5 fdef | c0c4 c179 | d602 4489 

  0x00000194a39b99fc: ;   {oop(a 'net/minecraft/client/render/VertexFormat$IndexType'{0x00000000877559e8})}
  0x00000194a39b99fc: 6718 c747 | 1ce8 5975 | 8789 5f0c | 894f 1044 | 895f 184c | 8b54 2460 | 458b 5a2c | 4489 5f14 
  0x00000194a39b9a1c: 4d8b d04c | 8b5c 2438 | 4589 530c | 4d8b d04d | 33d3 488b | df49 c1ea | 144d 85d2 | 741a 49c1 
  0x00000194a39b9a3c: eb09 48b9 | 00a0 7bab | 9401 0000 | 4903 cb80 | 3902 0f85 | 6202 0000 | 4180 7f40 | 000f 851f 
  0x00000194a39b9a5c: 0200 004c | 8b54 2438 | 4189 5a14 | 4c8b d74c | 8b5c 2438 | 4d33 d349 | c1ea 144d | 85d2 741b 
  0x00000194a39b9a7c: 49c1 eb09 | 49b8 00a0 | 7bab 9401 | 0000 4d03 | c341 8038 | 020f 856d | 0200 004c | 8b54 2460 
  0x00000194a39b9a9c: 4588 6226 | 49c7 4210 | ffff ffff | 4c8b 5424 | 2845 0fb6 | 5a1d 4585 | db0f 85ab | 0000 004c 
  0x00000194a39b9abc: 8b54 2428 | 458b 5210 | 498b d248 | 8b6c 2428 | 9048 b890 | b2b6 b294 

  0x00000194a39b9ad4: ;   {virtual_call}
  0x00000194a39b9ad4: 0100 00e8 

  0x00000194a39b9ad8: ; ImmutableOopMap {rbp=Oop [32]=Oop [40]=Oop [56]=Oop }
                      ;*invokeinterface run {reexecute=0 rethrow=0 return_oop=0}
                      ; - net.minecraft.client.render.RenderPhase::startDrawing@4 (line 38)
                      ; - net.minecraft.client.render.RenderLayer::draw@1 (line 1165)
                      ; - net.minecraft.client.render.VertexConsumerProvider$Immediate::draw@50 (line 96)
  0x00000194a39b9ad8: 6439 1e00 

  0x00000194a39b9adc: ;   {other}
  0x00000194a39b9adc: 0f1f 8400 | 4c05 0000 | 488b 5424 

  0x00000194a39b9ae8: ;   {static_call}
  0x00000194a39b9ae8: 3866 90e8 

  0x00000194a39b9aec: ; ImmutableOopMap {rbp=Oop [32]=Oop [40]=Oop }
                      ;*invokestatic drawWithGlobalProgram {reexecute=0 rethrow=0 return_oop=0}
                      ; - net.minecraft.client.render.RenderLayer::draw@5 (line 1166)
                      ; - net.minecraft.client.render.VertexConsumerProvider$Immediate::draw@50 (line 96)
  0x00000194a39b9aec: 5011 7a00 

  0x00000194a39b9af0: ;   {other}
  0x00000194a39b9af0: 0f1f 8400 | 6005 0001 | 448b 5514 | 498b d266 | 9048 b8b0 | b4b6 b294 

  0x00000194a39b9b08: ;   {virtual_call}
  0x00000194a39b9b08: 0100 00e8 

  0x00000194a39b9b0c: ; ImmutableOopMap {rbp=Oop [32]=Oop [40]=Oop }
                      ;*invokeinterface run {reexecute=0 rethrow=0 return_oop=0}
                      ; - net.minecraft.client.render.RenderPhase::endDrawing@4 (line 42)
                      ; - net.minecraft.client.render.RenderLayer::draw@9 (line 1167)
                      ; - net.minecraft.client.render.VertexConsumerProvider$Immediate::draw@50 (line 96)
  0x00000194a39b9b0c: b095 7900 

  0x00000194a39b9b10: ;   {other}
  0x00000194a39b9b10: 0f1f 8400 | 8005 0002 | 4c8b 5424 | 2041 8b6a | 184c 8b54 | 2428 4d85 | d20f 8480 | 0300 004c 
  0x00000194a39b9b30: 8bd5 4c8b | 5c24 284d | 3bda 7514 | 4180 7f40 | 000f 850f | 0200 004c | 8b54 2420 | 4589 6218 
  0x00000194a39b9b50: 4881 c480 | 0000 005d 

  0x00000194a39b9b58: ;   {poll_return}
  0x00000194a39b9b58: 493b a750 | 0400 000f | 87d7 0500 | 00c3 4c8b | 5424 2045 | 8b52 0c4c | 8b5c 2420 | 418b 6b10 
  0x00000194a39b9b78: ; implicit exception: dispatches to 0x00000194a39ba0b4
  0x00000194a39b9b78: 448b 5d08 

  0x00000194a39b9b7c: ;   {metadata('it/unimi/dsi/fastutil/objects/Object2ObjectLinkedOpenHashMap')}
  0x00000194a39b9b7c: 4181 fbc8 | a1dd 010f | 856b 0400 | 0048 8bd5 | 4d8b ca4c | 8b44 2428 

  0x00000194a39b9b94: ;   {optimized virtual_call}
  0x00000194a39b9b94: 6666 90e8 

  0x00000194a39b9b98: ; ImmutableOopMap {[32]=Oop [40]=Oop [56]=Oop [88]=Oop }
                      ;*invokeinterface getOrDefault {reexecute=0 rethrow=0 return_oop=1}
                      ; - net.minecraft.client.render.VertexConsumerProvider$Immediate::draw@25 (line 93)
  0x00000194a39b9b98: 44fb f7ff 

  0x00000194a39b9b9c: ;   {other}
  0x00000194a39b9b9c: 0f1f 8400 | 0c06 0003 

  0x00000194a39b9ba4: ; implicit exception: dispatches to 0x00000194a39ba0d0
  0x00000194a39b9ba4: 448b 5808 

  0x00000194a39b9ba8: ;   {metadata('net/minecraft/client/util/BufferAllocator')}
  0x00000194a39b9ba8: 4181 fb20 | 48bb 010f | 8587 0400 

  0x00000194a39b9bb4: ;   {oop(a 'java/lang/Class'{0x000000008e844d38} = 'com/mojang/blaze3d/systems/RenderSystem')}
  0x00000194a39b9bb4: 0049 ba38 | 4d84 8e00 | 0000 0041 | 8b6a 7c4c | 8bdd 4c8b | 4424 584d | 3bc3 0f85 | 3804 0000 
  0x00000194a39b9bd4: 458b 9a94 | 0000 0045 | 8b53 184d | 8bca 488b | 5424 384c 

  0x00000194a39b9be8: ;   {optimized virtual_call}
  0x00000194a39b9be8: 8bc0 90e8 

  0x00000194a39b9bec: ; ImmutableOopMap {[32]=Oop [40]=Oop [56]=Oop }
                      ;*invokevirtual sortQuads {reexecute=0 rethrow=0 return_oop=1}
                      ; - net.minecraft.client.render.VertexConsumerProvider$Immediate::draw@44 (line 94)
  0x00000194a39b9bec: 706f 0700 

  0x00000194a39b9bf0: ;   {other}
  0x00000194a39b9bf0: 0f1f 8400 | 6006 0004 | e9be feff | ff45 8b41 | 1845 8b59 | 2845 85db | 0f84 1604 | 0000 498b 
  0x00000194a39b9c10: d348 8b6c | 2420 4c89 

  0x00000194a39b9c18: ;   {optimized virtual_call}
  0x00000194a39b9c18: 4c24 38e8 

  0x00000194a39b9c1c: ; ImmutableOopMap {rbp=Oop [32]=Oop [40]=Oop [56]=Oop [88]=Oop [96]=Oop }
                      ;*invokevirtual allocate {reexecute=0 rethrow=0 return_oop=0}
                      ; - net.minecraft.client.render.BufferBuilder::endVertex@97 (line 133)
                      ; - net.minecraft.client.render.BufferBuilder::endNullable@5 (line 59)
                      ; - net.minecraft.client.render.VertexConsumerProvider$Immediate::draw@1 (line 90)
  0x00000194a39b9c1c: 6052 96ff 

  0x00000194a39b9c20: ;   {other}
  0x00000194a39b9c20: 0f1f 8400 | 9006 0005 | 4c8b 5c24 | 384d 634b | 1848 8bd0 | 492b d14c 

  0x00000194a39b9c38: ;   {static_call}
  0x00000194a39b9c38: 8bc0 90e8 

  0x00000194a39b9c3c: ; ImmutableOopMap {rbp=Oop [32]=Oop [40]=Oop [56]=Oop [88]=Oop [96]=Oop }
                      ;*invokestatic memCopy {reexecute=0 rethrow=0 return_oop=0}
                      ; - net.minecraft.client.render.BufferBuilder::endVertex@114 (line 134)
                      ; - net.minecraft.client.render.BufferBuilder::endNullable@5 (line 59)
                      ; - net.minecraft.client.render.VertexConsumerProvider$Immediate::draw@1 (line 90)
  0x00000194a39b9c3c: 405c 96ff 

  0x00000194a39b9c40: ;   {other}
  0x00000194a39b9c40: 0f1f 8400 | b006 0006 | 4c8b 5424 | 3845 8b5a | 0c45 8d53 | 014c 8b44 | 2438 4589 | 500c 4183 
  0x00000194a39b9c60: fbff 0f85 | 19fc ffff | 4c8b 5424 | 6049 c742 | 10ff ffff | ff45 8862 | 26e9 9afe | ffff 4c8b 
  0x00000194a39b9c80: 5424 3845 | 8b52 1445 | 85d2 0f84 | cffd ffff | 4d8b 5f28 | 498b ca4d | 85db 0f84 | 4802 0000 
  0x00000194a39b9ca0: 4d8b 5738 | 4b89 4c1a | f849 83c3 | f84d 895f | 28e9 a9fd | ffff 4d8b | 5748 4d8b | 5f58 f083 
  0x00000194a39b9cc0: 4424 c000 | 8039 000f | 8487 fdff | ff44 8821 | 4d85 d275 | 1d49 8bd7 | 49ba 9022 | a1a6 fa7f 
  0x00000194a39b9ce0: 0000 41ff 

  0x00000194a39b9ce4: ;   {other}
  0x00000194a39b9ce4: d20f 1f84 | 0000 0000 | 00e9 62fd | ffff 4b89 | 4c13 f849 | 83c2 f84d | 8957 48e9 | 50fd ffff 
  0x00000194a39b9d04: 4d8b 5748 | 4d8b 5f58 | f083 4424 | c000 4180 | 3800 0f84 | 7bfd ffff | 4588 204d | 85d2 7520 
  0x00000194a39b9d24: 498b c849 | 8bd7 49ba | 9022 a1a6 | fa7f 0000 

  0x00000194a39b9d34: ;   {other}
  0x00000194a39b9d34: 41ff d20f | 1f84 0000 | 0000 00e9 | 53fd ffff | 4f89 4413 | f849 83c2 | f84d 8957 | 48e9 41fd 
  0x00000194a39b9d54: ffff 4c8b | 5424 2045 | 8b52 1845 | 85d2 0f84 | dffd ffff | 4d8b 5f28 | 498b ca4d | 85db 0f84 
  0x00000194a39b9d74: 8d01 0000 | 4d8b 5738 | 4b89 4c1a | f849 83c3 | f84d 895f | 28e9 b9fd | ffff 4585 | d20f 849c 
  0x00000194a39b9d94: fbff ff41 | ffca 4183 | fa07 7307 | 8bcb e9a6 | fbff ff33 | c9e9 9ffb | ffff 4489 | 5424 4889 
  0x00000194a39b9db4: 5c24 4448 | ff74 2460 | 488f 4424 | 3049 8be9 | 4489 4c24 

  0x00000194a39b9dc8: ;   {metadata('net/minecraft/client/util/BufferAllocator$CloseableBuffer')}
  0x00000194a39b9dc8: 4048 bab0 | ece1 b294 

  0x00000194a39b9dd0: ;   {runtime_call _new_instance_Java}
  0x00000194a39b9dd0: 0100 00e8 

  0x00000194a39b9dd4: ; ImmutableOopMap {rbp=Oop [32]=Oop [40]=Oop [48]=Oop [64]=NarrowOop [88]=Oop [96]=Oop }
                      ;*new {reexecute=0 rethrow=0 return_oop=1}
                      ; - net.minecraft.client.util.BufferAllocator::getAllocated@40 (line 76)
                      ; - net.minecraft.client.render.BufferBuilder::build@13 (line 85)
                      ; - net.minecraft.client.render.BufferBuilder::endNullable@9 (line 60)
                      ; - net.minecraft.client.render.VertexConsumerProvider$Immediate::draw@1 (line 90)
  0x00000194a39b9dd4: 285d a4ff 

  0x00000194a39b9dd8: ;   {other}
  0x00000194a39b9dd8: 0f1f 8400 | 4808 0007 | 448b 4c24 | 408b 5c24 | 4444 8b54 | 2448 4c8b | c0e9 0efb | ffff 4889 
  0x00000194a39b9df8: 4424 5089 | 4c24 4889 | 5c24 4444 | 895c 2440 | 4c89 4424 | 3848 ff74 | 2458 488f | 4424 3048 
  0x00000194a39b9e18: 8b6c 2460 

  0x00000194a39b9e1c: ;   {metadata('net/minecraft/client/render/BuiltBuffer$DrawParameters')}
  0x00000194a39b9e1c: 48ba 28f1 | e1b2 9401 

  0x00000194a39b9e24: ;   {runtime_call _new_instance_Java}
  0x00000194a39b9e24: 0000 90e8 

  0x00000194a39b9e28: ; ImmutableOopMap {rbp=Oop [32]=Oop [40]=Oop [48]=Oop [56]=Oop [64]=NarrowOop [80]=Oop }
                      ;*new {reexecute=0 rethrow=0 return_oop=1}
                      ; - net.minecraft.client.render.BufferBuilder::build@48 (line 91)
                      ; - net.minecraft.client.render.BufferBuilder::endNullable@9 (line 60)
                      ; - net.minecraft.client.render.VertexConsumerProvider$Immediate::draw@1 (line 90)
  0x00000194a39b9e28: d45c a4ff 

  0x00000194a39b9e2c: ;   {other}
  0x00000194a39b9e2c: 0f1f 8400 | 9c08 0008 | 4889 6c24 | 6048 ff74 | 2430 488f | 4424 584c | 8b44 2438 | 448b 5c24 
  0x00000194a39b9e4c: 408b 5c24 | 448b 4c24 | 4848 ff74 | 2450 488f | 4424 3848 | 8bf8 e997 | fbff ff89 | 4c24 4889 
  0x00000194a39b9e6c: 5c24 4444 | 895c 2440 | 4c89 4424 | 3848 8b6c 

  0x00000194a39b9e7c: ;   {metadata('net/minecraft/client/render/BuiltBuffer')}
  0x00000194a39b9e7c: 2460 48ba | e0ee e1b2 | 9401 0000 

  0x00000194a39b9e88: ;   {runtime_call _new_instance_Java}
  0x00000194a39b9e88: 6666 90e8 

  0x00000194a39b9e8c: ; ImmutableOopMap {rbp=Oop [32]=Oop [40]=Oop [56]=Oop [64]=NarrowOop [88]=Oop [96]=Oop }
                      ;*new {reexecute=0 rethrow=0 return_oop=1}
                      ; - net.minecraft.client.render.BufferBuilder::build@43 (line 91)
                      ; - net.minecraft.client.render.BufferBuilder::endNullable@9 (line 60)
                      ; - net.minecraft.client.render.VertexConsumerProvider$Immediate::draw@1 (line 90)
  0x00000194a39b9e8c: 705c a4ff 

  0x00000194a39b9e90: ;   {other}
  0x00000194a39b9e90: 0f1f 8400 | 0009 0009 | 4c8b 4424 | 3844 8b5c | 2440 8b5c | 2444 8b4c | 2448 e9fa | faff ffba 
  0x00000194a39b9eb0: f6ff ffff 

  0x00000194a39b9eb4: ;   {runtime_call UncommonTrapBlob}
  0x00000194a39b9eb4: 6666 90e8 

  0x00000194a39b9eb8: ; ImmutableOopMap {rbp=NarrowOop }
                      ;*invokevirtual equals {reexecute=0 rethrow=0 return_oop=0}
                      ; - net.minecraft.client.render.VertexConsumerProvider$Immediate::draw@58 (line 98)
  0x00000194a39b9eb8: 44de 96ff 

  0x00000194a39b9ebc: ;   {other}
  0x00000194a39b9ebc: 0f1f 8400 | 2c09 000a | ba45 ffff | ff48 8b6c | 2420 4c89 | 4424 2044 | 8954 2430 

  0x00000194a39b9ed8: ;   {runtime_call UncommonTrapBlob}
  0x00000194a39b9ed8: 6666 90e8 

  0x00000194a39b9edc: ; ImmutableOopMap {rbp=Oop [32]=Oop [96]=Oop }
                      ;*ifne {reexecute=1 rethrow=0 return_oop=0}
                      ; - (reexecute) net.minecraft.client.render.BufferBuilder::ensureBuilding@4 (line 75)
                      ; - net.minecraft.client.render.BufferBuilder::endNullable@1 (line 58)
                      ; - net.minecraft.client.render.VertexConsumerProvider$Immediate::draw@1 (line 90)
  0x00000194a39b9edc: 20de 96ff 

  0x00000194a39b9ee0: ;   {other}
  0x00000194a39b9ee0: 0f1f 8400 | 5009 000b | 498b d749 | bab0 22a1 | a6fa 7f00 | 0041 ffd2 

  0x00000194a39b9ef8: ;   {other}
  0x00000194a39b9ef8: 0f1f 8400 | 0000 0000 | e95a fbff | ff49 8bd7 | 49ba b022 | a1a6 fa7f | 0000 41ff 

  0x00000194a39b9f14: ;   {other}
  0x00000194a39b9f14: d20f 1f84 | 0000 0000 | 00e9 25fc | ffff ba45 | ffff ff4c | 894c 2438 

  0x00000194a39b9f2c: ;   {runtime_call UncommonTrapBlob}
  0x00000194a39b9f2c: 6666 90e8 

  0x00000194a39b9f30: ; ImmutableOopMap {[32]=Oop [40]=Oop [56]=Oop [96]=Oop }
                      ;*ifeq {reexecute=1 rethrow=0 return_oop=0}
                      ; - (reexecute) net.minecraft.client.render.BufferBuilder::endVertex@12 (line 123)
                      ; - net.minecraft.client.render.BufferBuilder::endNullable@5 (line 59)
                      ; - net.minecraft.client.render.VertexConsumerProvider$Immediate::draw@1 (line 90)
  0x00000194a39b9f30: ccdd 96ff 

  0x00000194a39b9f34: ;   {other}
  0x00000194a39b9f34: 0f1f 8400 | a409 000c | 4533 db4d | 3bd3 bdff | ffff ff7c | 0840 0f95 | c540 0fb6 | edba 45ff 
  0x00000194a39b9f54: ffff 48ff | 7424 6048 | 8f44 2430 | 4489 4c24 

  0x00000194a39b9f64: ;   {runtime_call UncommonTrapBlob}
  0x00000194a39b9f64: 4066 90e8 

  0x00000194a39b9f68: ; ImmutableOopMap {[32]=Oop [40]=Oop [48]=Oop [64]=NarrowOop }
                      ;*ifne {reexecute=1 rethrow=0 return_oop=0}
                      ; - (reexecute) net.minecraft.client.util.BufferAllocator::ensureNotFreed@6 (line 126)
                      ; - net.minecraft.client.util.BufferAllocator::getAllocated@1 (line 68)
                      ; - net.minecraft.client.render.BufferBuilder::build@13 (line 85)
                      ; - net.minecraft.client.render.BufferBuilder::endNullable@9 (line 60)
                      ; - net.minecraft.client.render.VertexConsumerProvider$Immediate::draw@1 (line 90)
  0x00000194a39b9f68: 94dd 96ff 

  0x00000194a39b9f6c: ;   {other}
  0x00000194a39b9f6c: 0f1f 8400 | dc09 000d | ba45 ffff | ff48 8b6c | 2420 4c8b | 5c24 284c | 895c 2420 | 48ff 7424 
  0x00000194a39b9f8c: 6048 8f44 | 2428 4489 

  0x00000194a39b9f94: ;   {runtime_call UncommonTrapBlob}
  0x00000194a39b9f94: 5424 38e8 

  0x00000194a39b9f98: ; ImmutableOopMap {rbp=Oop [32]=Oop [40]=Oop }
                      ;*ifne {reexecute=1 rethrow=0 return_oop=0}
                      ; - (reexecute) net.minecraft.client.util.BufferAllocator::getAllocated@17 (line 71)
                      ; - net.minecraft.client.render.BufferBuilder::build@13 (line 85)
                      ; - net.minecraft.client.render.BufferBuilder::endNullable@9 (line 60)
                      ; - net.minecraft.client.render.VertexConsumerProvider$Immediate::draw@1 (line 90)
  0x00000194a39b9f98: 64dd 96ff 

  0x00000194a39b9f9c: ;   {other}
  0x00000194a39b9f9c: 0f1f 8400 | 0c0a 000e | ba45 ffff | ff48 ff74 | 2460 488f | 4424 304c | 8944 2440 | 894c 2448 
  0x00000194a39b9fbc: ;   {runtime_call UncommonTrapBlob}
  0x00000194a39b9fbc: 6666 90e8 

  0x00000194a39b9fc0: ; ImmutableOopMap {[32]=Oop [40]=Oop [48]=Oop [64]=Oop }
                      ;*ifeq {reexecute=1 rethrow=0 return_oop=0}
                      ; - (reexecute) net.minecraft.client.render.VertexFormat$IndexType::smallestFor@4 (line 176)
                      ; - net.minecraft.client.render.BufferBuilder::build@39 (line 90)
                      ; - net.minecraft.client.render.BufferBuilder::endNullable@9 (line 60)
                      ; - net.minecraft.client.render.VertexConsumerProvider$Immediate::draw@1 (line 90)
  0x00000194a39b9fc0: 3cdd 96ff 

  0x00000194a39b9fc4: ;   {other}
  0x00000194a39b9fc4: 0f1f 8400 | 340a 000f | ba45 ffff | ff48 8b6c | 2420 4c89 | 4424 204c | 894c 2430 | 4489 5424 
  0x00000194a39b9fe4: ;   {runtime_call UncommonTrapBlob}
  0x00000194a39b9fe4: 3866 90e8 

  0x00000194a39b9fe8: ; ImmutableOopMap {rbp=Oop [32]=Oop [48]=Oop [56]=NarrowOop [96]=Oop }
                      ;*if_acmpne {reexecute=1 rethrow=0 return_oop=0}
                      ; - (reexecute) net.minecraft.client.render.BufferBuilder::endVertex@86 (line 132)
                      ; - net.minecraft.client.render.BufferBuilder::endNullable@5 (line 59)
                      ; - net.minecraft.client.render.VertexConsumerProvider$Immediate::draw@1 (line 90)
  0x00000194a39b9fe8: 14dd 96ff 

  0x00000194a39b9fec: ;   {other}
  0x00000194a39b9fec: 0f1f 8400 | 5c0a 0010 | bade ffff | ff44 8954 

  0x00000194a39b9ffc: ;   {runtime_call UncommonTrapBlob}
  0x00000194a39b9ffc: 2440 90e8 

  0x00000194a39ba000: ; ImmutableOopMap {rbp=NarrowOop [32]=Oop [40]=Oop [56]=Oop [64]=NarrowOop }
                      ;*invokeinterface getOrDefault {reexecute=0 rethrow=0 return_oop=0}
                      ; - net.minecraft.client.render.VertexConsumerProvider$Immediate::draw@25 (line 93)
  0x00000194a39ba000: fcdc 96ff 

  0x00000194a39ba004: ;   {other}
  0x00000194a39ba004: 0f1f 8400 | 740a 0011 | ba45 ffff | ff48 8944 

  0x00000194a39ba014: ;   {runtime_call UncommonTrapBlob}
  0x00000194a39ba014: 2440 90e8 

  0x00000194a39ba018: ; ImmutableOopMap {rbp=NarrowOop [32]=Oop [40]=Oop [56]=Oop [64]=Oop [88]=Oop }
                      ;*if_acmpne {reexecute=1 rethrow=0 return_oop=0}
                      ; - (reexecute) com.mojang.blaze3d.systems.RenderSystem::isOnRenderThread@6 (line 118)
                      ; - com.mojang.blaze3d.systems.RenderSystem::assertOnRenderThread@0 (line 133)
                      ; - com.mojang.blaze3d.systems.RenderSystem::getProjectionType@0 (line 762)
                      ; - net.minecraft.client.render.VertexConsumerProvider$Immediate::draw@38 (line 94)
  0x00000194a39ba018: e4dc 96ff 

  0x00000194a39ba01c: ;   {other}
  0x00000194a39ba01c: 0f1f 8400 | 8c0a 0012 | baf6 ffff | ff41 8be8 

  0x00000194a39ba02c: ;   {runtime_call UncommonTrapBlob}
  0x00000194a39ba02c: 6666 90e8 

  0x00000194a39ba030: ; ImmutableOopMap {}
                      ;*invokevirtual allocate {reexecute=0 rethrow=0 return_oop=0}
                      ; - net.minecraft.client.render.BufferBuilder::endVertex@97 (line 133)
                      ; - net.minecraft.client.render.BufferBuilder::endNullable@5 (line 59)
                      ; - net.minecraft.client.render.VertexConsumerProvider$Immediate::draw@1 (line 90)
  0x00000194a39ba030: ccdc 96ff 

  0x00000194a39ba034: ;   {other}
  0x00000194a39ba034: 0f1f 8400 | a40a 0013 | bade ffff | ff48 8b6c | 2420 48ff | 7424 2848 | 8f44 2420 | 4889 4424 
  0x00000194a39ba054: ;   {runtime_call UncommonTrapBlob}
  0x00000194a39ba054: 3066 90e8 

  0x00000194a39ba058: ; ImmutableOopMap {rbp=Oop [32]=Oop [48]=Oop [56]=Oop }
                      ;*checkcast {reexecute=0 rethrow=0 return_oop=0}
                      ; - net.minecraft.client.render.VertexConsumerProvider$Immediate::draw@30 (line 93)
  0x00000194a39ba058: a4dc 96ff 

  0x00000194a39ba05c: ;   {other}
  0x00000194a39ba05c: 0f1f 8400 | cc0a 0014 | baf6 ffff 

  0x00000194a39ba068: ;   {runtime_call UncommonTrapBlob}
  0x00000194a39ba068: ff66 90e8 

  0x00000194a39ba06c: ; ImmutableOopMap {}
                      ;*invokevirtual endNullable {reexecute=0 rethrow=0 return_oop=0}
                      ; - net.minecraft.client.render.VertexConsumerProvider$Immediate::draw@1 (line 90)
  0x00000194a39ba06c: 90dc 96ff 

  0x00000194a39ba070: ;   {other}
  0x00000194a39ba070: 0f1f 8400 | e00a 0015 | baf6 ffff 

  0x00000194a39ba07c: ;   {runtime_call UncommonTrapBlob}
  0x00000194a39ba07c: ff66 90e8 

  0x00000194a39ba080: ; ImmutableOopMap {}
                      ;*invokevirtual getAllocated {reexecute=0 rethrow=0 return_oop=0}
                      ; - net.minecraft.client.render.BufferBuilder::build@13 (line 85)
                      ; - net.minecraft.client.render.BufferBuilder::endNullable@9 (line 60)
                      ; - net.minecraft.client.render.VertexConsumerProvider$Immediate::draw@1 (line 90)
  0x00000194a39ba080: 7cdc 96ff 

  0x00000194a39ba084: ;   {other}
  0x00000194a39ba084: 0f1f 8400 | f40a 0016 | baf6 ffff 

  0x00000194a39ba090: ;   {runtime_call UncommonTrapBlob}
  0x00000194a39ba090: ff8b ebe8 

  0x00000194a39ba094: ; ImmutableOopMap {}
                      ;*invokevirtual getIndexCount {reexecute=0 rethrow=0 return_oop=0}
                      ; - net.minecraft.client.render.BufferBuilder::build@31 (line 89)
                      ; - net.minecraft.client.render.BufferBuilder::endNullable@9 (line 60)
                      ; - net.minecraft.client.render.VertexConsumerProvider$Immediate::draw@1 (line 90)
  0x00000194a39ba094: 68dc 96ff 

  0x00000194a39ba098: ;   {other}
  0x00000194a39ba098: 0f1f 8400 | 080b 0017 | baf6 ffff 

  0x00000194a39ba0a4: ;   {runtime_call UncommonTrapBlob}
  0x00000194a39ba0a4: ff66 90e8 

  0x00000194a39ba0a8: ; ImmutableOopMap {}
                      ;*invokevirtual isTranslucent {reexecute=0 rethrow=0 return_oop=0}
                      ; - net.minecraft.client.render.VertexConsumerProvider$Immediate::draw@10 (line 92)
  0x00000194a39ba0a8: 54dc 96ff 

  0x00000194a39ba0ac: ;   {other}
  0x00000194a39ba0ac: 0f1f 8400 | 1c0b 0018 | baf6 ffff | ff48 8b6c | 2428 4489 

  0x00000194a39ba0c0: ;   {runtime_call UncommonTrapBlob}
  0x00000194a39ba0c0: 5424 20e8 

  0x00000194a39ba0c4: ; ImmutableOopMap {rbp=Oop [32]=NarrowOop }
                      ;*invokeinterface getOrDefault {reexecute=0 rethrow=0 return_oop=0}
                      ; - net.minecraft.client.render.VertexConsumerProvider$Immediate::draw@25 (line 93)
  0x00000194a39ba0c4: 38dc 96ff 

  0x00000194a39ba0c8: ;   {other}
  0x00000194a39ba0c8: 0f1f 8400 | 380b 0019 | baf4 ffff | ff48 8b6c | 2420 48ff | 7424 2848 | 8f44 2420 

  0x00000194a39ba0e4: ;   {runtime_call UncommonTrapBlob}
  0x00000194a39ba0e4: 6666 90e8 

  0x00000194a39ba0e8: ; ImmutableOopMap {rbp=Oop [32]=Oop [56]=Oop }
                      ;*checkcast {reexecute=0 rethrow=0 return_oop=0}
                      ; - net.minecraft.client.render.VertexConsumerProvider$Immediate::draw@30 (line 93)
  0x00000194a39ba0e8: 14dc 96ff 

  0x00000194a39ba0ec: ;   {other}
  0x00000194a39ba0ec: 0f1f 8400 | 5c0b 001a | baf6 ffff 

  0x00000194a39ba0f8: ;   {runtime_call UncommonTrapBlob}
  0x00000194a39ba0f8: ff66 90e8 

  0x00000194a39ba0fc: ; ImmutableOopMap {}
                      ;*invokevirtual getVertexSorter {reexecute=0 rethrow=0 return_oop=0}
                      ; - net.minecraft.client.render.VertexConsumerProvider$Immediate::draw@41 (line 94)
  0x00000194a39ba0fc: 00dc 96ff 

  0x00000194a39ba100: ;   {other}
  0x00000194a39ba100: 0f1f 8400 | 700b 001b | eb02 eb00 | 488b d0eb | 1eeb 0048 | 8bd0 eb17 | 488b d0eb | 1248 8bd0 
  0x00000194a39ba120: eb0d 488b | d0eb 0848 | 8bd0 eb03 | 488b d048 | 81c4 8000 

  0x00000194a39ba134: ;   {runtime_call _rethrow_Java}
  0x00000194a39ba134: 0000 5de9 | c472 a4ff 

  0x00000194a39ba13c: ;   {internal_word}
  0x00000194a39ba13c: 49ba 589b | 9ba3 9401 | 0000 4d89 | 9768 0400 

  0x00000194a39ba14c: ;   {runtime_call SafepointBlob}
  0x00000194a39ba14c: 00e9 2eca 

  0x00000194a39ba150: ;   {runtime_call StubRoutines (final stubs)}
  0x00000194a39ba150: 96ff e8a9 | c094 ffe9 | c2f6 ffff | f4f4 f4f4 
[Stub Code]
  0x00000194a39ba160: ;   {no_reloc}
  0x00000194a39ba160: 48bb 0000 | 0000 0000 

  0x00000194a39ba168: ;   {runtime_call}
  0x00000194a39ba168: 0000 e9fb 

  0x00000194a39ba16c: ;   {static_stub}
  0x00000194a39ba16c: ffff ff48 | bb00 0000 | 0000 0000 

  0x00000194a39ba178: ;   {runtime_call}
  0x00000194a39ba178: 00e9 fbff 

  0x00000194a39ba17c: ;   {static_stub}
  0x00000194a39ba17c: ffff 48bb | 0000 0000 | 0000 0000 

  0x00000194a39ba188: ;   {runtime_call}
  0x00000194a39ba188: e9fb ffff 

  0x00000194a39ba18c: ;   {static_stub}
  0x00000194a39ba18c: ff48 bb00 | 0000 0000 

  0x00000194a39ba194: ;   {runtime_call}
  0x00000194a39ba194: 0000 00e9 | fbff ffff 

  0x00000194a39ba19c: ;   {static_stub}
  0x00000194a39ba19c: 48bb 0000 | 0000 0000 

  0x00000194a39ba1a4: ;   {runtime_call}
  0x00000194a39ba1a4: 0000 e9fb 

  0x00000194a39ba1a8: ;   {runtime_call ExceptionBlob}
  0x00000194a39ba1a8: ffff ffe9 | 505c a4ff 
[Deopt Handler Code]
  0x00000194a39ba1b0: e800 0000 | 0048 832c 

  0x00000194a39ba1b8: ;   {runtime_call DeoptimizationBlob}
  0x00000194a39ba1b8: 2405 e961 | de96 fff4 
[/MachCode]


---------------  P R O C E S S  ---------------

Threads class SMR info:
_java_thread_list=0x00000194faafba90, length=38, elements={
0x0000019491f2bef0, 0x00000194b092f290, 0x00000194b0930fd0, 0x00000194b0935bc0,
0x00000194b0936620, 0x00000194b0938b30, 0x00000194b09415a0, 0x00000194b0945360,
0x00000194b0950dc0, 0x00000194b0beb7d0, 0x00000194b0baadb0, 0x00000194f7638500,
0x00000194f9ba7410, 0x00000194fa7b3250, 0x00000194fc5dc9d0, 0x00000194f8d9c340,
0x00000194fa2136a0, 0x00000194ff346370, 0x00000194f6cb2580, 0x00000194f87dc4b0,
0x00000194fa213d30, 0x00000194f8d9d6f0, 0x00000194f6cb1ef0, 0x00000194f87daa70,
0x00000194fb4643a0, 0x00000194fc5dc340, 0x00000194f7639220, 0x00000194f63eb410,
0x00000194f63ec130, 0x00000194f63ea060, 0x00000194f63ece50, 0x00000194f63ec7c0,
0x00000194f6cb4650, 0x00000194ff343c10, 0x00000194f87da3e0, 0x00000194ff030bf0,
0x00000194f7639f40, 0x00000194f63ed4e0
}

Java Threads: ( => current thread )
=>0x0000019491f2bef0 JavaThread "Render thread"                     [_thread_in_native, id=8444, stack(0x00000085a2300000,0x00000085a2400000) (1024K)]
  0x00000194b092f290 JavaThread "Reference Handler"          daemon [_thread_blocked, id=9176, stack(0x00000085a2b00000,0x00000085a2c00000) (1024K)]
  0x00000194b0930fd0 JavaThread "Finalizer"                  daemon [_thread_blocked, id=3960, stack(0x00000085a2c00000,0x00000085a2d00000) (1024K)]
  0x00000194b0935bc0 JavaThread "Signal Dispatcher"          daemon [_thread_blocked, id=2408, stack(0x00000085a2d00000,0x00000085a2e00000) (1024K)]
  0x00000194b0936620 JavaThread "Attach Listener"            daemon [_thread_blocked, id=10308, stack(0x00000085a2e00000,0x00000085a2f00000) (1024K)]
  0x00000194b0938b30 JavaThread "Service Thread"             daemon [_thread_blocked, id=11260, stack(0x00000085a2f00000,0x00000085a3000000) (1024K)]
  0x00000194b09415a0 JavaThread "Monitor Deflation Thread"   daemon [_thread_blocked, id=3416, stack(0x00000085a3000000,0x00000085a3100000) (1024K)]
  0x00000194b0945360 JavaThread "C2 CompilerThread0"         daemon [_thread_blocked, id=7176, stack(0x00000085a3100000,0x00000085a3200000) (1024K)]
  0x00000194b0950dc0 JavaThread "C1 CompilerThread0"         daemon [_thread_blocked, id=9008, stack(0x00000085a3200000,0x00000085a3300000) (1024K)]
  0x00000194b0beb7d0 JavaThread "Notification Thread"        daemon [_thread_blocked, id=9608, stack(0x00000085a3300000,0x00000085a3400000) (1024K)]
  0x00000194b0baadb0 JavaThread "Common-Cleaner"             daemon [_thread_blocked, id=10392, stack(0x00000085a3400000,0x00000085a3500000) (1024K)]
  0x00000194f7638500 JavaThread "JNA Cleaner"                daemon [_thread_blocked, id=7900, stack(0x00000085a4000000,0x00000085a4100000) (1024K)]
  0x00000194f9ba7410 JavaThread "Timer hack thread"          daemon [_thread_blocked, id=10928, stack(0x00000085a3600000,0x00000085a3700000) (1024K)]
  0x00000194fa7b3250 JavaThread "Yggdrasil Key Fetcher"      daemon [_thread_blocked, id=11900, stack(0x00000085a4400000,0x00000085a4500000) (1024K)]
  0x00000194fc5dc9d0 JavaThread "Download-1"                 daemon [_thread_blocked, id=4820, stack(0x00000085a4500000,0x00000085a4600000) (1024K)]
  0x00000194f8d9c340 JavaThread "Discord-RPC-Callbacks"      daemon [_thread_blocked, id=7616, stack(0x00000085a4800000,0x00000085a4900000) (1024K)]
  0x00000194fa2136a0 JavaThread "Discord-RPC-Updater"        daemon [_thread_blocked, id=8708, stack(0x00000085a4900000,0x00000085a4a00000) (1024K)]
  0x00000194ff346370 JavaThread "Worker-Main-1"              daemon [_thread_blocked, id=2856, stack(0x00000085a4f00000,0x00000085a5000000) (1024K)]
  0x00000194f6cb2580 JavaThread "Worker-Main-2"              daemon [_thread_blocked, id=8232, stack(0x00000085a5100000,0x00000085a5200000) (1024K)]
  0x00000194f87dc4b0 JavaThread "Worker-Main-3"              daemon [_thread_blocked, id=11788, stack(0x00000085a5200000,0x00000085a5300000) (1024K)]
  0x00000194fa213d30 JavaThread "Worker-Main-4"              daemon [_thread_blocked, id=6228, stack(0x00000085a5300000,0x00000085a5400000) (1024K)]
  0x00000194f8d9d6f0 JavaThread "Worker-Main-5"              daemon [_thread_blocked, id=11700, stack(0x00000085a5400000,0x00000085a5500000) (1024K)]
  0x00000194f6cb1ef0 JavaThread "Worker-Main-6"              daemon [_thread_blocked, id=5056, stack(0x00000085a5500000,0x00000085a5600000) (1024K)]
  0x00000194f87daa70 JavaThread "Worker-Main-7"              daemon [_thread_blocked, id=11944, stack(0x00000085a5600000,0x00000085a5700000) (1024K)]
  0x00000194fb4643a0 JavaThread "IO-Worker-1"                       [_thread_blocked, id=5160, stack(0x00000085a5800000,0x00000085a5900000) (1024K)]
  0x00000194fc5dc340 JavaThread "Server Pinger #0"           daemon [_thread_blocked, id=8404, stack(0x00000085a5a00000,0x00000085a5b00000) (1024K)]
  0x00000194f7639220 JavaThread "Jndi-Dns-address-change-listener" daemon [_thread_in_native, id=3732, stack(0x00000085a5b00000,0x00000085a5c00000) (1024K)]
  0x00000194f63eb410 JavaThread "Server Pinger #1"           daemon [_thread_blocked, id=11228, stack(0x00000085a5c00000,0x00000085a5d00000) (1024K)]
  0x00000194f63ec130 JavaThread "Server Pinger #2"           daemon [_thread_blocked, id=4212, stack(0x00000085a5d00000,0x00000085a5e00000) (1024K)]
  0x00000194f63ea060 JavaThread "Server Pinger #3"           daemon [_thread_blocked, id=9908, stack(0x00000085a5e00000,0x00000085a5f00000) (1024K)]
  0x00000194f63ece50 JavaThread "Server Pinger #4"           daemon [_thread_blocked, id=7596, stack(0x00000085a5f00000,0x00000085a6000000) (1024K)]
  0x00000194f63ec7c0 JavaThread "Netty Client IO #0"         daemon [_thread_in_native, id=9088, stack(0x00000085a6000000,0x00000085a6100000) (1024K)]
  0x00000194f6cb4650 JavaThread "Netty Client IO #1"         daemon [_thread_in_native, id=9408, stack(0x00000085a6100000,0x00000085a6200000) (1024K)]
  0x00000194ff343c10 JavaThread "Netty Client IO #2"         daemon [_thread_in_native, id=6604, stack(0x00000085a6400000,0x00000085a6500000) (1024K)]
  0x00000194f87da3e0 JavaThread "Netty Client IO #3"         daemon [_thread_in_native, id=11284, stack(0x00000085a6500000,0x00000085a6600000) (1024K)]
  0x00000194ff030bf0 JavaThread "Netty Client IO #4"         daemon [_thread_in_native, id=7624, stack(0x00000085a6300000,0x00000085a6400000) (1024K)]
  0x00000194f7639f40 JavaThread "Sound engine"               daemon [_thread_blocked, id=5040, stack(0x00000085a6200000,0x00000085a6300000) (1024K)]
  0x00000194f63ed4e0 JavaThread "Download-6"                 daemon [_thread_blocked, id=1732, stack(0x00000085a2100000,0x00000085a2200000) (1024K)]
Total: 38

Other Threads:
  0x00000194b090f610 VMThread "VM Thread"                           [id=10260, stack(0x00000085a2a00000,0x00000085a2b00000) (1024K)]
  0x00000194b08f7440 WatcherThread "VM Periodic Task Thread"        [id=11652, stack(0x00000085a2900000,0x00000085a2a00000) (1024K)]
  0x00000194921c1fb0 WorkerThread "GC Thread#0"                     [id=7344, stack(0x00000085a2400000,0x00000085a2500000) (1024K)]
  0x00000194f6894ff0 WorkerThread "GC Thread#1"                     [id=10632, stack(0x00000085a3700000,0x00000085a3800000) (1024K)]
  0x00000194f6895390 WorkerThread "GC Thread#2"                     [id=9824, stack(0x00000085a3800000,0x00000085a3900000) (1024K)]
  0x00000194f6bdf910 WorkerThread "GC Thread#3"                     [id=10528, stack(0x00000085a3900000,0x00000085a3a00000) (1024K)]
  0x00000194f6c80cb0 WorkerThread "GC Thread#4"                     [id=11204, stack(0x00000085a3a00000,0x00000085a3b00000) (1024K)]
  0x00000194f6acc550 WorkerThread "GC Thread#5"                     [id=1660, stack(0x00000085a3b00000,0x00000085a3c00000) (1024K)]
  0x00000194f6f00bb0 WorkerThread "GC Thread#6"                     [id=7416, stack(0x00000085a3c00000,0x00000085a3d00000) (1024K)]
  0x00000194f6f00f50 WorkerThread "GC Thread#7"                     [id=11688, stack(0x00000085a3d00000,0x00000085a3e00000) (1024K)]
  0x00000194921d2520 ConcurrentGCThread "G1 Main Marker"            [id=7792, stack(0x00000085a2500000,0x00000085a2600000) (1024K)]
  0x00000194921d30e0 WorkerThread "G1 Conc#0"                       [id=11588, stack(0x00000085a2600000,0x00000085a2700000) (1024K)]
  0x00000194f7d09450 WorkerThread "G1 Conc#1"                       [id=11772, stack(0x00000085a3e00000,0x00000085a3f00000) (1024K)]
  0x000001949222eb30 ConcurrentGCThread "G1 Refine#0"               [id=7172, stack(0x00000085a2700000,0x00000085a2800000) (1024K)]
  0x00000194b07cbb70 ConcurrentGCThread "G1 Service"                [id=12004, stack(0x00000085a2800000,0x00000085a2900000) (1024K)]
Total: 15

Threads with active compile tasks:
Total: 0

VM state: not at safepoint (normal execution)

VM Mutex/Monitor currently owned by a thread: None

Heap address: 0x0000000084c00000, size: 1972 MB, Compressed Oops mode: 32-bit

CDS archive(s) mapped at: [0x00000194b1000000-0x00000194b1c90000-0x00000194b1c90000), size 13172736, SharedBaseAddress: 0x00000194b1000000, ArchiveRelocationMode: 1.
Compressed class space mapped at: 0x00000194b2000000-0x00000194f2000000, reserved size: 1073741824
Narrow klass base: 0x00000194b1000000, Narrow klass shift: 0, Narrow klass range: 0x100000000

GC Precious Log:
 CardTable entry size: 512
 Card Set container configuration: InlinePtr #cards 5 size 8 Array Of Cards #cards 12 size 40 Howl #buckets 4 coarsen threshold 1843 Howl Bitmap #cards 512 size 80 coarsen threshold 460 Card regions per heap region 1 cards per card region 2048
 CPUs: 8 total, 8 available
 Memory: 7886M
 Large Page Support: Disabled
 NUMA Support: Disabled
 Compressed Oops: Enabled (32-bit)
 Heap Region Size: 1M
 Heap Min Capacity: 8M
 Heap Initial Capacity: 124M
 Heap Max Capacity: 1972M
 Pre-touch: Disabled
 Parallel Workers: 8
 Concurrent Workers: 2
 Concurrent Refinement Workers: 8
 Periodic GC: Disabled

Heap:
 garbage-first heap   total 797696K, used 437565K [0x0000000084c00000, 0x0000000100000000)
  region size 1024K, 154 young (157696K), 19 survivors (19456K)
 Metaspace       used 122585K, committed 124160K, reserved 1179648K
  class space    used 18234K, committed 18944K, reserved 1048576K

Heap Regions: E=young(eden), S=young(survivor), O=old, HS=humongous(starts), HC=humongous(continues), CS=collection set, F=free, TAMS=top-at-mark-start, PB=parsable bottom
|   0|0x0000000084c00000, 0x0000000084d00000, 0x0000000084d00000|100%|HS|  |TAMS 0x0000000084c00000| PB 0x0000000084c00000| Complete 
|   1|0x0000000084d00000, 0x0000000084e00000, 0x0000000084e00000|100%|HC|  |TAMS 0x0000000084d00000| PB 0x0000000084d00000| Complete 
|   2|0x0000000084e00000, 0x0000000084f00000, 0x0000000084f00000|100%|HS|  |TAMS 0x0000000084e00000| PB 0x0000000084e00000| Complete 
|   3|0x0000000084f00000, 0x0000000085000000, 0x0000000085000000|100%|HC|  |TAMS 0x0000000084f00000| PB 0x0000000084f00000| Complete 
|   4|0x0000000085000000, 0x0000000085100000, 0x0000000085100000|100%|HC|  |TAMS 0x0000000085000000| PB 0x0000000085000000| Complete 
|   5|0x0000000085100000, 0x0000000085200000, 0x0000000085200000|100%|HC|  |TAMS 0x0000000085100000| PB 0x0000000085100000| Complete 
|   6|0x0000000085200000, 0x0000000085300000, 0x0000000085300000|100%| O|  |TAMS 0x0000000085200000| PB 0x0000000085200000| Untracked 
|   7|0x0000000085300000, 0x0000000085400000, 0x0000000085400000|100%| O|  |TAMS 0x0000000085300000| PB 0x0000000085300000| Untracked 
|   8|0x0000000085400000, 0x0000000085500000, 0x0000000085500000|100%| O|  |TAMS 0x0000000085400000| PB 0x0000000085400000| Untracked 
|   9|0x0000000085500000, 0x0000000085600000, 0x0000000085600000|100%| O|  |TAMS 0x0000000085500000| PB 0x0000000085500000| Untracked 
|  10|0x0000000085600000, 0x0000000085700000, 0x0000000085700000|100%| O|  |TAMS 0x0000000085600000| PB 0x0000000085600000| Untracked 
|  11|0x0000000085700000, 0x0000000085800000, 0x0000000085800000|100%| O|  |TAMS 0x0000000085700000| PB 0x0000000085700000| Untracked 
|  12|0x0000000085800000, 0x0000000085900000, 0x0000000085900000|100%| O|  |TAMS 0x0000000085800000| PB 0x0000000085800000| Untracked 
|  13|0x0000000085900000, 0x0000000085a00000, 0x0000000085a00000|100%| O|  |TAMS 0x0000000085900000| PB 0x0000000085900000| Untracked 
|  14|0x0000000085a00000, 0x0000000085b00000, 0x0000000085b00000|100%| O|  |TAMS 0x0000000085a00000| PB 0x0000000085a00000| Untracked 
|  15|0x0000000085b00000, 0x0000000085c00000, 0x0000000085c00000|100%| O|  |TAMS 0x0000000085b00000| PB 0x0000000085b00000| Untracked 
|  16|0x0000000085c00000, 0x0000000085d00000, 0x0000000085d00000|100%| O|  |TAMS 0x0000000085c00000| PB 0x0000000085c00000| Untracked 
|  17|0x0000000085d00000, 0x0000000085e00000, 0x0000000085e00000|100%| O|  |TAMS 0x0000000085d00000| PB 0x0000000085d00000| Untracked 
|  18|0x0000000085e00000, 0x0000000085f00000, 0x0000000085f00000|100%| O|  |TAMS 0x0000000085e00000| PB 0x0000000085e00000| Untracked 
|  19|0x0000000085f00000, 0x0000000086000000, 0x0000000086000000|100%| O|  |TAMS 0x0000000085f00000| PB 0x0000000085f00000| Untracked 
|  20|0x0000000086000000, 0x0000000086100000, 0x0000000086100000|100%| O|  |TAMS 0x0000000086000000| PB 0x0000000086000000| Untracked 
|  21|0x0000000086100000, 0x0000000086200000, 0x0000000086200000|100%| O|  |TAMS 0x0000000086100000| PB 0x0000000086100000| Untracked 
|  22|0x0000000086200000, 0x0000000086300000, 0x0000000086300000|100%| O|  |TAMS 0x0000000086200000| PB 0x0000000086200000| Untracked 
|  23|0x0000000086300000, 0x0000000086400000, 0x0000000086400000|100%| O|  |TAMS 0x0000000086300000| PB 0x0000000086300000| Untracked 
|  24|0x0000000086400000, 0x0000000086500000, 0x0000000086500000|100%| O|  |TAMS 0x0000000086400000| PB 0x0000000086400000| Untracked 
|  25|0x0000000086500000, 0x0000000086600000, 0x0000000086600000|100%| O|  |TAMS 0x0000000086500000| PB 0x0000000086500000| Untracked 
|  26|0x0000000086600000, 0x0000000086700000, 0x0000000086700000|100%| O|  |TAMS 0x0000000086600000| PB 0x0000000086600000| Untracked 
|  27|0x0000000086700000, 0x0000000086800000, 0x0000000086800000|100%| O|  |TAMS 0x0000000086700000| PB 0x0000000086700000| Untracked 
|  28|0x0000000086800000, 0x0000000086900000, 0x0000000086900000|100%| O|  |TAMS 0x0000000086800000| PB 0x0000000086800000| Untracked 
|  29|0x0000000086900000, 0x0000000086a00000, 0x0000000086a00000|100%| O|  |TAMS 0x0000000086900000| PB 0x0000000086900000| Untracked 
|  30|0x0000000086a00000, 0x0000000086b00000, 0x0000000086b00000|100%| O|  |TAMS 0x0000000086a00000| PB 0x0000000086a00000| Untracked 
|  31|0x0000000086b00000, 0x0000000086c00000, 0x0000000086c00000|100%| O|  |TAMS 0x0000000086b00000| PB 0x0000000086b00000| Untracked 
|  32|0x0000000086c00000, 0x0000000086d00000, 0x0000000086d00000|100%| O|  |TAMS 0x0000000086c00000| PB 0x0000000086c00000| Untracked 
|  33|0x0000000086d00000, 0x0000000086e00000, 0x0000000086e00000|100%| O|  |TAMS 0x0000000086d00000| PB 0x0000000086d00000| Untracked 
|  34|0x0000000086e00000, 0x0000000086f00000, 0x0000000086f00000|100%| O|  |TAMS 0x0000000086e00000| PB 0x0000000086e00000| Untracked 
|  35|0x0000000086f00000, 0x0000000087000000, 0x0000000087000000|100%| O|  |TAMS 0x0000000086f00000| PB 0x0000000086f00000| Untracked 
|  36|0x0000000087000000, 0x0000000087100000, 0x0000000087100000|100%| O|  |TAMS 0x0000000087000000| PB 0x0000000087000000| Untracked 
|  37|0x0000000087100000, 0x0000000087200000, 0x0000000087200000|100%| O|  |TAMS 0x0000000087100000| PB 0x0000000087100000| Untracked 
|  38|0x0000000087200000, 0x0000000087300000, 0x0000000087300000|100%| O|  |TAMS 0x0000000087200000| PB 0x0000000087200000| Untracked 
|  39|0x0000000087300000, 0x0000000087400000, 0x0000000087400000|100%| O|  |TAMS 0x0000000087300000| PB 0x0000000087300000| Untracked 
|  40|0x0000000087400000, 0x0000000087500000, 0x0000000087500000|100%| O|  |TAMS 0x0000000087400000| PB 0x0000000087400000| Untracked 
|  41|0x0000000087500000, 0x0000000087600000, 0x0000000087600000|100%| O|  |TAMS 0x0000000087500000| PB 0x0000000087500000| Untracked 
|  42|0x0000000087600000, 0x0000000087700000, 0x0000000087700000|100%| O|  |TAMS 0x0000000087600000| PB 0x0000000087600000| Untracked 
|  43|0x0000000087700000, 0x0000000087800000, 0x0000000087800000|100%| O|  |TAMS 0x0000000087700000| PB 0x0000000087700000| Untracked 
|  44|0x0000000087800000, 0x0000000087900000, 0x0000000087900000|100%| O|  |TAMS 0x0000000087800000| PB 0x0000000087800000| Untracked 
|  45|0x0000000087900000, 0x0000000087a00000, 0x0000000087a00000|100%| O|  |TAMS 0x0000000087900000| PB 0x0000000087900000| Untracked 
|  46|0x0000000087a00000, 0x0000000087b00000, 0x0000000087b00000|100%| O|  |TAMS 0x0000000087a00000| PB 0x0000000087a00000| Untracked 
|  47|0x0000000087b00000, 0x0000000087c00000, 0x0000000087c00000|100%| O|  |TAMS 0x0000000087b00000| PB 0x0000000087b00000| Untracked 
|  48|0x0000000087c00000, 0x0000000087d00000, 0x0000000087d00000|100%| O|  |TAMS 0x0000000087c00000| PB 0x0000000087c00000| Untracked 
|  49|0x0000000087d00000, 0x0000000087e00000, 0x0000000087e00000|100%| O|  |TAMS 0x0000000087d00000| PB 0x0000000087d00000| Untracked 
|  50|0x0000000087e00000, 0x0000000087f00000, 0x0000000087f00000|100%| O|  |TAMS 0x0000000087e00000| PB 0x0000000087e00000| Untracked 
|  51|0x0000000087f00000, 0x0000000088000000, 0x0000000088000000|100%| O|  |TAMS 0x0000000087f00000| PB 0x0000000087f00000| Untracked 
|  52|0x0000000088000000, 0x0000000088100000, 0x0000000088100000|100%| O|  |TAMS 0x0000000088000000| PB 0x0000000088000000| Untracked 
|  53|0x0000000088100000, 0x0000000088200000, 0x0000000088200000|100%| O|  |TAMS 0x0000000088100000| PB 0x0000000088100000| Untracked 
|  54|0x0000000088200000, 0x0000000088300000, 0x0000000088300000|100%| O|  |TAMS 0x0000000088200000| PB 0x0000000088200000| Untracked 
|  55|0x0000000088300000, 0x0000000088400000, 0x0000000088400000|100%| O|  |TAMS 0x0000000088300000| PB 0x0000000088300000| Untracked 
|  56|0x0000000088400000, 0x0000000088500000, 0x0000000088500000|100%| O|  |TAMS 0x0000000088400000| PB 0x0000000088400000| Untracked 
|  57|0x0000000088500000, 0x0000000088600000, 0x0000000088600000|100%| O|  |TAMS 0x0000000088500000| PB 0x0000000088500000| Untracked 
|  58|0x0000000088600000, 0x0000000088700000, 0x0000000088700000|100%| O|  |TAMS 0x0000000088600000| PB 0x0000000088600000| Untracked 
|  59|0x0000000088700000, 0x0000000088800000, 0x0000000088800000|100%| O|  |TAMS 0x0000000088700000| PB 0x0000000088700000| Untracked 
|  60|0x0000000088800000, 0x0000000088900000, 0x0000000088900000|100%| O|  |TAMS 0x0000000088800000| PB 0x0000000088800000| Untracked 
|  61|0x0000000088900000, 0x0000000088a00000, 0x0000000088a00000|100%| O|  |TAMS 0x0000000088900000| PB 0x0000000088900000| Untracked 
|  62|0x0000000088a00000, 0x0000000088b00000, 0x0000000088b00000|100%| O|Cm|TAMS 0x0000000088a00000| PB 0x0000000088a00000| Complete 
|  63|0x0000000088b00000, 0x0000000088c00000, 0x0000000088c00000|100%| O|  |TAMS 0x0000000088b00000| PB 0x0000000088b00000| Untracked 
|  64|0x0000000088c00000, 0x0000000088d00000, 0x0000000088d00000|100%| O|  |TAMS 0x0000000088c00000| PB 0x0000000088c00000| Untracked 
|  65|0x0000000088d00000, 0x0000000088e00000, 0x0000000088e00000|100%| O|  |TAMS 0x0000000088d00000| PB 0x0000000088d00000| Untracked 
|  66|0x0000000088e00000, 0x0000000088f00000, 0x0000000088f00000|100%| O|  |TAMS 0x0000000088e00000| PB 0x0000000088e00000| Untracked 
|  67|0x0000000088f00000, 0x0000000089000000, 0x0000000089000000|100%| O|  |TAMS 0x0000000088f00000| PB 0x0000000088f00000| Untracked 
|  68|0x0000000089000000, 0x0000000089100000, 0x0000000089100000|100%| O|  |TAMS 0x0000000089000000| PB 0x0000000089000000| Untracked 
|  69|0x0000000089100000, 0x0000000089200000, 0x0000000089200000|100%| O|  |TAMS 0x0000000089100000| PB 0x0000000089100000| Untracked 
|  70|0x0000000089200000, 0x0000000089300000, 0x0000000089300000|100%| O|  |TAMS 0x0000000089200000| PB 0x0000000089200000| Untracked 
|  71|0x0000000089300000, 0x0000000089400000, 0x0000000089400000|100%| O|  |TAMS 0x0000000089300000| PB 0x0000000089300000| Untracked 
|  72|0x0000000089400000, 0x0000000089500000, 0x0000000089500000|100%|HS|  |TAMS 0x0000000089400000| PB 0x0000000089400000| Complete 
|  73|0x0000000089500000, 0x0000000089600000, 0x0000000089600000|100%|HC|  |TAMS 0x0000000089500000| PB 0x0000000089500000| Complete 
|  74|0x0000000089600000, 0x0000000089700000, 0x0000000089700000|100%|HC|  |TAMS 0x0000000089600000| PB 0x0000000089600000| Complete 
|  75|0x0000000089700000, 0x0000000089800000, 0x0000000089800000|100%|HC|  |TAMS 0x0000000089700000| PB 0x0000000089700000| Complete 
|  76|0x0000000089800000, 0x0000000089900000, 0x0000000089900000|100%|HC|  |TAMS 0x0000000089800000| PB 0x0000000089800000| Complete 
|  77|0x0000000089900000, 0x0000000089a00000, 0x0000000089a00000|100%|HC|  |TAMS 0x0000000089900000| PB 0x0000000089900000| Complete 
|  78|0x0000000089a00000, 0x0000000089b00000, 0x0000000089b00000|100%|HC|  |TAMS 0x0000000089a00000| PB 0x0000000089a00000| Complete 
|  79|0x0000000089b00000, 0x0000000089c00000, 0x0000000089c00000|100%|HC|  |TAMS 0x0000000089b00000| PB 0x0000000089b00000| Complete 
|  80|0x0000000089c00000, 0x0000000089d00000, 0x0000000089d00000|100%|HC|  |TAMS 0x0000000089c00000| PB 0x0000000089c00000| Complete 
|  81|0x0000000089d00000, 0x0000000089e00000, 0x0000000089e00000|100%|HC|  |TAMS 0x0000000089d00000| PB 0x0000000089d00000| Complete 
|  82|0x0000000089e00000, 0x0000000089f00000, 0x0000000089f00000|100%|HC|  |TAMS 0x0000000089e00000| PB 0x0000000089e00000| Complete 
|  83|0x0000000089f00000, 0x000000008a000000, 0x000000008a000000|100%| O|  |TAMS 0x0000000089f00000| PB 0x0000000089f00000| Untracked 
|  84|0x000000008a000000, 0x000000008a100000, 0x000000008a100000|100%| O|  |TAMS 0x000000008a000000| PB 0x000000008a000000| Untracked 
|  85|0x000000008a100000, 0x000000008a200000, 0x000000008a200000|100%| O|  |TAMS 0x000000008a100000| PB 0x000000008a100000| Untracked 
|  86|0x000000008a200000, 0x000000008a300000, 0x000000008a300000|100%| O|  |TAMS 0x000000008a200000| PB 0x000000008a200000| Untracked 
|  87|0x000000008a300000, 0x000000008a400000, 0x000000008a400000|100%| O|  |TAMS 0x000000008a300000| PB 0x000000008a300000| Untracked 
|  88|0x000000008a400000, 0x000000008a500000, 0x000000008a500000|100%| O|  |TAMS 0x000000008a400000| PB 0x000000008a400000| Untracked 
|  89|0x000000008a500000, 0x000000008a600000, 0x000000008a600000|100%| O|  |TAMS 0x000000008a500000| PB 0x000000008a500000| Untracked 
|  90|0x000000008a600000, 0x000000008a700000, 0x000000008a700000|100%| O|  |TAMS 0x000000008a600000| PB 0x000000008a600000| Untracked 
|  91|0x000000008a700000, 0x000000008a800000, 0x000000008a800000|100%| O|  |TAMS 0x000000008a700000| PB 0x000000008a700000| Untracked 
|  92|0x000000008a800000, 0x000000008a900000, 0x000000008a900000|100%| O|  |TAMS 0x000000008a800000| PB 0x000000008a800000| Untracked 
|  93|0x000000008a900000, 0x000000008aa00000, 0x000000008aa00000|100%| O|  |TAMS 0x000000008a900000| PB 0x000000008a900000| Untracked 
|  94|0x000000008aa00000, 0x000000008ab00000, 0x000000008ab00000|100%| O|  |TAMS 0x000000008aa00000| PB 0x000000008aa00000| Untracked 
|  95|0x000000008ab00000, 0x000000008ac00000, 0x000000008ac00000|100%| O|  |TAMS 0x000000008ab00000| PB 0x000000008ab00000| Untracked 
|  96|0x000000008ac00000, 0x000000008ad00000, 0x000000008ad00000|100%| O|  |TAMS 0x000000008ac00000| PB 0x000000008ac00000| Untracked 
|  97|0x000000008ad00000, 0x000000008ae00000, 0x000000008ae00000|100%| O|  |TAMS 0x000000008ad00000| PB 0x000000008ad00000| Untracked 
|  98|0x000000008ae00000, 0x000000008af00000, 0x000000008af00000|100%| O|  |TAMS 0x000000008ae00000| PB 0x000000008ae00000| Untracked 
|  99|0x000000008af00000, 0x000000008b000000, 0x000000008b000000|100%| O|  |TAMS 0x000000008af00000| PB 0x000000008af00000| Untracked 
| 100|0x000000008b000000, 0x000000008b100000, 0x000000008b100000|100%| O|  |TAMS 0x000000008b000000| PB 0x000000008b000000| Untracked 
| 101|0x000000008b100000, 0x000000008b200000, 0x000000008b200000|100%| O|  |TAMS 0x000000008b100000| PB 0x000000008b100000| Untracked 
| 102|0x000000008b200000, 0x000000008b300000, 0x000000008b300000|100%| O|  |TAMS 0x000000008b200000| PB 0x000000008b200000| Untracked 
| 103|0x000000008b300000, 0x000000008b400000, 0x000000008b400000|100%| O|  |TAMS 0x000000008b300000| PB 0x000000008b300000| Untracked 
| 104|0x000000008b400000, 0x000000008b500000, 0x000000008b500000|100%| O|  |TAMS 0x000000008b400000| PB 0x000000008b400000| Untracked 
| 105|0x000000008b500000, 0x000000008b600000, 0x000000008b600000|100%| O|  |TAMS 0x000000008b500000| PB 0x000000008b500000| Untracked 
| 106|0x000000008b600000, 0x000000008b700000, 0x000000008b700000|100%| O|  |TAMS 0x000000008b600000| PB 0x000000008b600000| Untracked 
| 107|0x000000008b700000, 0x000000008b800000, 0x000000008b800000|100%| O|  |TAMS 0x000000008b700000| PB 0x000000008b700000| Untracked 
| 108|0x000000008b800000, 0x000000008b900000, 0x000000008b900000|100%| O|  |TAMS 0x000000008b800000| PB 0x000000008b800000| Untracked 
| 109|0x000000008b900000, 0x000000008ba00000, 0x000000008ba00000|100%| O|  |TAMS 0x000000008b900000| PB 0x000000008b900000| Untracked 
| 110|0x000000008ba00000, 0x000000008bb00000, 0x000000008bb00000|100%| O|  |TAMS 0x000000008ba00000| PB 0x000000008ba00000| Untracked 
| 111|0x000000008bb00000, 0x000000008bc00000, 0x000000008bc00000|100%| O|  |TAMS 0x000000008bb00000| PB 0x000000008bb00000| Untracked 
| 112|0x000000008bc00000, 0x000000008bd00000, 0x000000008bd00000|100%| O|  |TAMS 0x000000008bc00000| PB 0x000000008bc00000| Untracked 
| 113|0x000000008bd00000, 0x000000008be00000, 0x000000008be00000|100%| O|  |TAMS 0x000000008bd00000| PB 0x000000008bd00000| Untracked 
| 114|0x000000008be00000, 0x000000008bf00000, 0x000000008bf00000|100%| O|  |TAMS 0x000000008be00000| PB 0x000000008be00000| Untracked 
| 115|0x000000008bf00000, 0x000000008c000000, 0x000000008c000000|100%| O|  |TAMS 0x000000008bf00000| PB 0x000000008bf00000| Untracked 
| 116|0x000000008c000000, 0x000000008c100000, 0x000000008c100000|100%| O|  |TAMS 0x000000008c000000| PB 0x000000008c000000| Untracked 
| 117|0x000000008c100000, 0x000000008c200000, 0x000000008c200000|100%| O|  |TAMS 0x000000008c100000| PB 0x000000008c100000| Untracked 
| 118|0x000000008c200000, 0x000000008c300000, 0x000000008c300000|100%| O|  |TAMS 0x000000008c200000| PB 0x000000008c200000| Untracked 
| 119|0x000000008c300000, 0x000000008c400000, 0x000000008c400000|100%| O|  |TAMS 0x000000008c300000| PB 0x000000008c300000| Untracked 
| 120|0x000000008c400000, 0x000000008c500000, 0x000000008c500000|100%| O|  |TAMS 0x000000008c400000| PB 0x000000008c400000| Untracked 
| 121|0x000000008c500000, 0x000000008c600000, 0x000000008c600000|100%| O|  |TAMS 0x000000008c500000| PB 0x000000008c500000| Untracked 
| 122|0x000000008c600000, 0x000000008c700000, 0x000000008c700000|100%| O|  |TAMS 0x000000008c600000| PB 0x000000008c600000| Untracked 
| 123|0x000000008c700000, 0x000000008c800000, 0x000000008c800000|100%| O|  |TAMS 0x000000008c700000| PB 0x000000008c700000| Untracked 
| 124|0x000000008c800000, 0x000000008c900000, 0x000000008c900000|100%| O|  |TAMS 0x000000008c800000| PB 0x000000008c800000| Untracked 
| 125|0x000000008c900000, 0x000000008ca00000, 0x000000008ca00000|100%| O|  |TAMS 0x000000008c900000| PB 0x000000008c900000| Untracked 
| 126|0x000000008ca00000, 0x000000008cb00000, 0x000000008cb00000|100%| O|  |TAMS 0x000000008ca00000| PB 0x000000008ca00000| Untracked 
| 127|0x000000008cb00000, 0x000000008cc00000, 0x000000008cc00000|100%| O|  |TAMS 0x000000008cb00000| PB 0x000000008cb00000| Untracked 
| 128|0x000000008cc00000, 0x000000008cd00000, 0x000000008cd00000|100%| O|  |TAMS 0x000000008cc00000| PB 0x000000008cc00000| Untracked 
| 129|0x000000008cd00000, 0x000000008ce00000, 0x000000008ce00000|100%| O|  |TAMS 0x000000008cd00000| PB 0x000000008cd00000| Untracked 
| 130|0x000000008ce00000, 0x000000008cf00000, 0x000000008cf00000|100%| O|  |TAMS 0x000000008ce00000| PB 0x000000008ce00000| Untracked 
| 131|0x000000008cf00000, 0x000000008d000000, 0x000000008d000000|100%| O|  |TAMS 0x000000008cf00000| PB 0x000000008cf00000| Untracked 
| 132|0x000000008d000000, 0x000000008d100000, 0x000000008d100000|100%| O|  |TAMS 0x000000008d000000| PB 0x000000008d000000| Untracked 
| 133|0x000000008d100000, 0x000000008d200000, 0x000000008d200000|100%| O|  |TAMS 0x000000008d100000| PB 0x000000008d100000| Untracked 
| 134|0x000000008d200000, 0x000000008d300000, 0x000000008d300000|100%| O|  |TAMS 0x000000008d200000| PB 0x000000008d200000| Untracked 
| 135|0x000000008d300000, 0x000000008d400000, 0x000000008d400000|100%| O|  |TAMS 0x000000008d300000| PB 0x000000008d300000| Untracked 
| 136|0x000000008d400000, 0x000000008d500000, 0x000000008d500000|100%| O|  |TAMS 0x000000008d400000| PB 0x000000008d400000| Untracked 
| 137|0x000000008d500000, 0x000000008d600000, 0x000000008d600000|100%| O|  |TAMS 0x000000008d500000| PB 0x000000008d500000| Untracked 
| 138|0x000000008d600000, 0x000000008d700000, 0x000000008d700000|100%| O|  |TAMS 0x000000008d600000| PB 0x000000008d600000| Untracked 
| 139|0x000000008d700000, 0x000000008d800000, 0x000000008d800000|100%| O|  |TAMS 0x000000008d700000| PB 0x000000008d700000| Untracked 
| 140|0x000000008d800000, 0x000000008d900000, 0x000000008d900000|100%| O|  |TAMS 0x000000008d800000| PB 0x000000008d800000| Untracked 
| 141|0x000000008d900000, 0x000000008da00000, 0x000000008da00000|100%| O|  |TAMS 0x000000008d900000| PB 0x000000008d900000| Untracked 
| 142|0x000000008da00000, 0x000000008db00000, 0x000000008db00000|100%| O|  |TAMS 0x000000008da00000| PB 0x000000008da00000| Untracked 
| 143|0x000000008db00000, 0x000000008dc00000, 0x000000008dc00000|100%| O|  |TAMS 0x000000008db00000| PB 0x000000008db00000| Untracked 
| 144|0x000000008dc00000, 0x000000008dd00000, 0x000000008dd00000|100%| O|  |TAMS 0x000000008dc00000| PB 0x000000008dc00000| Untracked 
| 145|0x000000008dd00000, 0x000000008de00000, 0x000000008de00000|100%| O|  |TAMS 0x000000008dd00000| PB 0x000000008dd00000| Untracked 
| 146|0x000000008de00000, 0x000000008df00000, 0x000000008df00000|100%| O|  |TAMS 0x000000008de00000| PB 0x000000008de00000| Untracked 
| 147|0x000000008df00000, 0x000000008e000000, 0x000000008e000000|100%|HS|  |TAMS 0x000000008df00000| PB 0x000000008df00000| Complete 
| 148|0x000000008e000000, 0x000000008e100000, 0x000000008e100000|100%|HC|  |TAMS 0x000000008e000000| PB 0x000000008e000000| Complete 
| 149|0x000000008e100000, 0x000000008e200000, 0x000000008e200000|100%|HC|  |TAMS 0x000000008e100000| PB 0x000000008e100000| Complete 
| 150|0x000000008e200000, 0x000000008e300000, 0x000000008e300000|100%|HC|  |TAMS 0x000000008e200000| PB 0x000000008e200000| Complete 
| 151|0x000000008e300000, 0x000000008e400000, 0x000000008e400000|100%| O|  |TAMS 0x000000008e300000| PB 0x000000008e300000| Untracked 
| 152|0x000000008e400000, 0x000000008e500000, 0x000000008e500000|100%| O|  |TAMS 0x000000008e400000| PB 0x000000008e400000| Untracked 
| 153|0x000000008e500000, 0x000000008e600000, 0x000000008e600000|100%| O|  |TAMS 0x000000008e500000| PB 0x000000008e500000| Untracked 
| 154|0x000000008e600000, 0x000000008e700000, 0x000000008e700000|100%| O|  |TAMS 0x000000008e600000| PB 0x000000008e600000| Untracked 
| 155|0x000000008e700000, 0x000000008e800000, 0x000000008e800000|100%| O|  |TAMS 0x000000008e700000| PB 0x000000008e700000| Untracked 
| 156|0x000000008e800000, 0x000000008e900000, 0x000000008e900000|100%| O|  |TAMS 0x000000008e800000| PB 0x000000008e800000| Untracked 
| 157|0x000000008e900000, 0x000000008ea00000, 0x000000008ea00000|100%| O|  |TAMS 0x000000008e900000| PB 0x000000008e900000| Untracked 
| 158|0x000000008ea00000, 0x000000008eb00000, 0x000000008eb00000|100%| O|  |TAMS 0x000000008ea00000| PB 0x000000008ea00000| Untracked 
| 159|0x000000008eb00000, 0x000000008ec00000, 0x000000008ec00000|100%| O|  |TAMS 0x000000008eb00000| PB 0x000000008eb00000| Untracked 
| 160|0x000000008ec00000, 0x000000008ed00000, 0x000000008ed00000|100%| O|  |TAMS 0x000000008ec00000| PB 0x000000008ec00000| Untracked 
| 161|0x000000008ed00000, 0x000000008ee00000, 0x000000008ee00000|100%| O|  |TAMS 0x000000008ed00000| PB 0x000000008ed00000| Untracked 
| 162|0x000000008ee00000, 0x000000008ee00000, 0x000000008ef00000|  0%| F|  |TAMS 0x000000008ee00000| PB 0x000000008ee00000| Untracked 
| 163|0x000000008ef00000, 0x000000008f000000, 0x000000008f000000|100%| O|  |TAMS 0x000000008ef00000| PB 0x000000008ef00000| Untracked 
| 164|0x000000008f000000, 0x000000008f100000, 0x000000008f100000|100%| O|  |TAMS 0x000000008f000000| PB 0x000000008f000000| Untracked 
| 165|0x000000008f100000, 0x000000008f200000, 0x000000008f200000|100%| O|  |TAMS 0x000000008f100000| PB 0x000000008f100000| Untracked 
| 166|0x000000008f200000, 0x000000008f300000, 0x000000008f300000|100%| O|  |TAMS 0x000000008f200000| PB 0x000000008f200000| Untracked 
| 167|0x000000008f300000, 0x000000008f400000, 0x000000008f400000|100%| O|  |TAMS 0x000000008f300000| PB 0x000000008f300000| Untracked 
| 168|0x000000008f400000, 0x000000008f500000, 0x000000008f500000|100%| O|  |TAMS 0x000000008f400000| PB 0x000000008f400000| Untracked 
| 169|0x000000008f500000, 0x000000008f600000, 0x000000008f600000|100%| O|  |TAMS 0x000000008f500000| PB 0x000000008f500000| Untracked 
| 170|0x000000008f600000, 0x000000008f700000, 0x000000008f700000|100%| O|  |TAMS 0x000000008f600000| PB 0x000000008f600000| Untracked 
| 171|0x000000008f700000, 0x000000008f800000, 0x000000008f800000|100%| O|  |TAMS 0x000000008f700000| PB 0x000000008f700000| Untracked 
| 172|0x000000008f800000, 0x000000008f900000, 0x000000008f900000|100%| O|  |TAMS 0x000000008f800000| PB 0x000000008f800000| Untracked 
| 173|0x000000008f900000, 0x000000008fa00000, 0x000000008fa00000|100%| O|  |TAMS 0x000000008f900000| PB 0x000000008f900000| Untracked 
| 174|0x000000008fa00000, 0x000000008fb00000, 0x000000008fb00000|100%| O|  |TAMS 0x000000008fa00000| PB 0x000000008fa00000| Untracked 
| 175|0x000000008fb00000, 0x000000008fc00000, 0x000000008fc00000|100%| O|  |TAMS 0x000000008fb00000| PB 0x000000008fb00000| Untracked 
| 176|0x000000008fc00000, 0x000000008fd00000, 0x000000008fd00000|100%| O|  |TAMS 0x000000008fc00000| PB 0x000000008fc00000| Untracked 
| 177|0x000000008fd00000, 0x000000008fe00000, 0x000000008fe00000|100%| O|  |TAMS 0x000000008fd00000| PB 0x000000008fd00000| Untracked 
| 178|0x000000008fe00000, 0x000000008ff00000, 0x000000008ff00000|100%| O|Cm|TAMS 0x000000008fe00000| PB 0x000000008fe00000| Complete 
| 179|0x000000008ff00000, 0x0000000090000000, 0x0000000090000000|100%| O|Cm|TAMS 0x000000008ff00000| PB 0x000000008ff00000| Complete 
| 180|0x0000000090000000, 0x0000000090100000, 0x0000000090100000|100%| O|  |TAMS 0x0000000090000000| PB 0x0000000090000000| Untracked 
| 181|0x0000000090100000, 0x0000000090200000, 0x0000000090200000|100%| O|  |TAMS 0x0000000090100000| PB 0x0000000090100000| Untracked 
| 182|0x0000000090200000, 0x0000000090300000, 0x0000000090300000|100%| O|  |TAMS 0x0000000090200000| PB 0x0000000090200000| Untracked 
| 183|0x0000000090300000, 0x0000000090400000, 0x0000000090400000|100%| O|  |TAMS 0x0000000090300000| PB 0x0000000090300000| Untracked 
| 184|0x0000000090400000, 0x0000000090500000, 0x0000000090500000|100%| O|  |TAMS 0x0000000090400000| PB 0x0000000090400000| Untracked 
| 185|0x0000000090500000, 0x0000000090600000, 0x0000000090600000|100%|HS|  |TAMS 0x0000000090500000| PB 0x0000000090500000| Complete 
| 186|0x0000000090600000, 0x0000000090700000, 0x0000000090700000|100%| O|  |TAMS 0x0000000090600000| PB 0x0000000090600000| Untracked 
| 187|0x0000000090700000, 0x0000000090800000, 0x0000000090800000|100%| O|  |TAMS 0x0000000090700000| PB 0x0000000090700000| Untracked 
| 188|0x0000000090800000, 0x0000000090900000, 0x0000000090900000|100%| O|  |TAMS 0x0000000090800000| PB 0x0000000090800000| Untracked 
| 189|0x0000000090900000, 0x0000000090a00000, 0x0000000090a00000|100%| O|  |TAMS 0x0000000090900000| PB 0x0000000090900000| Untracked 
| 190|0x0000000090a00000, 0x0000000090b00000, 0x0000000090b00000|100%| O|Cm|TAMS 0x0000000090a00000| PB 0x0000000090a00000| Complete 
| 191|0x0000000090b00000, 0x0000000090c00000, 0x0000000090c00000|100%| O|  |TAMS 0x0000000090b00000| PB 0x0000000090b00000| Untracked 
| 192|0x0000000090c00000, 0x0000000090d00000, 0x0000000090d00000|100%| O|  |TAMS 0x0000000090c00000| PB 0x0000000090c00000| Untracked 
| 193|0x0000000090d00000, 0x0000000090e00000, 0x0000000090e00000|100%| O|  |TAMS 0x0000000090d00000| PB 0x0000000090d00000| Untracked 
| 194|0x0000000090e00000, 0x0000000090f00000, 0x0000000090f00000|100%| O|  |TAMS 0x0000000090e00000| PB 0x0000000090e00000| Untracked 
| 195|0x0000000090f00000, 0x0000000090f00000, 0x0000000091000000|  0%| F|  |TAMS 0x0000000090f00000| PB 0x0000000090f00000| Untracked 
| 196|0x0000000091000000, 0x0000000091100000, 0x0000000091100000|100%| O|Cm|TAMS 0x0000000091000000| PB 0x0000000091000000| Complete 
| 197|0x0000000091100000, 0x0000000091200000, 0x0000000091200000|100%| O|  |TAMS 0x0000000091100000| PB 0x0000000091100000| Untracked 
| 198|0x0000000091200000, 0x0000000091300000, 0x0000000091300000|100%| O|  |TAMS 0x0000000091200000| PB 0x0000000091200000| Untracked 
| 199|0x0000000091300000, 0x0000000091400000, 0x0000000091400000|100%| O|  |TAMS 0x0000000091300000| PB 0x0000000091300000| Untracked 
| 200|0x0000000091400000, 0x0000000091500000, 0x0000000091500000|100%| O|  |TAMS 0x0000000091400000| PB 0x0000000091400000| Untracked 
| 201|0x0000000091500000, 0x0000000091600000, 0x0000000091600000|100%| O|  |TAMS 0x0000000091500000| PB 0x0000000091500000| Untracked 
| 202|0x0000000091600000, 0x0000000091700000, 0x0000000091700000|100%| O|  |TAMS 0x0000000091600000| PB 0x0000000091600000| Untracked 
| 203|0x0000000091700000, 0x0000000091800000, 0x0000000091800000|100%| O|  |TAMS 0x0000000091700000| PB 0x0000000091700000| Untracked 
| 204|0x0000000091800000, 0x0000000091900000, 0x0000000091900000|100%| O|  |TAMS 0x0000000091800000| PB 0x0000000091800000| Untracked 
| 205|0x0000000091900000, 0x0000000091a00000, 0x0000000091a00000|100%| O|  |TAMS 0x0000000091900000| PB 0x0000000091900000| Untracked 
| 206|0x0000000091a00000, 0x0000000091b00000, 0x0000000091b00000|100%| O|  |TAMS 0x0000000091a00000| PB 0x0000000091a00000| Untracked 
| 207|0x0000000091b00000, 0x0000000091c00000, 0x0000000091c00000|100%| O|  |TAMS 0x0000000091b00000| PB 0x0000000091b00000| Untracked 
| 208|0x0000000091c00000, 0x0000000091d00000, 0x0000000091d00000|100%|HS|  |TAMS 0x0000000091c00000| PB 0x0000000091c00000| Complete 
| 209|0x0000000091d00000, 0x0000000091e00000, 0x0000000091e00000|100%| O|  |TAMS 0x0000000091d00000| PB 0x0000000091d00000| Untracked 
| 210|0x0000000091e00000, 0x0000000091f00000, 0x0000000091f00000|100%| O|  |TAMS 0x0000000091e00000| PB 0x0000000091e00000| Untracked 
| 211|0x0000000091f00000, 0x0000000092000000, 0x0000000092000000|100%| O|  |TAMS 0x0000000091f00000| PB 0x0000000091f00000| Untracked 
| 212|0x0000000092000000, 0x0000000092100000, 0x0000000092100000|100%| O|  |TAMS 0x0000000092000000| PB 0x0000000092000000| Untracked 
| 213|0x0000000092100000, 0x0000000092200000, 0x0000000092200000|100%| O|  |TAMS 0x0000000092100000| PB 0x0000000092100000| Untracked 
| 214|0x0000000092200000, 0x0000000092300000, 0x0000000092300000|100%| O|  |TAMS 0x0000000092200000| PB 0x0000000092200000| Untracked 
| 215|0x0000000092300000, 0x0000000092300000, 0x0000000092400000|  0%| F|  |TAMS 0x0000000092300000| PB 0x0000000092300000| Untracked 
| 216|0x0000000092400000, 0x0000000092500000, 0x0000000092500000|100%| O|  |TAMS 0x0000000092400000| PB 0x0000000092400000| Untracked 
| 217|0x0000000092500000, 0x0000000092600000, 0x0000000092600000|100%| O|  |TAMS 0x0000000092500000| PB 0x0000000092500000| Untracked 
| 218|0x0000000092600000, 0x0000000092700000, 0x0000000092700000|100%| O|  |TAMS 0x0000000092600000| PB 0x0000000092600000| Untracked 
| 219|0x0000000092700000, 0x0000000092700000, 0x0000000092800000|  0%| F|  |TAMS 0x0000000092700000| PB 0x0000000092700000| Untracked 
| 220|0x0000000092800000, 0x0000000092900000, 0x0000000092900000|100%| O|  |TAMS 0x0000000092800000| PB 0x0000000092800000| Untracked 
| 221|0x0000000092900000, 0x0000000092a00000, 0x0000000092a00000|100%| O|  |TAMS 0x0000000092900000| PB 0x0000000092900000| Untracked 
| 222|0x0000000092a00000, 0x0000000092b00000, 0x0000000092b00000|100%| O|  |TAMS 0x0000000092a00000| PB 0x0000000092a00000| Untracked 
| 223|0x0000000092b00000, 0x0000000092c00000, 0x0000000092c00000|100%| O|  |TAMS 0x0000000092b00000| PB 0x0000000092b00000| Untracked 
| 224|0x0000000092c00000, 0x0000000092d00000, 0x0000000092d00000|100%| O|  |TAMS 0x0000000092c00000| PB 0x0000000092c00000| Untracked 
| 225|0x0000000092d00000, 0x0000000092e00000, 0x0000000092e00000|100%| O|  |TAMS 0x0000000092d00000| PB 0x0000000092d00000| Untracked 
| 226|0x0000000092e00000, 0x0000000092f00000, 0x0000000092f00000|100%| O|  |TAMS 0x0000000092e00000| PB 0x0000000092e00000| Untracked 
| 227|0x0000000092f00000, 0x0000000093000000, 0x0000000093000000|100%| O|  |TAMS 0x0000000092f00000| PB 0x0000000092f00000| Untracked 
| 228|0x0000000093000000, 0x0000000093100000, 0x0000000093100000|100%| O|  |TAMS 0x0000000093000000| PB 0x0000000093000000| Untracked 
| 229|0x0000000093100000, 0x0000000093200000, 0x0000000093200000|100%| O|  |TAMS 0x0000000093100000| PB 0x0000000093100000| Untracked 
| 230|0x0000000093200000, 0x0000000093300000, 0x0000000093300000|100%| O|  |TAMS 0x0000000093200000| PB 0x0000000093200000| Untracked 
| 231|0x0000000093300000, 0x0000000093300000, 0x0000000093400000|  0%| F|  |TAMS 0x0000000093300000| PB 0x0000000093300000| Untracked 
| 232|0x0000000093400000, 0x0000000093500000, 0x0000000093500000|100%| O|  |TAMS 0x0000000093400000| PB 0x0000000093400000| Untracked 
| 233|0x0000000093500000, 0x0000000093500000, 0x0000000093600000|  0%| F|  |TAMS 0x0000000093500000| PB 0x0000000093500000| Untracked 
| 234|0x0000000093600000, 0x0000000093700000, 0x0000000093700000|100%| O|  |TAMS 0x0000000093600000| PB 0x0000000093600000| Untracked 
| 235|0x0000000093700000, 0x0000000093800000, 0x0000000093800000|100%| O|  |TAMS 0x0000000093700000| PB 0x0000000093700000| Untracked 
| 236|0x0000000093800000, 0x0000000093900000, 0x0000000093900000|100%| O|  |TAMS 0x0000000093800000| PB 0x0000000093800000| Untracked 
| 237|0x0000000093900000, 0x0000000093a00000, 0x0000000093a00000|100%| O|  |TAMS 0x0000000093900000| PB 0x0000000093900000| Untracked 
| 238|0x0000000093a00000, 0x0000000093b00000, 0x0000000093b00000|100%| O|  |TAMS 0x0000000093a00000| PB 0x0000000093a00000| Untracked 
| 239|0x0000000093b00000, 0x0000000093c00000, 0x0000000093c00000|100%| O|  |TAMS 0x0000000093b00000| PB 0x0000000093b00000| Untracked 
| 240|0x0000000093c00000, 0x0000000093d00000, 0x0000000093d00000|100%| O|  |TAMS 0x0000000093c00000| PB 0x0000000093c00000| Untracked 
| 241|0x0000000093d00000, 0x0000000093e00000, 0x0000000093e00000|100%| O|  |TAMS 0x0000000093d00000| PB 0x0000000093d00000| Untracked 
| 242|0x0000000093e00000, 0x0000000093f00000, 0x0000000093f00000|100%| O|  |TAMS 0x0000000093e00000| PB 0x0000000093e00000| Untracked 
| 243|0x0000000093f00000, 0x0000000094000000, 0x0000000094000000|100%| O|  |TAMS 0x0000000093f00000| PB 0x0000000093f00000| Untracked 
| 244|0x0000000094000000, 0x0000000094100000, 0x0000000094100000|100%| O|  |TAMS 0x0000000094000000| PB 0x0000000094000000| Untracked 
| 245|0x0000000094100000, 0x0000000094200000, 0x0000000094200000|100%| O|  |TAMS 0x0000000094100000| PB 0x0000000094100000| Untracked 
| 246|0x0000000094200000, 0x0000000094300000, 0x0000000094300000|100%| O|  |TAMS 0x0000000094200000| PB 0x0000000094200000| Untracked 
| 247|0x0000000094300000, 0x0000000094400000, 0x0000000094400000|100%| O|  |TAMS 0x0000000094300000| PB 0x0000000094300000| Untracked 
| 248|0x0000000094400000, 0x0000000094500000, 0x0000000094500000|100%| O|  |TAMS 0x0000000094400000| PB 0x0000000094400000| Untracked 
| 249|0x0000000094500000, 0x0000000094600000, 0x0000000094600000|100%| O|  |TAMS 0x0000000094500000| PB 0x0000000094500000| Untracked 
| 250|0x0000000094600000, 0x0000000094700000, 0x0000000094700000|100%| O|  |TAMS 0x0000000094600000| PB 0x0000000094600000| Untracked 
| 251|0x0000000094700000, 0x0000000094800000, 0x0000000094800000|100%| O|  |TAMS 0x0000000094700000| PB 0x0000000094700000| Untracked 
| 252|0x0000000094800000, 0x0000000094900000, 0x0000000094900000|100%| O|  |TAMS 0x0000000094800000| PB 0x0000000094800000| Untracked 
| 253|0x0000000094900000, 0x0000000094a00000, 0x0000000094a00000|100%| O|  |TAMS 0x0000000094900000| PB 0x0000000094900000| Untracked 
| 254|0x0000000094a00000, 0x0000000094a00000, 0x0000000094b00000|  0%| F|  |TAMS 0x0000000094a00000| PB 0x0000000094a00000| Untracked 
| 255|0x0000000094b00000, 0x0000000094c00000, 0x0000000094c00000|100%| O|  |TAMS 0x0000000094b00000| PB 0x0000000094b00000| Untracked 
| 256|0x0000000094c00000, 0x0000000094d00000, 0x0000000094d00000|100%| O|  |TAMS 0x0000000094c00000| PB 0x0000000094c00000| Untracked 
| 257|0x0000000094d00000, 0x0000000094e00000, 0x0000000094e00000|100%| O|  |TAMS 0x0000000094d00000| PB 0x0000000094d00000| Untracked 
| 258|0x0000000094e00000, 0x0000000094f00000, 0x0000000094f00000|100%| O|  |TAMS 0x0000000094e00000| PB 0x0000000094e00000| Untracked 
| 259|0x0000000094f00000, 0x0000000095000000, 0x0000000095000000|100%| O|  |TAMS 0x0000000094f00000| PB 0x0000000094f00000| Untracked 
| 260|0x0000000095000000, 0x0000000095100000, 0x0000000095100000|100%| O|  |TAMS 0x0000000095000000| PB 0x0000000095000000| Untracked 
| 261|0x0000000095100000, 0x0000000095200000, 0x0000000095200000|100%| O|  |TAMS 0x0000000095100000| PB 0x0000000095100000| Untracked 
| 262|0x0000000095200000, 0x0000000095300000, 0x0000000095300000|100%| O|  |TAMS 0x0000000095200000| PB 0x0000000095200000| Untracked 
| 263|0x0000000095300000, 0x0000000095400000, 0x0000000095400000|100%| O|  |TAMS 0x0000000095300000| PB 0x0000000095300000| Untracked 
| 264|0x0000000095400000, 0x0000000095500000, 0x0000000095500000|100%| O|  |TAMS 0x0000000095400000| PB 0x0000000095400000| Untracked 
| 265|0x0000000095500000, 0x0000000095600000, 0x0000000095600000|100%| O|  |TAMS 0x0000000095500000| PB 0x0000000095500000| Untracked 
| 266|0x0000000095600000, 0x0000000095700000, 0x0000000095700000|100%| O|  |TAMS 0x0000000095600000| PB 0x0000000095600000| Untracked 
| 267|0x0000000095700000, 0x0000000095800000, 0x0000000095800000|100%| O|  |TAMS 0x0000000095700000| PB 0x0000000095700000| Untracked 
| 268|0x0000000095800000, 0x0000000095900000, 0x0000000095900000|100%| O|Cm|TAMS 0x0000000095800000| PB 0x0000000095800000| Complete 
| 269|0x0000000095900000, 0x0000000095a00000, 0x0000000095a00000|100%| O|  |TAMS 0x0000000095900000| PB 0x0000000095900000| Untracked 
| 270|0x0000000095a00000, 0x0000000095b00000, 0x0000000095b00000|100%| O|  |TAMS 0x0000000095a00000| PB 0x0000000095a00000| Untracked 
| 271|0x0000000095b00000, 0x0000000095b00000, 0x0000000095c00000|  0%| F|  |TAMS 0x0000000095b00000| PB 0x0000000095b00000| Untracked 
| 272|0x0000000095c00000, 0x0000000095d00000, 0x0000000095d00000|100%| O|  |TAMS 0x0000000095c00000| PB 0x0000000095c00000| Untracked 
| 273|0x0000000095d00000, 0x0000000095e00000, 0x0000000095e00000|100%| O|  |TAMS 0x0000000095d00000| PB 0x0000000095d00000| Untracked 
| 274|0x0000000095e00000, 0x0000000095f00000, 0x0000000095f00000|100%| O|Cm|TAMS 0x0000000095e00000| PB 0x0000000095e00000| Complete 
| 275|0x0000000095f00000, 0x0000000095f4f5d8, 0x0000000096000000| 31%| O|  |TAMS 0x0000000095f00000| PB 0x0000000095f00000| Untracked 
| 276|0x0000000096000000, 0x0000000096000000, 0x0000000096100000|  0%| F|  |TAMS 0x0000000096000000| PB 0x0000000096000000| Untracked 
| 277|0x0000000096100000, 0x0000000096100000, 0x0000000096200000|  0%| F|  |TAMS 0x0000000096100000| PB 0x0000000096100000| Untracked 
| 278|0x0000000096200000, 0x0000000096300000, 0x0000000096300000|100%| O|  |TAMS 0x0000000096200000| PB 0x0000000096200000| Untracked 
| 279|0x0000000096300000, 0x0000000096400000, 0x0000000096400000|100%| O|  |TAMS 0x0000000096300000| PB 0x0000000096300000| Untracked 
| 280|0x0000000096400000, 0x0000000096400000, 0x0000000096500000|  0%| F|  |TAMS 0x0000000096400000| PB 0x0000000096400000| Untracked 
| 281|0x0000000096500000, 0x0000000096500000, 0x0000000096600000|  0%| F|  |TAMS 0x0000000096500000| PB 0x0000000096500000| Untracked 
| 282|0x0000000096600000, 0x0000000096600000, 0x0000000096700000|  0%| F|  |TAMS 0x0000000096600000| PB 0x0000000096600000| Untracked 
| 283|0x0000000096700000, 0x0000000096700000, 0x0000000096800000|  0%| F|  |TAMS 0x0000000096700000| PB 0x0000000096700000| Untracked 
| 284|0x0000000096800000, 0x0000000096800000, 0x0000000096900000|  0%| F|  |TAMS 0x0000000096800000| PB 0x0000000096800000| Untracked 
| 285|0x0000000096900000, 0x0000000096900000, 0x0000000096a00000|  0%| F|  |TAMS 0x0000000096900000| PB 0x0000000096900000| Untracked 
| 286|0x0000000096a00000, 0x0000000096a00000, 0x0000000096b00000|  0%| F|  |TAMS 0x0000000096a00000| PB 0x0000000096a00000| Untracked 
| 287|0x0000000096b00000, 0x0000000096b00000, 0x0000000096c00000|  0%| F|  |TAMS 0x0000000096b00000| PB 0x0000000096b00000| Untracked 
| 288|0x0000000096c00000, 0x0000000096c00000, 0x0000000096d00000|  0%| F|  |TAMS 0x0000000096c00000| PB 0x0000000096c00000| Untracked 
| 289|0x0000000096d00000, 0x0000000096d00000, 0x0000000096e00000|  0%| F|  |TAMS 0x0000000096d00000| PB 0x0000000096d00000| Untracked 
| 290|0x0000000096e00000, 0x0000000096e00000, 0x0000000096f00000|  0%| F|  |TAMS 0x0000000096e00000| PB 0x0000000096e00000| Untracked 
| 291|0x0000000096f00000, 0x0000000096f00000, 0x0000000097000000|  0%| F|  |TAMS 0x0000000096f00000| PB 0x0000000096f00000| Untracked 
| 292|0x0000000097000000, 0x0000000097000000, 0x0000000097100000|  0%| F|  |TAMS 0x0000000097000000| PB 0x0000000097000000| Untracked 
| 293|0x0000000097100000, 0x0000000097100000, 0x0000000097200000|  0%| F|  |TAMS 0x0000000097100000| PB 0x0000000097100000| Untracked 
| 294|0x0000000097200000, 0x0000000097200000, 0x0000000097300000|  0%| F|  |TAMS 0x0000000097200000| PB 0x0000000097200000| Untracked 
| 295|0x0000000097300000, 0x0000000097300000, 0x0000000097400000|  0%| F|  |TAMS 0x0000000097300000| PB 0x0000000097300000| Untracked 
| 296|0x0000000097400000, 0x0000000097400000, 0x0000000097500000|  0%| F|  |TAMS 0x0000000097400000| PB 0x0000000097400000| Untracked 
| 297|0x0000000097500000, 0x0000000097500000, 0x0000000097600000|  0%| F|  |TAMS 0x0000000097500000| PB 0x0000000097500000| Untracked 
| 298|0x0000000097600000, 0x0000000097600000, 0x0000000097700000|  0%| F|  |TAMS 0x0000000097600000| PB 0x0000000097600000| Untracked 
| 299|0x0000000097700000, 0x0000000097700000, 0x0000000097800000|  0%| F|  |TAMS 0x0000000097700000| PB 0x0000000097700000| Untracked 
| 300|0x0000000097800000, 0x0000000097800000, 0x0000000097900000|  0%| F|  |TAMS 0x0000000097800000| PB 0x0000000097800000| Untracked 
| 301|0x0000000097900000, 0x0000000097900000, 0x0000000097a00000|  0%| F|  |TAMS 0x0000000097900000| PB 0x0000000097900000| Untracked 
| 302|0x0000000097a00000, 0x0000000097a00000, 0x0000000097b00000|  0%| F|  |TAMS 0x0000000097a00000| PB 0x0000000097a00000| Untracked 
| 303|0x0000000097b00000, 0x0000000097b00000, 0x0000000097c00000|  0%| F|  |TAMS 0x0000000097b00000| PB 0x0000000097b00000| Untracked 
| 304|0x0000000097c00000, 0x0000000097c00000, 0x0000000097d00000|  0%| F|  |TAMS 0x0000000097c00000| PB 0x0000000097c00000| Untracked 
| 305|0x0000000097d00000, 0x0000000097d00000, 0x0000000097e00000|  0%| F|  |TAMS 0x0000000097d00000| PB 0x0000000097d00000| Untracked 
| 306|0x0000000097e00000, 0x0000000097e00000, 0x0000000097f00000|  0%| F|  |TAMS 0x0000000097e00000| PB 0x0000000097e00000| Untracked 
| 307|0x0000000097f00000, 0x0000000097f00000, 0x0000000098000000|  0%| F|  |TAMS 0x0000000097f00000| PB 0x0000000097f00000| Untracked 
| 308|0x0000000098000000, 0x0000000098000000, 0x0000000098100000|  0%| F|  |TAMS 0x0000000098000000| PB 0x0000000098000000| Untracked 
| 309|0x0000000098100000, 0x0000000098100000, 0x0000000098200000|  0%| F|  |TAMS 0x0000000098100000| PB 0x0000000098100000| Untracked 
| 310|0x0000000098200000, 0x0000000098200000, 0x0000000098300000|  0%| F|  |TAMS 0x0000000098200000| PB 0x0000000098200000| Untracked 
| 311|0x0000000098300000, 0x0000000098400000, 0x0000000098400000|100%| S|CS|TAMS 0x0000000098300000| PB 0x0000000098300000| Complete 
| 312|0x0000000098400000, 0x0000000098500000, 0x0000000098500000|100%| S|CS|TAMS 0x0000000098400000| PB 0x0000000098400000| Complete 
| 313|0x0000000098500000, 0x0000000098600000, 0x0000000098600000|100%| S|CS|TAMS 0x0000000098500000| PB 0x0000000098500000| Complete 
| 314|0x0000000098600000, 0x0000000098700000, 0x0000000098700000|100%| S|CS|TAMS 0x0000000098600000| PB 0x0000000098600000| Complete 
| 315|0x0000000098700000, 0x0000000098800000, 0x0000000098800000|100%| S|CS|TAMS 0x0000000098700000| PB 0x0000000098700000| Complete 
| 316|0x0000000098800000, 0x0000000098900000, 0x0000000098900000|100%| S|CS|TAMS 0x0000000098800000| PB 0x0000000098800000| Complete 
| 317|0x0000000098900000, 0x0000000098a00000, 0x0000000098a00000|100%| S|CS|TAMS 0x0000000098900000| PB 0x0000000098900000| Complete 
| 318|0x0000000098a00000, 0x0000000098b00000, 0x0000000098b00000|100%| S|CS|TAMS 0x0000000098a00000| PB 0x0000000098a00000| Complete 
| 319|0x0000000098b00000, 0x0000000098c00000, 0x0000000098c00000|100%| S|CS|TAMS 0x0000000098b00000| PB 0x0000000098b00000| Complete 
| 320|0x0000000098c00000, 0x0000000098d00000, 0x0000000098d00000|100%| S|CS|TAMS 0x0000000098c00000| PB 0x0000000098c00000| Complete 
| 321|0x0000000098d00000, 0x0000000098e00000, 0x0000000098e00000|100%| S|CS|TAMS 0x0000000098d00000| PB 0x0000000098d00000| Complete 
| 322|0x0000000098e00000, 0x0000000098f00000, 0x0000000098f00000|100%| S|CS|TAMS 0x0000000098e00000| PB 0x0000000098e00000| Complete 
| 323|0x0000000098f00000, 0x0000000099000000, 0x0000000099000000|100%| S|CS|TAMS 0x0000000098f00000| PB 0x0000000098f00000| Complete 
| 324|0x0000000099000000, 0x0000000099100000, 0x0000000099100000|100%| S|CS|TAMS 0x0000000099000000| PB 0x0000000099000000| Complete 
| 325|0x0000000099100000, 0x0000000099200000, 0x0000000099200000|100%| S|CS|TAMS 0x0000000099100000| PB 0x0000000099100000| Complete 
| 326|0x0000000099200000, 0x0000000099300000, 0x0000000099300000|100%| S|CS|TAMS 0x0000000099200000| PB 0x0000000099200000| Complete 
| 327|0x0000000099300000, 0x0000000099400000, 0x0000000099400000|100%| S|CS|TAMS 0x0000000099300000| PB 0x0000000099300000| Complete 
| 328|0x0000000099400000, 0x0000000099500000, 0x0000000099500000|100%| S|CS|TAMS 0x0000000099400000| PB 0x0000000099400000| Complete 
| 329|0x0000000099500000, 0x0000000099600000, 0x0000000099600000|100%| S|CS|TAMS 0x0000000099500000| PB 0x0000000099500000| Complete 
| 330|0x0000000099600000, 0x0000000099600000, 0x0000000099700000|  0%| F|  |TAMS 0x0000000099600000| PB 0x0000000099600000| Untracked 
| 331|0x0000000099700000, 0x0000000099700000, 0x0000000099800000|  0%| F|  |TAMS 0x0000000099700000| PB 0x0000000099700000| Untracked 
| 332|0x0000000099800000, 0x0000000099800000, 0x0000000099900000|  0%| F|  |TAMS 0x0000000099800000| PB 0x0000000099800000| Untracked 
| 333|0x0000000099900000, 0x0000000099900000, 0x0000000099a00000|  0%| F|  |TAMS 0x0000000099900000| PB 0x0000000099900000| Untracked 
| 334|0x0000000099a00000, 0x0000000099a00000, 0x0000000099b00000|  0%| F|  |TAMS 0x0000000099a00000| PB 0x0000000099a00000| Untracked 
| 335|0x0000000099b00000, 0x0000000099b00000, 0x0000000099c00000|  0%| F|  |TAMS 0x0000000099b00000| PB 0x0000000099b00000| Untracked 
| 336|0x0000000099c00000, 0x0000000099c00000, 0x0000000099d00000|  0%| F|  |TAMS 0x0000000099c00000| PB 0x0000000099c00000| Untracked 
| 337|0x0000000099d00000, 0x0000000099d00000, 0x0000000099e00000|  0%| F|  |TAMS 0x0000000099d00000| PB 0x0000000099d00000| Untracked 
| 338|0x0000000099e00000, 0x0000000099e00000, 0x0000000099f00000|  0%| F|  |TAMS 0x0000000099e00000| PB 0x0000000099e00000| Untracked 
| 339|0x0000000099f00000, 0x0000000099f00000, 0x000000009a000000|  0%| F|  |TAMS 0x0000000099f00000| PB 0x0000000099f00000| Untracked 
| 340|0x000000009a000000, 0x000000009a000000, 0x000000009a100000|  0%| F|  |TAMS 0x000000009a000000| PB 0x000000009a000000| Untracked 
| 341|0x000000009a100000, 0x000000009a100000, 0x000000009a200000|  0%| F|  |TAMS 0x000000009a100000| PB 0x000000009a100000| Untracked 
| 342|0x000000009a200000, 0x000000009a200000, 0x000000009a300000|  0%| F|  |TAMS 0x000000009a200000| PB 0x000000009a200000| Untracked 
| 343|0x000000009a300000, 0x000000009a300000, 0x000000009a400000|  0%| F|  |TAMS 0x000000009a300000| PB 0x000000009a300000| Untracked 
| 344|0x000000009a400000, 0x000000009a400000, 0x000000009a500000|  0%| F|  |TAMS 0x000000009a400000| PB 0x000000009a400000| Untracked 
| 345|0x000000009a500000, 0x000000009a500000, 0x000000009a600000|  0%| F|  |TAMS 0x000000009a500000| PB 0x000000009a500000| Untracked 
| 346|0x000000009a600000, 0x000000009a600000, 0x000000009a700000|  0%| F|  |TAMS 0x000000009a600000| PB 0x000000009a600000| Untracked 
| 347|0x000000009a700000, 0x000000009a700000, 0x000000009a800000|  0%| F|  |TAMS 0x000000009a700000| PB 0x000000009a700000| Untracked 
| 348|0x000000009a800000, 0x000000009a800000, 0x000000009a900000|  0%| F|  |TAMS 0x000000009a800000| PB 0x000000009a800000| Untracked 
| 349|0x000000009a900000, 0x000000009a900000, 0x000000009aa00000|  0%| F|  |TAMS 0x000000009a900000| PB 0x000000009a900000| Untracked 
| 350|0x000000009aa00000, 0x000000009aa00000, 0x000000009ab00000|  0%| F|  |TAMS 0x000000009aa00000| PB 0x000000009aa00000| Untracked 
| 351|0x000000009ab00000, 0x000000009ab00000, 0x000000009ac00000|  0%| F|  |TAMS 0x000000009ab00000| PB 0x000000009ab00000| Untracked 
| 352|0x000000009ac00000, 0x000000009ac00000, 0x000000009ad00000|  0%| F|  |TAMS 0x000000009ac00000| PB 0x000000009ac00000| Untracked 
| 353|0x000000009ad00000, 0x000000009ad00000, 0x000000009ae00000|  0%| F|  |TAMS 0x000000009ad00000| PB 0x000000009ad00000| Untracked 
| 354|0x000000009ae00000, 0x000000009ae00000, 0x000000009af00000|  0%| F|  |TAMS 0x000000009ae00000| PB 0x000000009ae00000| Untracked 
| 355|0x000000009af00000, 0x000000009af00000, 0x000000009b000000|  0%| F|  |TAMS 0x000000009af00000| PB 0x000000009af00000| Untracked 
| 356|0x000000009b000000, 0x000000009b000000, 0x000000009b100000|  0%| F|  |TAMS 0x000000009b000000| PB 0x000000009b000000| Untracked 
| 357|0x000000009b100000, 0x000000009b100000, 0x000000009b200000|  0%| F|  |TAMS 0x000000009b100000| PB 0x000000009b100000| Untracked 
| 358|0x000000009b200000, 0x000000009b200000, 0x000000009b300000|  0%| F|  |TAMS 0x000000009b200000| PB 0x000000009b200000| Untracked 
| 359|0x000000009b300000, 0x000000009b300000, 0x000000009b400000|  0%| F|  |TAMS 0x000000009b300000| PB 0x000000009b300000| Untracked 
| 360|0x000000009b400000, 0x000000009b400000, 0x000000009b500000|  0%| F|  |TAMS 0x000000009b400000| PB 0x000000009b400000| Untracked 
| 361|0x000000009b500000, 0x000000009b500000, 0x000000009b600000|  0%| F|  |TAMS 0x000000009b500000| PB 0x000000009b500000| Untracked 
| 362|0x000000009b600000, 0x000000009b600000, 0x000000009b700000|  0%| F|  |TAMS 0x000000009b600000| PB 0x000000009b600000| Untracked 
| 363|0x000000009b700000, 0x000000009b700000, 0x000000009b800000|  0%| F|  |TAMS 0x000000009b700000| PB 0x000000009b700000| Untracked 
| 364|0x000000009b800000, 0x000000009b800000, 0x000000009b900000|  0%| F|  |TAMS 0x000000009b800000| PB 0x000000009b800000| Untracked 
| 365|0x000000009b900000, 0x000000009b900000, 0x000000009ba00000|  0%| F|  |TAMS 0x000000009b900000| PB 0x000000009b900000| Untracked 
| 366|0x000000009ba00000, 0x000000009ba00000, 0x000000009bb00000|  0%| F|  |TAMS 0x000000009ba00000| PB 0x000000009ba00000| Untracked 
| 367|0x000000009bb00000, 0x000000009bb00000, 0x000000009bc00000|  0%| F|  |TAMS 0x000000009bb00000| PB 0x000000009bb00000| Untracked 
| 368|0x000000009bc00000, 0x000000009bc00000, 0x000000009bd00000|  0%| F|  |TAMS 0x000000009bc00000| PB 0x000000009bc00000| Untracked 
| 369|0x000000009bd00000, 0x000000009bd00000, 0x000000009be00000|  0%| F|  |TAMS 0x000000009bd00000| PB 0x000000009bd00000| Untracked 
| 370|0x000000009be00000, 0x000000009be00000, 0x000000009bf00000|  0%| F|  |TAMS 0x000000009be00000| PB 0x000000009be00000| Untracked 
| 371|0x000000009bf00000, 0x000000009bf00000, 0x000000009c000000|  0%| F|  |TAMS 0x000000009bf00000| PB 0x000000009bf00000| Untracked 
| 372|0x000000009c000000, 0x000000009c000000, 0x000000009c100000|  0%| F|  |TAMS 0x000000009c000000| PB 0x000000009c000000| Untracked 
| 373|0x000000009c100000, 0x000000009c100000, 0x000000009c200000|  0%| F|  |TAMS 0x000000009c100000| PB 0x000000009c100000| Untracked 
| 374|0x000000009c200000, 0x000000009c200000, 0x000000009c300000|  0%| F|  |TAMS 0x000000009c200000| PB 0x000000009c200000| Untracked 
| 375|0x000000009c300000, 0x000000009c300000, 0x000000009c400000|  0%| F|  |TAMS 0x000000009c300000| PB 0x000000009c300000| Untracked 
| 376|0x000000009c400000, 0x000000009c400000, 0x000000009c500000|  0%| F|  |TAMS 0x000000009c400000| PB 0x000000009c400000| Untracked 
| 377|0x000000009c500000, 0x000000009c500000, 0x000000009c600000|  0%| F|  |TAMS 0x000000009c500000| PB 0x000000009c500000| Untracked 
| 378|0x000000009c600000, 0x000000009c600000, 0x000000009c700000|  0%| F|  |TAMS 0x000000009c600000| PB 0x000000009c600000| Untracked 
| 379|0x000000009c700000, 0x000000009c700000, 0x000000009c800000|  0%| F|  |TAMS 0x000000009c700000| PB 0x000000009c700000| Untracked 
| 380|0x000000009c800000, 0x000000009c800000, 0x000000009c900000|  0%| F|  |TAMS 0x000000009c800000| PB 0x000000009c800000| Untracked 
| 381|0x000000009c900000, 0x000000009c900000, 0x000000009ca00000|  0%| F|  |TAMS 0x000000009c900000| PB 0x000000009c900000| Untracked 
| 382|0x000000009ca00000, 0x000000009ca00000, 0x000000009cb00000|  0%| F|  |TAMS 0x000000009ca00000| PB 0x000000009ca00000| Untracked 
| 383|0x000000009cb00000, 0x000000009cb00000, 0x000000009cc00000|  0%| F|  |TAMS 0x000000009cb00000| PB 0x000000009cb00000| Untracked 
| 384|0x000000009cc00000, 0x000000009cc00000, 0x000000009cd00000|  0%| F|  |TAMS 0x000000009cc00000| PB 0x000000009cc00000| Untracked 
| 385|0x000000009cd00000, 0x000000009cd00000, 0x000000009ce00000|  0%| F|  |TAMS 0x000000009cd00000| PB 0x000000009cd00000| Untracked 
| 386|0x000000009ce00000, 0x000000009ce00000, 0x000000009cf00000|  0%| F|  |TAMS 0x000000009ce00000| PB 0x000000009ce00000| Untracked 
| 387|0x000000009cf00000, 0x000000009cf00000, 0x000000009d000000|  0%| F|  |TAMS 0x000000009cf00000| PB 0x000000009cf00000| Untracked 
| 388|0x000000009d000000, 0x000000009d000000, 0x000000009d100000|  0%| F|  |TAMS 0x000000009d000000| PB 0x000000009d000000| Untracked 
| 389|0x000000009d100000, 0x000000009d100000, 0x000000009d200000|  0%| F|  |TAMS 0x000000009d100000| PB 0x000000009d100000| Untracked 
| 390|0x000000009d200000, 0x000000009d200000, 0x000000009d300000|  0%| F|  |TAMS 0x000000009d200000| PB 0x000000009d200000| Untracked 
| 391|0x000000009d300000, 0x000000009d300000, 0x000000009d400000|  0%| F|  |TAMS 0x000000009d300000| PB 0x000000009d300000| Untracked 
| 392|0x000000009d400000, 0x000000009d400000, 0x000000009d500000|  0%| F|  |TAMS 0x000000009d400000| PB 0x000000009d400000| Untracked 
| 393|0x000000009d500000, 0x000000009d500000, 0x000000009d600000|  0%| F|  |TAMS 0x000000009d500000| PB 0x000000009d500000| Untracked 
| 394|0x000000009d600000, 0x000000009d600000, 0x000000009d700000|  0%| F|  |TAMS 0x000000009d600000| PB 0x000000009d600000| Untracked 
| 395|0x000000009d700000, 0x000000009d700000, 0x000000009d800000|  0%| F|  |TAMS 0x000000009d700000| PB 0x000000009d700000| Untracked 
| 396|0x000000009d800000, 0x000000009d800000, 0x000000009d900000|  0%| F|  |TAMS 0x000000009d800000| PB 0x000000009d800000| Untracked 
| 397|0x000000009d900000, 0x000000009d900000, 0x000000009da00000|  0%| F|  |TAMS 0x000000009d900000| PB 0x000000009d900000| Untracked 
| 398|0x000000009da00000, 0x000000009da00000, 0x000000009db00000|  0%| F|  |TAMS 0x000000009da00000| PB 0x000000009da00000| Untracked 
| 399|0x000000009db00000, 0x000000009db00000, 0x000000009dc00000|  0%| F|  |TAMS 0x000000009db00000| PB 0x000000009db00000| Untracked 
| 400|0x000000009dc00000, 0x000000009dc00000, 0x000000009dd00000|  0%| F|  |TAMS 0x000000009dc00000| PB 0x000000009dc00000| Untracked 
| 401|0x000000009dd00000, 0x000000009dd00000, 0x000000009de00000|  0%| F|  |TAMS 0x000000009dd00000| PB 0x000000009dd00000| Untracked 
| 402|0x000000009de00000, 0x000000009de00000, 0x000000009df00000|  0%| F|  |TAMS 0x000000009de00000| PB 0x000000009de00000| Untracked 
| 403|0x000000009df00000, 0x000000009df00000, 0x000000009e000000|  0%| F|  |TAMS 0x000000009df00000| PB 0x000000009df00000| Untracked 
| 404|0x000000009e000000, 0x000000009e000000, 0x000000009e100000|  0%| F|  |TAMS 0x000000009e000000| PB 0x000000009e000000| Untracked 
| 405|0x000000009e100000, 0x000000009e100000, 0x000000009e200000|  0%| F|  |TAMS 0x000000009e100000| PB 0x000000009e100000| Untracked 
| 406|0x000000009e200000, 0x000000009e200000, 0x000000009e300000|  0%| F|  |TAMS 0x000000009e200000| PB 0x000000009e200000| Untracked 
| 407|0x000000009e300000, 0x000000009e300000, 0x000000009e400000|  0%| F|  |TAMS 0x000000009e300000| PB 0x000000009e300000| Untracked 
| 408|0x000000009e400000, 0x000000009e400000, 0x000000009e500000|  0%| F|  |TAMS 0x000000009e400000| PB 0x000000009e400000| Untracked 
| 409|0x000000009e500000, 0x000000009e500000, 0x000000009e600000|  0%| F|  |TAMS 0x000000009e500000| PB 0x000000009e500000| Untracked 
| 410|0x000000009e600000, 0x000000009e600000, 0x000000009e700000|  0%| F|  |TAMS 0x000000009e600000| PB 0x000000009e600000| Untracked 
| 411|0x000000009e700000, 0x000000009e700000, 0x000000009e800000|  0%| F|  |TAMS 0x000000009e700000| PB 0x000000009e700000| Untracked 
| 412|0x000000009e800000, 0x000000009e800000, 0x000000009e900000|  0%| F|  |TAMS 0x000000009e800000| PB 0x000000009e800000| Untracked 
| 413|0x000000009e900000, 0x000000009e900000, 0x000000009ea00000|  0%| F|  |TAMS 0x000000009e900000| PB 0x000000009e900000| Untracked 
| 414|0x000000009ea00000, 0x000000009ea00000, 0x000000009eb00000|  0%| F|  |TAMS 0x000000009ea00000| PB 0x000000009ea00000| Untracked 
| 415|0x000000009eb00000, 0x000000009eb00000, 0x000000009ec00000|  0%| F|  |TAMS 0x000000009eb00000| PB 0x000000009eb00000| Untracked 
| 416|0x000000009ec00000, 0x000000009ec00000, 0x000000009ed00000|  0%| F|  |TAMS 0x000000009ec00000| PB 0x000000009ec00000| Untracked 
| 417|0x000000009ed00000, 0x000000009ed00000, 0x000000009ee00000|  0%| F|  |TAMS 0x000000009ed00000| PB 0x000000009ed00000| Untracked 
| 418|0x000000009ee00000, 0x000000009ee00000, 0x000000009ef00000|  0%| F|  |TAMS 0x000000009ee00000| PB 0x000000009ee00000| Untracked 
| 419|0x000000009ef00000, 0x000000009ef00000, 0x000000009f000000|  0%| F|  |TAMS 0x000000009ef00000| PB 0x000000009ef00000| Untracked 
| 420|0x000000009f000000, 0x000000009f000000, 0x000000009f100000|  0%| F|  |TAMS 0x000000009f000000| PB 0x000000009f000000| Untracked 
| 421|0x000000009f100000, 0x000000009f100000, 0x000000009f200000|  0%| F|  |TAMS 0x000000009f100000| PB 0x000000009f100000| Untracked 
| 422|0x000000009f200000, 0x000000009f200000, 0x000000009f300000|  0%| F|  |TAMS 0x000000009f200000| PB 0x000000009f200000| Untracked 
| 423|0x000000009f300000, 0x000000009f300000, 0x000000009f400000|  0%| F|  |TAMS 0x000000009f300000| PB 0x000000009f300000| Untracked 
| 424|0x000000009f400000, 0x000000009f400000, 0x000000009f500000|  0%| F|  |TAMS 0x000000009f400000| PB 0x000000009f400000| Untracked 
| 425|0x000000009f500000, 0x000000009f500000, 0x000000009f600000|  0%| F|  |TAMS 0x000000009f500000| PB 0x000000009f500000| Untracked 
| 426|0x000000009f600000, 0x000000009f600000, 0x000000009f700000|  0%| F|  |TAMS 0x000000009f600000| PB 0x000000009f600000| Untracked 
| 427|0x000000009f700000, 0x000000009f700000, 0x000000009f800000|  0%| F|  |TAMS 0x000000009f700000| PB 0x000000009f700000| Untracked 
| 428|0x000000009f800000, 0x000000009f800000, 0x000000009f900000|  0%| F|  |TAMS 0x000000009f800000| PB 0x000000009f800000| Untracked 
| 429|0x000000009f900000, 0x000000009f900000, 0x000000009fa00000|  0%| F|  |TAMS 0x000000009f900000| PB 0x000000009f900000| Untracked 
| 430|0x000000009fa00000, 0x000000009fa00000, 0x000000009fb00000|  0%| F|  |TAMS 0x000000009fa00000| PB 0x000000009fa00000| Untracked 
| 431|0x000000009fb00000, 0x000000009fb00000, 0x000000009fc00000|  0%| F|  |TAMS 0x000000009fb00000| PB 0x000000009fb00000| Untracked 
| 432|0x000000009fc00000, 0x000000009fc00000, 0x000000009fd00000|  0%| F|  |TAMS 0x000000009fc00000| PB 0x000000009fc00000| Untracked 
| 433|0x000000009fd00000, 0x000000009fd00000, 0x000000009fe00000|  0%| F|  |TAMS 0x000000009fd00000| PB 0x000000009fd00000| Untracked 
| 434|0x000000009fe00000, 0x000000009fe00000, 0x000000009ff00000|  0%| F|  |TAMS 0x000000009fe00000| PB 0x000000009fe00000| Untracked 
| 435|0x000000009ff00000, 0x000000009ff00000, 0x00000000a0000000|  0%| F|  |TAMS 0x000000009ff00000| PB 0x000000009ff00000| Untracked 
| 436|0x00000000a0000000, 0x00000000a0000000, 0x00000000a0100000|  0%| F|  |TAMS 0x00000000a0000000| PB 0x00000000a0000000| Untracked 
| 437|0x00000000a0100000, 0x00000000a0100000, 0x00000000a0200000|  0%| F|  |TAMS 0x00000000a0100000| PB 0x00000000a0100000| Untracked 
| 438|0x00000000a0200000, 0x00000000a0200000, 0x00000000a0300000|  0%| F|  |TAMS 0x00000000a0200000| PB 0x00000000a0200000| Untracked 
| 439|0x00000000a0300000, 0x00000000a0300000, 0x00000000a0400000|  0%| F|  |TAMS 0x00000000a0300000| PB 0x00000000a0300000| Untracked 
| 440|0x00000000a0400000, 0x00000000a0400000, 0x00000000a0500000|  0%| F|  |TAMS 0x00000000a0400000| PB 0x00000000a0400000| Untracked 
| 441|0x00000000a0500000, 0x00000000a0500000, 0x00000000a0600000|  0%| F|  |TAMS 0x00000000a0500000| PB 0x00000000a0500000| Untracked 
| 442|0x00000000a0600000, 0x00000000a0600000, 0x00000000a0700000|  0%| F|  |TAMS 0x00000000a0600000| PB 0x00000000a0600000| Untracked 
| 443|0x00000000a0700000, 0x00000000a0700000, 0x00000000a0800000|  0%| F|  |TAMS 0x00000000a0700000| PB 0x00000000a0700000| Untracked 
| 444|0x00000000a0800000, 0x00000000a0800000, 0x00000000a0900000|  0%| F|  |TAMS 0x00000000a0800000| PB 0x00000000a0800000| Untracked 
| 445|0x00000000a0900000, 0x00000000a0900000, 0x00000000a0a00000|  0%| F|  |TAMS 0x00000000a0900000| PB 0x00000000a0900000| Untracked 
| 446|0x00000000a0a00000, 0x00000000a0a00000, 0x00000000a0b00000|  0%| F|  |TAMS 0x00000000a0a00000| PB 0x00000000a0a00000| Untracked 
| 447|0x00000000a0b00000, 0x00000000a0b00000, 0x00000000a0c00000|  0%| F|  |TAMS 0x00000000a0b00000| PB 0x00000000a0b00000| Untracked 
| 448|0x00000000a0c00000, 0x00000000a0c00000, 0x00000000a0d00000|  0%| F|  |TAMS 0x00000000a0c00000| PB 0x00000000a0c00000| Untracked 
| 449|0x00000000a0d00000, 0x00000000a0d00000, 0x00000000a0e00000|  0%| F|  |TAMS 0x00000000a0d00000| PB 0x00000000a0d00000| Untracked 
| 450|0x00000000a0e00000, 0x00000000a0e00000, 0x00000000a0f00000|  0%| F|  |TAMS 0x00000000a0e00000| PB 0x00000000a0e00000| Untracked 
| 451|0x00000000a0f00000, 0x00000000a0f00000, 0x00000000a1000000|  0%| F|  |TAMS 0x00000000a0f00000| PB 0x00000000a0f00000| Untracked 
| 452|0x00000000a1000000, 0x00000000a1000000, 0x00000000a1100000|  0%| F|  |TAMS 0x00000000a1000000| PB 0x00000000a1000000| Untracked 
| 453|0x00000000a1100000, 0x00000000a1100000, 0x00000000a1200000|  0%| F|  |TAMS 0x00000000a1100000| PB 0x00000000a1100000| Untracked 
| 454|0x00000000a1200000, 0x00000000a1200000, 0x00000000a1300000|  0%| F|  |TAMS 0x00000000a1200000| PB 0x00000000a1200000| Untracked 
| 455|0x00000000a1300000, 0x00000000a1300000, 0x00000000a1400000|  0%| F|  |TAMS 0x00000000a1300000| PB 0x00000000a1300000| Untracked 
| 456|0x00000000a1400000, 0x00000000a1400000, 0x00000000a1500000|  0%| F|  |TAMS 0x00000000a1400000| PB 0x00000000a1400000| Untracked 
| 457|0x00000000a1500000, 0x00000000a1500000, 0x00000000a1600000|  0%| F|  |TAMS 0x00000000a1500000| PB 0x00000000a1500000| Untracked 
| 458|0x00000000a1600000, 0x00000000a1600000, 0x00000000a1700000|  0%| F|  |TAMS 0x00000000a1600000| PB 0x00000000a1600000| Untracked 
| 459|0x00000000a1700000, 0x00000000a1700000, 0x00000000a1800000|  0%| F|  |TAMS 0x00000000a1700000| PB 0x00000000a1700000| Untracked 
| 460|0x00000000a1800000, 0x00000000a1800000, 0x00000000a1900000|  0%| F|  |TAMS 0x00000000a1800000| PB 0x00000000a1800000| Untracked 
| 461|0x00000000a1900000, 0x00000000a1900000, 0x00000000a1a00000|  0%| F|  |TAMS 0x00000000a1900000| PB 0x00000000a1900000| Untracked 
| 462|0x00000000a1a00000, 0x00000000a1a00000, 0x00000000a1b00000|  0%| F|  |TAMS 0x00000000a1a00000| PB 0x00000000a1a00000| Untracked 
| 463|0x00000000a1b00000, 0x00000000a1b00000, 0x00000000a1c00000|  0%| F|  |TAMS 0x00000000a1b00000| PB 0x00000000a1b00000| Untracked 
| 464|0x00000000a1c00000, 0x00000000a1c00000, 0x00000000a1d00000|  0%| F|  |TAMS 0x00000000a1c00000| PB 0x00000000a1c00000| Untracked 
| 465|0x00000000a1d00000, 0x00000000a1d00000, 0x00000000a1e00000|  0%| F|  |TAMS 0x00000000a1d00000| PB 0x00000000a1d00000| Untracked 
| 466|0x00000000a1e00000, 0x00000000a1e00000, 0x00000000a1f00000|  0%| F|  |TAMS 0x00000000a1e00000| PB 0x00000000a1e00000| Untracked 
| 467|0x00000000a1f00000, 0x00000000a1f00000, 0x00000000a2000000|  0%| F|  |TAMS 0x00000000a1f00000| PB 0x00000000a1f00000| Untracked 
| 468|0x00000000a2000000, 0x00000000a2000000, 0x00000000a2100000|  0%| F|  |TAMS 0x00000000a2000000| PB 0x00000000a2000000| Untracked 
| 469|0x00000000a2100000, 0x00000000a2100000, 0x00000000a2200000|  0%| F|  |TAMS 0x00000000a2100000| PB 0x00000000a2100000| Untracked 
| 470|0x00000000a2200000, 0x00000000a2200000, 0x00000000a2300000|  0%| F|  |TAMS 0x00000000a2200000| PB 0x00000000a2200000| Untracked 
| 471|0x00000000a2300000, 0x00000000a2300000, 0x00000000a2400000|  0%| F|  |TAMS 0x00000000a2300000| PB 0x00000000a2300000| Untracked 
| 472|0x00000000a2400000, 0x00000000a2400000, 0x00000000a2500000|  0%| F|  |TAMS 0x00000000a2400000| PB 0x00000000a2400000| Untracked 
| 473|0x00000000a2500000, 0x00000000a2500000, 0x00000000a2600000|  0%| F|  |TAMS 0x00000000a2500000| PB 0x00000000a2500000| Untracked 
| 474|0x00000000a2600000, 0x00000000a2600000, 0x00000000a2700000|  0%| F|  |TAMS 0x00000000a2600000| PB 0x00000000a2600000| Untracked 
| 475|0x00000000a2700000, 0x00000000a2700000, 0x00000000a2800000|  0%| F|  |TAMS 0x00000000a2700000| PB 0x00000000a2700000| Untracked 
| 476|0x00000000a2800000, 0x00000000a2800000, 0x00000000a2900000|  0%| F|  |TAMS 0x00000000a2800000| PB 0x00000000a2800000| Untracked 
| 477|0x00000000a2900000, 0x00000000a2900000, 0x00000000a2a00000|  0%| F|  |TAMS 0x00000000a2900000| PB 0x00000000a2900000| Untracked 
| 478|0x00000000a2a00000, 0x00000000a2a00000, 0x00000000a2b00000|  0%| F|  |TAMS 0x00000000a2a00000| PB 0x00000000a2a00000| Untracked 
| 479|0x00000000a2b00000, 0x00000000a2b00000, 0x00000000a2c00000|  0%| F|  |TAMS 0x00000000a2b00000| PB 0x00000000a2b00000| Untracked 
| 480|0x00000000a2c00000, 0x00000000a2c00000, 0x00000000a2d00000|  0%| F|  |TAMS 0x00000000a2c00000| PB 0x00000000a2c00000| Untracked 
| 481|0x00000000a2d00000, 0x00000000a2d00000, 0x00000000a2e00000|  0%| F|  |TAMS 0x00000000a2d00000| PB 0x00000000a2d00000| Untracked 
| 482|0x00000000a2e00000, 0x00000000a2e00000, 0x00000000a2f00000|  0%| F|  |TAMS 0x00000000a2e00000| PB 0x00000000a2e00000| Untracked 
| 483|0x00000000a2f00000, 0x00000000a2f00000, 0x00000000a3000000|  0%| F|  |TAMS 0x00000000a2f00000| PB 0x00000000a2f00000| Untracked 
| 484|0x00000000a3000000, 0x00000000a3000000, 0x00000000a3100000|  0%| F|  |TAMS 0x00000000a3000000| PB 0x00000000a3000000| Untracked 
| 485|0x00000000a3100000, 0x00000000a3100000, 0x00000000a3200000|  0%| F|  |TAMS 0x00000000a3100000| PB 0x00000000a3100000| Untracked 
| 486|0x00000000a3200000, 0x00000000a3200000, 0x00000000a3300000|  0%| F|  |TAMS 0x00000000a3200000| PB 0x00000000a3200000| Untracked 
| 487|0x00000000a3300000, 0x00000000a3300000, 0x00000000a3400000|  0%| F|  |TAMS 0x00000000a3300000| PB 0x00000000a3300000| Untracked 
| 488|0x00000000a3400000, 0x00000000a3400000, 0x00000000a3500000|  0%| F|  |TAMS 0x00000000a3400000| PB 0x00000000a3400000| Untracked 
| 489|0x00000000a3500000, 0x00000000a3500000, 0x00000000a3600000|  0%| F|  |TAMS 0x00000000a3500000| PB 0x00000000a3500000| Untracked 
| 490|0x00000000a3600000, 0x00000000a3600000, 0x00000000a3700000|  0%| F|  |TAMS 0x00000000a3600000| PB 0x00000000a3600000| Untracked 
| 491|0x00000000a3700000, 0x00000000a3700000, 0x00000000a3800000|  0%| F|  |TAMS 0x00000000a3700000| PB 0x00000000a3700000| Untracked 
| 492|0x00000000a3800000, 0x00000000a3800000, 0x00000000a3900000|  0%| F|  |TAMS 0x00000000a3800000| PB 0x00000000a3800000| Untracked 
| 493|0x00000000a3900000, 0x00000000a3900000, 0x00000000a3a00000|  0%| F|  |TAMS 0x00000000a3900000| PB 0x00000000a3900000| Untracked 
| 494|0x00000000a3a00000, 0x00000000a3a00000, 0x00000000a3b00000|  0%| F|  |TAMS 0x00000000a3a00000| PB 0x00000000a3a00000| Untracked 
| 495|0x00000000a3b00000, 0x00000000a3b00000, 0x00000000a3c00000|  0%| F|  |TAMS 0x00000000a3b00000| PB 0x00000000a3b00000| Untracked 
| 496|0x00000000a3c00000, 0x00000000a3c00000, 0x00000000a3d00000|  0%| F|  |TAMS 0x00000000a3c00000| PB 0x00000000a3c00000| Untracked 
| 497|0x00000000a3d00000, 0x00000000a3d00000, 0x00000000a3e00000|  0%| F|  |TAMS 0x00000000a3d00000| PB 0x00000000a3d00000| Untracked 
| 498|0x00000000a3e00000, 0x00000000a3e00000, 0x00000000a3f00000|  0%| F|  |TAMS 0x00000000a3e00000| PB 0x00000000a3e00000| Untracked 
| 499|0x00000000a3f00000, 0x00000000a3f00000, 0x00000000a4000000|  0%| F|  |TAMS 0x00000000a3f00000| PB 0x00000000a3f00000| Untracked 
| 500|0x00000000a4000000, 0x00000000a4000000, 0x00000000a4100000|  0%| F|  |TAMS 0x00000000a4000000| PB 0x00000000a4000000| Untracked 
| 501|0x00000000a4100000, 0x00000000a4100000, 0x00000000a4200000|  0%| F|  |TAMS 0x00000000a4100000| PB 0x00000000a4100000| Untracked 
| 502|0x00000000a4200000, 0x00000000a4200000, 0x00000000a4300000|  0%| F|  |TAMS 0x00000000a4200000| PB 0x00000000a4200000| Untracked 
| 503|0x00000000a4300000, 0x00000000a4300000, 0x00000000a4400000|  0%| F|  |TAMS 0x00000000a4300000| PB 0x00000000a4300000| Untracked 
| 504|0x00000000a4400000, 0x00000000a4400000, 0x00000000a4500000|  0%| F|  |TAMS 0x00000000a4400000| PB 0x00000000a4400000| Untracked 
| 505|0x00000000a4500000, 0x00000000a4500000, 0x00000000a4600000|  0%| F|  |TAMS 0x00000000a4500000| PB 0x00000000a4500000| Untracked 
| 506|0x00000000a4600000, 0x00000000a4600000, 0x00000000a4700000|  0%| F|  |TAMS 0x00000000a4600000| PB 0x00000000a4600000| Untracked 
| 507|0x00000000a4700000, 0x00000000a4700000, 0x00000000a4800000|  0%| F|  |TAMS 0x00000000a4700000| PB 0x00000000a4700000| Untracked 
| 508|0x00000000a4800000, 0x00000000a4800000, 0x00000000a4900000|  0%| F|  |TAMS 0x00000000a4800000| PB 0x00000000a4800000| Untracked 
| 509|0x00000000a4900000, 0x00000000a4900000, 0x00000000a4a00000|  0%| F|  |TAMS 0x00000000a4900000| PB 0x00000000a4900000| Untracked 
| 510|0x00000000a4a00000, 0x00000000a4a00000, 0x00000000a4b00000|  0%| F|  |TAMS 0x00000000a4a00000| PB 0x00000000a4a00000| Untracked 
| 511|0x00000000a4b00000, 0x00000000a4b00000, 0x00000000a4c00000|  0%| F|  |TAMS 0x00000000a4b00000| PB 0x00000000a4b00000| Untracked 
| 512|0x00000000a4c00000, 0x00000000a4c00000, 0x00000000a4d00000|  0%| F|  |TAMS 0x00000000a4c00000| PB 0x00000000a4c00000| Untracked 
| 513|0x00000000a4d00000, 0x00000000a4d00000, 0x00000000a4e00000|  0%| F|  |TAMS 0x00000000a4d00000| PB 0x00000000a4d00000| Untracked 
| 514|0x00000000a4e00000, 0x00000000a4e00000, 0x00000000a4f00000|  0%| F|  |TAMS 0x00000000a4e00000| PB 0x00000000a4e00000| Untracked 
| 515|0x00000000a4f00000, 0x00000000a4f00000, 0x00000000a5000000|  0%| F|  |TAMS 0x00000000a4f00000| PB 0x00000000a4f00000| Untracked 
| 516|0x00000000a5000000, 0x00000000a5000000, 0x00000000a5100000|  0%| F|  |TAMS 0x00000000a5000000| PB 0x00000000a5000000| Untracked 
| 517|0x00000000a5100000, 0x00000000a5100000, 0x00000000a5200000|  0%| F|  |TAMS 0x00000000a5100000| PB 0x00000000a5100000| Untracked 
| 518|0x00000000a5200000, 0x00000000a5200000, 0x00000000a5300000|  0%| F|  |TAMS 0x00000000a5200000| PB 0x00000000a5200000| Untracked 
| 519|0x00000000a5300000, 0x00000000a5300000, 0x00000000a5400000|  0%| F|  |TAMS 0x00000000a5300000| PB 0x00000000a5300000| Untracked 
| 520|0x00000000a5400000, 0x00000000a5400000, 0x00000000a5500000|  0%| F|  |TAMS 0x00000000a5400000| PB 0x00000000a5400000| Untracked 
| 521|0x00000000a5500000, 0x00000000a5500000, 0x00000000a5600000|  0%| F|  |TAMS 0x00000000a5500000| PB 0x00000000a5500000| Untracked 
| 522|0x00000000a5600000, 0x00000000a5600000, 0x00000000a5700000|  0%| F|  |TAMS 0x00000000a5600000| PB 0x00000000a5600000| Untracked 
| 523|0x00000000a5700000, 0x00000000a5700000, 0x00000000a5800000|  0%| F|  |TAMS 0x00000000a5700000| PB 0x00000000a5700000| Untracked 
| 524|0x00000000a5800000, 0x00000000a5800000, 0x00000000a5900000|  0%| F|  |TAMS 0x00000000a5800000| PB 0x00000000a5800000| Untracked 
| 525|0x00000000a5900000, 0x00000000a5900000, 0x00000000a5a00000|  0%| F|  |TAMS 0x00000000a5900000| PB 0x00000000a5900000| Untracked 
| 526|0x00000000a5a00000, 0x00000000a5a00000, 0x00000000a5b00000|  0%| F|  |TAMS 0x00000000a5a00000| PB 0x00000000a5a00000| Untracked 
| 527|0x00000000a5b00000, 0x00000000a5b00000, 0x00000000a5c00000|  0%| F|  |TAMS 0x00000000a5b00000| PB 0x00000000a5b00000| Untracked 
| 528|0x00000000a5c00000, 0x00000000a5c00000, 0x00000000a5d00000|  0%| F|  |TAMS 0x00000000a5c00000| PB 0x00000000a5c00000| Untracked 
| 529|0x00000000a5d00000, 0x00000000a5d00000, 0x00000000a5e00000|  0%| F|  |TAMS 0x00000000a5d00000| PB 0x00000000a5d00000| Untracked 
| 530|0x00000000a5e00000, 0x00000000a5e00000, 0x00000000a5f00000|  0%| F|  |TAMS 0x00000000a5e00000| PB 0x00000000a5e00000| Untracked 
| 531|0x00000000a5f00000, 0x00000000a5f00000, 0x00000000a6000000|  0%| F|  |TAMS 0x00000000a5f00000| PB 0x00000000a5f00000| Untracked 
| 532|0x00000000a6000000, 0x00000000a6000000, 0x00000000a6100000|  0%| F|  |TAMS 0x00000000a6000000| PB 0x00000000a6000000| Untracked 
| 533|0x00000000a6100000, 0x00000000a6100000, 0x00000000a6200000|  0%| F|  |TAMS 0x00000000a6100000| PB 0x00000000a6100000| Untracked 
| 534|0x00000000a6200000, 0x00000000a6200000, 0x00000000a6300000|  0%| F|  |TAMS 0x00000000a6200000| PB 0x00000000a6200000| Untracked 
| 535|0x00000000a6300000, 0x00000000a6300000, 0x00000000a6400000|  0%| F|  |TAMS 0x00000000a6300000| PB 0x00000000a6300000| Untracked 
| 536|0x00000000a6400000, 0x00000000a6400000, 0x00000000a6500000|  0%| F|  |TAMS 0x00000000a6400000| PB 0x00000000a6400000| Untracked 
| 537|0x00000000a6500000, 0x00000000a6500000, 0x00000000a6600000|  0%| F|  |TAMS 0x00000000a6500000| PB 0x00000000a6500000| Untracked 
| 538|0x00000000a6600000, 0x00000000a6600000, 0x00000000a6700000|  0%| F|  |TAMS 0x00000000a6600000| PB 0x00000000a6600000| Untracked 
| 539|0x00000000a6700000, 0x00000000a6700000, 0x00000000a6800000|  0%| F|  |TAMS 0x00000000a6700000| PB 0x00000000a6700000| Untracked 
| 540|0x00000000a6800000, 0x00000000a6800000, 0x00000000a6900000|  0%| F|  |TAMS 0x00000000a6800000| PB 0x00000000a6800000| Untracked 
| 541|0x00000000a6900000, 0x00000000a6900000, 0x00000000a6a00000|  0%| F|  |TAMS 0x00000000a6900000| PB 0x00000000a6900000| Untracked 
| 542|0x00000000a6a00000, 0x00000000a6a00000, 0x00000000a6b00000|  0%| F|  |TAMS 0x00000000a6a00000| PB 0x00000000a6a00000| Untracked 
| 543|0x00000000a6b00000, 0x00000000a6b00000, 0x00000000a6c00000|  0%| F|  |TAMS 0x00000000a6b00000| PB 0x00000000a6b00000| Untracked 
| 544|0x00000000a6c00000, 0x00000000a6c00000, 0x00000000a6d00000|  0%| F|  |TAMS 0x00000000a6c00000| PB 0x00000000a6c00000| Untracked 
| 545|0x00000000a6d00000, 0x00000000a6d00000, 0x00000000a6e00000|  0%| F|  |TAMS 0x00000000a6d00000| PB 0x00000000a6d00000| Untracked 
| 546|0x00000000a6e00000, 0x00000000a6e00000, 0x00000000a6f00000|  0%| F|  |TAMS 0x00000000a6e00000| PB 0x00000000a6e00000| Untracked 
| 547|0x00000000a6f00000, 0x00000000a6f00000, 0x00000000a7000000|  0%| F|  |TAMS 0x00000000a6f00000| PB 0x00000000a6f00000| Untracked 
| 548|0x00000000a7000000, 0x00000000a7000000, 0x00000000a7100000|  0%| F|  |TAMS 0x00000000a7000000| PB 0x00000000a7000000| Untracked 
| 549|0x00000000a7100000, 0x00000000a7100000, 0x00000000a7200000|  0%| F|  |TAMS 0x00000000a7100000| PB 0x00000000a7100000| Untracked 
| 550|0x00000000a7200000, 0x00000000a7200000, 0x00000000a7300000|  0%| F|  |TAMS 0x00000000a7200000| PB 0x00000000a7200000| Untracked 
| 551|0x00000000a7300000, 0x00000000a7300000, 0x00000000a7400000|  0%| F|  |TAMS 0x00000000a7300000| PB 0x00000000a7300000| Untracked 
| 552|0x00000000a7400000, 0x00000000a7400000, 0x00000000a7500000|  0%| F|  |TAMS 0x00000000a7400000| PB 0x00000000a7400000| Untracked 
| 553|0x00000000a7500000, 0x00000000a7500000, 0x00000000a7600000|  0%| F|  |TAMS 0x00000000a7500000| PB 0x00000000a7500000| Untracked 
| 554|0x00000000a7600000, 0x00000000a7600000, 0x00000000a7700000|  0%| F|  |TAMS 0x00000000a7600000| PB 0x00000000a7600000| Untracked 
| 555|0x00000000a7700000, 0x00000000a7700000, 0x00000000a7800000|  0%| F|  |TAMS 0x00000000a7700000| PB 0x00000000a7700000| Untracked 
| 556|0x00000000a7800000, 0x00000000a7800000, 0x00000000a7900000|  0%| F|  |TAMS 0x00000000a7800000| PB 0x00000000a7800000| Untracked 
| 557|0x00000000a7900000, 0x00000000a7900000, 0x00000000a7a00000|  0%| F|  |TAMS 0x00000000a7900000| PB 0x00000000a7900000| Untracked 
| 558|0x00000000a7a00000, 0x00000000a7a00000, 0x00000000a7b00000|  0%| F|  |TAMS 0x00000000a7a00000| PB 0x00000000a7a00000| Untracked 
| 559|0x00000000a7b00000, 0x00000000a7b00000, 0x00000000a7c00000|  0%| F|  |TAMS 0x00000000a7b00000| PB 0x00000000a7b00000| Untracked 
| 560|0x00000000a7c00000, 0x00000000a7c00000, 0x00000000a7d00000|  0%| F|  |TAMS 0x00000000a7c00000| PB 0x00000000a7c00000| Untracked 
| 561|0x00000000a7d00000, 0x00000000a7d00000, 0x00000000a7e00000|  0%| F|  |TAMS 0x00000000a7d00000| PB 0x00000000a7d00000| Untracked 
| 562|0x00000000a7e00000, 0x00000000a7e00000, 0x00000000a7f00000|  0%| F|  |TAMS 0x00000000a7e00000| PB 0x00000000a7e00000| Untracked 
| 563|0x00000000a7f00000, 0x00000000a7f00000, 0x00000000a8000000|  0%| F|  |TAMS 0x00000000a7f00000| PB 0x00000000a7f00000| Untracked 
| 564|0x00000000a8000000, 0x00000000a8000000, 0x00000000a8100000|  0%| F|  |TAMS 0x00000000a8000000| PB 0x00000000a8000000| Untracked 
| 565|0x00000000a8100000, 0x00000000a8100000, 0x00000000a8200000|  0%| F|  |TAMS 0x00000000a8100000| PB 0x00000000a8100000| Untracked 
| 566|0x00000000a8200000, 0x00000000a8200000, 0x00000000a8300000|  0%| F|  |TAMS 0x00000000a8200000| PB 0x00000000a8200000| Untracked 
| 567|0x00000000a8300000, 0x00000000a8300000, 0x00000000a8400000|  0%| F|  |TAMS 0x00000000a8300000| PB 0x00000000a8300000| Untracked 
| 568|0x00000000a8400000, 0x00000000a8400000, 0x00000000a8500000|  0%| F|  |TAMS 0x00000000a8400000| PB 0x00000000a8400000| Untracked 
| 569|0x00000000a8500000, 0x00000000a8500000, 0x00000000a8600000|  0%| F|  |TAMS 0x00000000a8500000| PB 0x00000000a8500000| Untracked 
| 570|0x00000000a8600000, 0x00000000a8600000, 0x00000000a8700000|  0%| F|  |TAMS 0x00000000a8600000| PB 0x00000000a8600000| Untracked 
| 571|0x00000000a8700000, 0x00000000a8700000, 0x00000000a8800000|  0%| F|  |TAMS 0x00000000a8700000| PB 0x00000000a8700000| Untracked 
| 572|0x00000000a8800000, 0x00000000a8800000, 0x00000000a8900000|  0%| F|  |TAMS 0x00000000a8800000| PB 0x00000000a8800000| Untracked 
| 573|0x00000000a8900000, 0x00000000a8900000, 0x00000000a8a00000|  0%| F|  |TAMS 0x00000000a8900000| PB 0x00000000a8900000| Untracked 
| 574|0x00000000a8a00000, 0x00000000a8a00000, 0x00000000a8b00000|  0%| F|  |TAMS 0x00000000a8a00000| PB 0x00000000a8a00000| Untracked 
| 575|0x00000000a8b00000, 0x00000000a8b00000, 0x00000000a8c00000|  0%| F|  |TAMS 0x00000000a8b00000| PB 0x00000000a8b00000| Untracked 
| 576|0x00000000a8c00000, 0x00000000a8c00000, 0x00000000a8d00000|  0%| F|  |TAMS 0x00000000a8c00000| PB 0x00000000a8c00000| Untracked 
| 577|0x00000000a8d00000, 0x00000000a8d00000, 0x00000000a8e00000|  0%| F|  |TAMS 0x00000000a8d00000| PB 0x00000000a8d00000| Untracked 
| 578|0x00000000a8e00000, 0x00000000a8e00000, 0x00000000a8f00000|  0%| F|  |TAMS 0x00000000a8e00000| PB 0x00000000a8e00000| Untracked 
| 579|0x00000000a8f00000, 0x00000000a8f00000, 0x00000000a9000000|  0%| F|  |TAMS 0x00000000a8f00000| PB 0x00000000a8f00000| Untracked 
| 580|0x00000000a9000000, 0x00000000a9000000, 0x00000000a9100000|  0%| F|  |TAMS 0x00000000a9000000| PB 0x00000000a9000000| Untracked 
| 581|0x00000000a9100000, 0x00000000a9100000, 0x00000000a9200000|  0%| F|  |TAMS 0x00000000a9100000| PB 0x00000000a9100000| Untracked 
| 582|0x00000000a9200000, 0x00000000a9200000, 0x00000000a9300000|  0%| F|  |TAMS 0x00000000a9200000| PB 0x00000000a9200000| Untracked 
| 583|0x00000000a9300000, 0x00000000a9300000, 0x00000000a9400000|  0%| F|  |TAMS 0x00000000a9300000| PB 0x00000000a9300000| Untracked 
| 584|0x00000000a9400000, 0x00000000a9400000, 0x00000000a9500000|  0%| F|  |TAMS 0x00000000a9400000| PB 0x00000000a9400000| Untracked 
| 585|0x00000000a9500000, 0x00000000a9500000, 0x00000000a9600000|  0%| F|  |TAMS 0x00000000a9500000| PB 0x00000000a9500000| Untracked 
| 586|0x00000000a9600000, 0x00000000a9600000, 0x00000000a9700000|  0%| F|  |TAMS 0x00000000a9600000| PB 0x00000000a9600000| Untracked 
| 587|0x00000000a9700000, 0x00000000a9700000, 0x00000000a9800000|  0%| F|  |TAMS 0x00000000a9700000| PB 0x00000000a9700000| Untracked 
| 588|0x00000000a9800000, 0x00000000a9800000, 0x00000000a9900000|  0%| F|  |TAMS 0x00000000a9800000| PB 0x00000000a9800000| Untracked 
| 589|0x00000000a9900000, 0x00000000a9900000, 0x00000000a9a00000|  0%| F|  |TAMS 0x00000000a9900000| PB 0x00000000a9900000| Untracked 
| 590|0x00000000a9a00000, 0x00000000a9a00000, 0x00000000a9b00000|  0%| F|  |TAMS 0x00000000a9a00000| PB 0x00000000a9a00000| Untracked 
| 591|0x00000000a9b00000, 0x00000000a9b00000, 0x00000000a9c00000|  0%| F|  |TAMS 0x00000000a9b00000| PB 0x00000000a9b00000| Untracked 
| 592|0x00000000a9c00000, 0x00000000a9c00000, 0x00000000a9d00000|  0%| F|  |TAMS 0x00000000a9c00000| PB 0x00000000a9c00000| Untracked 
| 593|0x00000000a9d00000, 0x00000000a9d00000, 0x00000000a9e00000|  0%| F|  |TAMS 0x00000000a9d00000| PB 0x00000000a9d00000| Untracked 
| 594|0x00000000a9e00000, 0x00000000a9e00000, 0x00000000a9f00000|  0%| F|  |TAMS 0x00000000a9e00000| PB 0x00000000a9e00000| Untracked 
| 595|0x00000000a9f00000, 0x00000000a9f00000, 0x00000000aa000000|  0%| F|  |TAMS 0x00000000a9f00000| PB 0x00000000a9f00000| Untracked 
| 596|0x00000000aa000000, 0x00000000aa000000, 0x00000000aa100000|  0%| F|  |TAMS 0x00000000aa000000| PB 0x00000000aa000000| Untracked 
| 597|0x00000000aa100000, 0x00000000aa100000, 0x00000000aa200000|  0%| F|  |TAMS 0x00000000aa100000| PB 0x00000000aa100000| Untracked 
| 598|0x00000000aa200000, 0x00000000aa200000, 0x00000000aa300000|  0%| F|  |TAMS 0x00000000aa200000| PB 0x00000000aa200000| Untracked 
| 599|0x00000000aa300000, 0x00000000aa300000, 0x00000000aa400000|  0%| F|  |TAMS 0x00000000aa300000| PB 0x00000000aa300000| Untracked 
| 600|0x00000000aa400000, 0x00000000aa400000, 0x00000000aa500000|  0%| F|  |TAMS 0x00000000aa400000| PB 0x00000000aa400000| Untracked 
| 601|0x00000000aa500000, 0x00000000aa500000, 0x00000000aa600000|  0%| F|  |TAMS 0x00000000aa500000| PB 0x00000000aa500000| Untracked 
| 602|0x00000000aa600000, 0x00000000aa600000, 0x00000000aa700000|  0%| F|  |TAMS 0x00000000aa600000| PB 0x00000000aa600000| Untracked 
| 603|0x00000000aa700000, 0x00000000aa700000, 0x00000000aa800000|  0%| F|  |TAMS 0x00000000aa700000| PB 0x00000000aa700000| Untracked 
| 604|0x00000000aa800000, 0x00000000aa800000, 0x00000000aa900000|  0%| F|  |TAMS 0x00000000aa800000| PB 0x00000000aa800000| Untracked 
| 605|0x00000000aa900000, 0x00000000aa900000, 0x00000000aaa00000|  0%| F|  |TAMS 0x00000000aa900000| PB 0x00000000aa900000| Untracked 
| 606|0x00000000aaa00000, 0x00000000aaa00000, 0x00000000aab00000|  0%| F|  |TAMS 0x00000000aaa00000| PB 0x00000000aaa00000| Untracked 
| 607|0x00000000aab00000, 0x00000000aab00000, 0x00000000aac00000|  0%| F|  |TAMS 0x00000000aab00000| PB 0x00000000aab00000| Untracked 
| 608|0x00000000aac00000, 0x00000000aac00000, 0x00000000aad00000|  0%| F|  |TAMS 0x00000000aac00000| PB 0x00000000aac00000| Untracked 
| 609|0x00000000aad00000, 0x00000000aad00000, 0x00000000aae00000|  0%| F|  |TAMS 0x00000000aad00000| PB 0x00000000aad00000| Untracked 
| 610|0x00000000aae00000, 0x00000000aae00000, 0x00000000aaf00000|  0%| F|  |TAMS 0x00000000aae00000| PB 0x00000000aae00000| Untracked 
| 611|0x00000000aaf00000, 0x00000000aaf00000, 0x00000000ab000000|  0%| F|  |TAMS 0x00000000aaf00000| PB 0x00000000aaf00000| Untracked 
| 612|0x00000000ab000000, 0x00000000ab000000, 0x00000000ab100000|  0%| F|  |TAMS 0x00000000ab000000| PB 0x00000000ab000000| Untracked 
| 613|0x00000000ab100000, 0x00000000ab100000, 0x00000000ab200000|  0%| F|  |TAMS 0x00000000ab100000| PB 0x00000000ab100000| Untracked 
| 614|0x00000000ab200000, 0x00000000ab200000, 0x00000000ab300000|  0%| F|  |TAMS 0x00000000ab200000| PB 0x00000000ab200000| Untracked 
| 615|0x00000000ab300000, 0x00000000ab300000, 0x00000000ab400000|  0%| F|  |TAMS 0x00000000ab300000| PB 0x00000000ab300000| Untracked 
| 616|0x00000000ab400000, 0x00000000ab400000, 0x00000000ab500000|  0%| F|  |TAMS 0x00000000ab400000| PB 0x00000000ab400000| Untracked 
| 617|0x00000000ab500000, 0x00000000ab500000, 0x00000000ab600000|  0%| F|  |TAMS 0x00000000ab500000| PB 0x00000000ab500000| Untracked 
| 618|0x00000000ab600000, 0x00000000ab600000, 0x00000000ab700000|  0%| F|  |TAMS 0x00000000ab600000| PB 0x00000000ab600000| Untracked 
| 619|0x00000000ab700000, 0x00000000ab700000, 0x00000000ab800000|  0%| F|  |TAMS 0x00000000ab700000| PB 0x00000000ab700000| Untracked 
| 620|0x00000000ab800000, 0x00000000ab800000, 0x00000000ab900000|  0%| F|  |TAMS 0x00000000ab800000| PB 0x00000000ab800000| Untracked 
| 621|0x00000000ab900000, 0x00000000ab900000, 0x00000000aba00000|  0%| F|  |TAMS 0x00000000ab900000| PB 0x00000000ab900000| Untracked 
| 622|0x00000000aba00000, 0x00000000aba00000, 0x00000000abb00000|  0%| F|  |TAMS 0x00000000aba00000| PB 0x00000000aba00000| Untracked 
| 623|0x00000000abb00000, 0x00000000abb00000, 0x00000000abc00000|  0%| F|  |TAMS 0x00000000abb00000| PB 0x00000000abb00000| Untracked 
| 624|0x00000000abc00000, 0x00000000abc00000, 0x00000000abd00000|  0%| F|  |TAMS 0x00000000abc00000| PB 0x00000000abc00000| Untracked 
| 625|0x00000000abd00000, 0x00000000abd00000, 0x00000000abe00000|  0%| F|  |TAMS 0x00000000abd00000| PB 0x00000000abd00000| Untracked 
| 626|0x00000000abe00000, 0x00000000abe00000, 0x00000000abf00000|  0%| F|  |TAMS 0x00000000abe00000| PB 0x00000000abe00000| Untracked 
| 627|0x00000000abf00000, 0x00000000abf00000, 0x00000000ac000000|  0%| F|  |TAMS 0x00000000abf00000| PB 0x00000000abf00000| Untracked 
| 628|0x00000000ac000000, 0x00000000ac000000, 0x00000000ac100000|  0%| F|  |TAMS 0x00000000ac000000| PB 0x00000000ac000000| Untracked 
| 629|0x00000000ac100000, 0x00000000ac100000, 0x00000000ac200000|  0%| F|  |TAMS 0x00000000ac100000| PB 0x00000000ac100000| Untracked 
| 630|0x00000000ac200000, 0x00000000ac200000, 0x00000000ac300000|  0%| F|  |TAMS 0x00000000ac200000| PB 0x00000000ac200000| Untracked 
| 631|0x00000000ac300000, 0x00000000ac300000, 0x00000000ac400000|  0%| F|  |TAMS 0x00000000ac300000| PB 0x00000000ac300000| Untracked 
| 632|0x00000000ac400000, 0x00000000ac400000, 0x00000000ac500000|  0%| F|  |TAMS 0x00000000ac400000| PB 0x00000000ac400000| Untracked 
| 633|0x00000000ac500000, 0x00000000ac500000, 0x00000000ac600000|  0%| F|  |TAMS 0x00000000ac500000| PB 0x00000000ac500000| Untracked 
| 634|0x00000000ac600000, 0x00000000ac600000, 0x00000000ac700000|  0%| F|  |TAMS 0x00000000ac600000| PB 0x00000000ac600000| Untracked 
| 635|0x00000000ac700000, 0x00000000ac700000, 0x00000000ac800000|  0%| F|  |TAMS 0x00000000ac700000| PB 0x00000000ac700000| Untracked 
| 636|0x00000000ac800000, 0x00000000ac800000, 0x00000000ac900000|  0%| F|  |TAMS 0x00000000ac800000| PB 0x00000000ac800000| Untracked 
| 637|0x00000000ac900000, 0x00000000ac900000, 0x00000000aca00000|  0%| F|  |TAMS 0x00000000ac900000| PB 0x00000000ac900000| Untracked 
| 638|0x00000000aca00000, 0x00000000aca00000, 0x00000000acb00000|  0%| F|  |TAMS 0x00000000aca00000| PB 0x00000000aca00000| Untracked 
| 639|0x00000000acb00000, 0x00000000acbba770, 0x00000000acc00000| 72%| E|  |TAMS 0x00000000acb00000| PB 0x00000000acb00000| Complete 
| 640|0x00000000acc00000, 0x00000000acd00000, 0x00000000acd00000|100%| E|CS|TAMS 0x00000000acc00000| PB 0x00000000acc00000| Complete 
| 641|0x00000000acd00000, 0x00000000ace00000, 0x00000000ace00000|100%| E|CS|TAMS 0x00000000acd00000| PB 0x00000000acd00000| Complete 
| 642|0x00000000ace00000, 0x00000000acf00000, 0x00000000acf00000|100%| E|CS|TAMS 0x00000000ace00000| PB 0x00000000ace00000| Complete 
| 643|0x00000000acf00000, 0x00000000ad000000, 0x00000000ad000000|100%| E|CS|TAMS 0x00000000acf00000| PB 0x00000000acf00000| Complete 
| 644|0x00000000ad000000, 0x00000000ad100000, 0x00000000ad100000|100%| E|CS|TAMS 0x00000000ad000000| PB 0x00000000ad000000| Complete 
| 645|0x00000000ad100000, 0x00000000ad200000, 0x00000000ad200000|100%| E|CS|TAMS 0x00000000ad100000| PB 0x00000000ad100000| Complete 
| 646|0x00000000ad200000, 0x00000000ad300000, 0x00000000ad300000|100%| E|CS|TAMS 0x00000000ad200000| PB 0x00000000ad200000| Complete 
| 647|0x00000000ad300000, 0x00000000ad400000, 0x00000000ad400000|100%| E|CS|TAMS 0x00000000ad300000| PB 0x00000000ad300000| Complete 
| 648|0x00000000ad400000, 0x00000000ad500000, 0x00000000ad500000|100%| E|CS|TAMS 0x00000000ad400000| PB 0x00000000ad400000| Complete 
| 649|0x00000000ad500000, 0x00000000ad600000, 0x00000000ad600000|100%| E|CS|TAMS 0x00000000ad500000| PB 0x00000000ad500000| Complete 
| 650|0x00000000ad600000, 0x00000000ad700000, 0x00000000ad700000|100%| E|CS|TAMS 0x00000000ad600000| PB 0x00000000ad600000| Complete 
| 651|0x00000000ad700000, 0x00000000ad800000, 0x00000000ad800000|100%| E|CS|TAMS 0x00000000ad700000| PB 0x00000000ad700000| Complete 
| 652|0x00000000ad800000, 0x00000000ad900000, 0x00000000ad900000|100%| E|CS|TAMS 0x00000000ad800000| PB 0x00000000ad800000| Complete 
| 653|0x00000000ad900000, 0x00000000ada00000, 0x00000000ada00000|100%| E|CS|TAMS 0x00000000ad900000| PB 0x00000000ad900000| Complete 
| 654|0x00000000ada00000, 0x00000000adb00000, 0x00000000adb00000|100%| E|CS|TAMS 0x00000000ada00000| PB 0x00000000ada00000| Complete 
| 655|0x00000000adb00000, 0x00000000adc00000, 0x00000000adc00000|100%| E|CS|TAMS 0x00000000adb00000| PB 0x00000000adb00000| Complete 
| 656|0x00000000adc00000, 0x00000000add00000, 0x00000000add00000|100%| E|CS|TAMS 0x00000000adc00000| PB 0x00000000adc00000| Complete 
| 657|0x00000000add00000, 0x00000000ade00000, 0x00000000ade00000|100%| E|CS|TAMS 0x00000000add00000| PB 0x00000000add00000| Complete 
| 658|0x00000000ade00000, 0x00000000adf00000, 0x00000000adf00000|100%| E|CS|TAMS 0x00000000ade00000| PB 0x00000000ade00000| Complete 
| 659|0x00000000adf00000, 0x00000000ae000000, 0x00000000ae000000|100%| E|CS|TAMS 0x00000000adf00000| PB 0x00000000adf00000| Complete 
| 660|0x00000000ae000000, 0x00000000ae100000, 0x00000000ae100000|100%| E|CS|TAMS 0x00000000ae000000| PB 0x00000000ae000000| Complete 
| 661|0x00000000ae100000, 0x00000000ae200000, 0x00000000ae200000|100%| E|CS|TAMS 0x00000000ae100000| PB 0x00000000ae100000| Complete 
| 662|0x00000000ae200000, 0x00000000ae300000, 0x00000000ae300000|100%| E|CS|TAMS 0x00000000ae200000| PB 0x00000000ae200000| Complete 
| 663|0x00000000ae300000, 0x00000000ae400000, 0x00000000ae400000|100%| E|CS|TAMS 0x00000000ae300000| PB 0x00000000ae300000| Complete 
| 664|0x00000000ae400000, 0x00000000ae500000, 0x00000000ae500000|100%| E|CS|TAMS 0x00000000ae400000| PB 0x00000000ae400000| Complete 
| 665|0x00000000ae500000, 0x00000000ae600000, 0x00000000ae600000|100%| E|CS|TAMS 0x00000000ae500000| PB 0x00000000ae500000| Complete 
| 666|0x00000000ae600000, 0x00000000ae700000, 0x00000000ae700000|100%| E|CS|TAMS 0x00000000ae600000| PB 0x00000000ae600000| Complete 
| 667|0x00000000ae700000, 0x00000000ae800000, 0x00000000ae800000|100%| E|CS|TAMS 0x00000000ae700000| PB 0x00000000ae700000| Complete 
| 668|0x00000000ae800000, 0x00000000ae900000, 0x00000000ae900000|100%| E|CS|TAMS 0x00000000ae800000| PB 0x00000000ae800000| Complete 
| 669|0x00000000ae900000, 0x00000000aea00000, 0x00000000aea00000|100%| E|CS|TAMS 0x00000000ae900000| PB 0x00000000ae900000| Complete 
| 670|0x00000000aea00000, 0x00000000aeb00000, 0x00000000aeb00000|100%| E|CS|TAMS 0x00000000aea00000| PB 0x00000000aea00000| Complete 
| 671|0x00000000aeb00000, 0x00000000aec00000, 0x00000000aec00000|100%| E|CS|TAMS 0x00000000aeb00000| PB 0x00000000aeb00000| Complete 
| 672|0x00000000aec00000, 0x00000000aed00000, 0x00000000aed00000|100%| E|CS|TAMS 0x00000000aec00000| PB 0x00000000aec00000| Complete 
| 673|0x00000000aed00000, 0x00000000aee00000, 0x00000000aee00000|100%| E|CS|TAMS 0x00000000aed00000| PB 0x00000000aed00000| Complete 
| 674|0x00000000aee00000, 0x00000000aef00000, 0x00000000aef00000|100%| E|CS|TAMS 0x00000000aee00000| PB 0x00000000aee00000| Complete 
| 675|0x00000000aef00000, 0x00000000af000000, 0x00000000af000000|100%| E|CS|TAMS 0x00000000aef00000| PB 0x00000000aef00000| Complete 
| 676|0x00000000af000000, 0x00000000af100000, 0x00000000af100000|100%| E|CS|TAMS 0x00000000af000000| PB 0x00000000af000000| Complete 
| 677|0x00000000af100000, 0x00000000af200000, 0x00000000af200000|100%| E|CS|TAMS 0x00000000af100000| PB 0x00000000af100000| Complete 
| 678|0x00000000af200000, 0x00000000af300000, 0x00000000af300000|100%| E|CS|TAMS 0x00000000af200000| PB 0x00000000af200000| Complete 
| 679|0x00000000af300000, 0x00000000af400000, 0x00000000af400000|100%| E|CS|TAMS 0x00000000af300000| PB 0x00000000af300000| Complete 
| 680|0x00000000af400000, 0x00000000af500000, 0x00000000af500000|100%| E|CS|TAMS 0x00000000af400000| PB 0x00000000af400000| Complete 
| 681|0x00000000af500000, 0x00000000af600000, 0x00000000af600000|100%| E|CS|TAMS 0x00000000af500000| PB 0x00000000af500000| Complete 
| 682|0x00000000af600000, 0x00000000af700000, 0x00000000af700000|100%| E|CS|TAMS 0x00000000af600000| PB 0x00000000af600000| Complete 
| 683|0x00000000af700000, 0x00000000af800000, 0x00000000af800000|100%| E|CS|TAMS 0x00000000af700000| PB 0x00000000af700000| Complete 
| 684|0x00000000af800000, 0x00000000af900000, 0x00000000af900000|100%| E|CS|TAMS 0x00000000af800000| PB 0x00000000af800000| Complete 
| 685|0x00000000af900000, 0x00000000afa00000, 0x00000000afa00000|100%| E|CS|TAMS 0x00000000af900000| PB 0x00000000af900000| Complete 
| 686|0x00000000afa00000, 0x00000000afb00000, 0x00000000afb00000|100%| E|CS|TAMS 0x00000000afa00000| PB 0x00000000afa00000| Complete 
| 687|0x00000000afb00000, 0x00000000afc00000, 0x00000000afc00000|100%| E|CS|TAMS 0x00000000afb00000| PB 0x00000000afb00000| Complete 
| 688|0x00000000afc00000, 0x00000000afd00000, 0x00000000afd00000|100%| E|CS|TAMS 0x00000000afc00000| PB 0x00000000afc00000| Complete 
| 689|0x00000000afd00000, 0x00000000afe00000, 0x00000000afe00000|100%| E|CS|TAMS 0x00000000afd00000| PB 0x00000000afd00000| Complete 
| 690|0x00000000afe00000, 0x00000000aff00000, 0x00000000aff00000|100%| E|CS|TAMS 0x00000000afe00000| PB 0x00000000afe00000| Complete 
| 691|0x00000000aff00000, 0x00000000b0000000, 0x00000000b0000000|100%| E|CS|TAMS 0x00000000aff00000| PB 0x00000000aff00000| Complete 
| 692|0x00000000b0000000, 0x00000000b0100000, 0x00000000b0100000|100%| E|CS|TAMS 0x00000000b0000000| PB 0x00000000b0000000| Complete 
| 693|0x00000000b0100000, 0x00000000b0200000, 0x00000000b0200000|100%| E|CS|TAMS 0x00000000b0100000| PB 0x00000000b0100000| Complete 
| 694|0x00000000b0200000, 0x00000000b0300000, 0x00000000b0300000|100%| E|CS|TAMS 0x00000000b0200000| PB 0x00000000b0200000| Complete 
| 695|0x00000000b0300000, 0x00000000b0400000, 0x00000000b0400000|100%| E|CS|TAMS 0x00000000b0300000| PB 0x00000000b0300000| Complete 
| 696|0x00000000b0400000, 0x00000000b0500000, 0x00000000b0500000|100%| E|CS|TAMS 0x00000000b0400000| PB 0x00000000b0400000| Complete 
| 697|0x00000000b0500000, 0x00000000b0600000, 0x00000000b0600000|100%| E|CS|TAMS 0x00000000b0500000| PB 0x00000000b0500000| Complete 
| 698|0x00000000b0600000, 0x00000000b0700000, 0x00000000b0700000|100%| E|CS|TAMS 0x00000000b0600000| PB 0x00000000b0600000| Complete 
| 699|0x00000000b0700000, 0x00000000b0800000, 0x00000000b0800000|100%| E|CS|TAMS 0x00000000b0700000| PB 0x00000000b0700000| Complete 
| 700|0x00000000b0800000, 0x00000000b0900000, 0x00000000b0900000|100%| E|CS|TAMS 0x00000000b0800000| PB 0x00000000b0800000| Complete 
| 701|0x00000000b0900000, 0x00000000b0a00000, 0x00000000b0a00000|100%| E|CS|TAMS 0x00000000b0900000| PB 0x00000000b0900000| Complete 
| 702|0x00000000b0a00000, 0x00000000b0b00000, 0x00000000b0b00000|100%| E|CS|TAMS 0x00000000b0a00000| PB 0x00000000b0a00000| Complete 
| 703|0x00000000b0b00000, 0x00000000b0c00000, 0x00000000b0c00000|100%| E|CS|TAMS 0x00000000b0b00000| PB 0x00000000b0b00000| Complete 
| 704|0x00000000b0c00000, 0x00000000b0d00000, 0x00000000b0d00000|100%| E|CS|TAMS 0x00000000b0c00000| PB 0x00000000b0c00000| Complete 
| 705|0x00000000b0d00000, 0x00000000b0e00000, 0x00000000b0e00000|100%| E|CS|TAMS 0x00000000b0d00000| PB 0x00000000b0d00000| Complete 
| 706|0x00000000b0e00000, 0x00000000b0f00000, 0x00000000b0f00000|100%| E|CS|TAMS 0x00000000b0e00000| PB 0x00000000b0e00000| Complete 
| 707|0x00000000b0f00000, 0x00000000b1000000, 0x00000000b1000000|100%| E|CS|TAMS 0x00000000b0f00000| PB 0x00000000b0f00000| Complete 
| 708|0x00000000b1000000, 0x00000000b1100000, 0x00000000b1100000|100%| E|CS|TAMS 0x00000000b1000000| PB 0x00000000b1000000| Complete 
| 709|0x00000000b1100000, 0x00000000b1200000, 0x00000000b1200000|100%| E|CS|TAMS 0x00000000b1100000| PB 0x00000000b1100000| Complete 
| 710|0x00000000b1200000, 0x00000000b1300000, 0x00000000b1300000|100%| E|CS|TAMS 0x00000000b1200000| PB 0x00000000b1200000| Complete 
| 711|0x00000000b1300000, 0x00000000b1400000, 0x00000000b1400000|100%| E|CS|TAMS 0x00000000b1300000| PB 0x00000000b1300000| Complete 
| 712|0x00000000b1400000, 0x00000000b1500000, 0x00000000b1500000|100%| E|CS|TAMS 0x00000000b1400000| PB 0x00000000b1400000| Complete 
| 713|0x00000000b1500000, 0x00000000b1600000, 0x00000000b1600000|100%| E|CS|TAMS 0x00000000b1500000| PB 0x00000000b1500000| Complete 
| 714|0x00000000b1600000, 0x00000000b1700000, 0x00000000b1700000|100%| E|CS|TAMS 0x00000000b1600000| PB 0x00000000b1600000| Complete 
| 715|0x00000000b1700000, 0x00000000b1800000, 0x00000000b1800000|100%| E|CS|TAMS 0x00000000b1700000| PB 0x00000000b1700000| Complete 
| 716|0x00000000b1800000, 0x00000000b1900000, 0x00000000b1900000|100%| E|CS|TAMS 0x00000000b1800000| PB 0x00000000b1800000| Complete 
| 717|0x00000000b1900000, 0x00000000b1a00000, 0x00000000b1a00000|100%| E|CS|TAMS 0x00000000b1900000| PB 0x00000000b1900000| Complete 
| 718|0x00000000b1a00000, 0x00000000b1b00000, 0x00000000b1b00000|100%| E|CS|TAMS 0x00000000b1a00000| PB 0x00000000b1a00000| Complete 
| 719|0x00000000b1b00000, 0x00000000b1c00000, 0x00000000b1c00000|100%| E|CS|TAMS 0x00000000b1b00000| PB 0x00000000b1b00000| Complete 
| 720|0x00000000b1c00000, 0x00000000b1d00000, 0x00000000b1d00000|100%| E|CS|TAMS 0x00000000b1c00000| PB 0x00000000b1c00000| Complete 
| 721|0x00000000b1d00000, 0x00000000b1e00000, 0x00000000b1e00000|100%| E|CS|TAMS 0x00000000b1d00000| PB 0x00000000b1d00000| Complete 
| 722|0x00000000b1e00000, 0x00000000b1f00000, 0x00000000b1f00000|100%| E|CS|TAMS 0x00000000b1e00000| PB 0x00000000b1e00000| Complete 
| 723|0x00000000b1f00000, 0x00000000b2000000, 0x00000000b2000000|100%| E|CS|TAMS 0x00000000b1f00000| PB 0x00000000b1f00000| Complete 
| 724|0x00000000b2000000, 0x00000000b2100000, 0x00000000b2100000|100%| E|CS|TAMS 0x00000000b2000000| PB 0x00000000b2000000| Complete 
| 725|0x00000000b2100000, 0x00000000b2200000, 0x00000000b2200000|100%| E|CS|TAMS 0x00000000b2100000| PB 0x00000000b2100000| Complete 
| 726|0x00000000b2200000, 0x00000000b2300000, 0x00000000b2300000|100%| E|CS|TAMS 0x00000000b2200000| PB 0x00000000b2200000| Complete 
| 727|0x00000000b2300000, 0x00000000b2400000, 0x00000000b2400000|100%| E|CS|TAMS 0x00000000b2300000| PB 0x00000000b2300000| Complete 
| 728|0x00000000b2400000, 0x00000000b2500000, 0x00000000b2500000|100%| E|CS|TAMS 0x00000000b2400000| PB 0x00000000b2400000| Complete 
| 729|0x00000000b2500000, 0x00000000b2600000, 0x00000000b2600000|100%| E|CS|TAMS 0x00000000b2500000| PB 0x00000000b2500000| Complete 
| 730|0x00000000b2600000, 0x00000000b2700000, 0x00000000b2700000|100%| E|CS|TAMS 0x00000000b2600000| PB 0x00000000b2600000| Complete 
| 731|0x00000000b2700000, 0x00000000b2800000, 0x00000000b2800000|100%| E|CS|TAMS 0x00000000b2700000| PB 0x00000000b2700000| Complete 
| 732|0x00000000b2800000, 0x00000000b2900000, 0x00000000b2900000|100%| E|CS|TAMS 0x00000000b2800000| PB 0x00000000b2800000| Complete 
| 733|0x00000000b2900000, 0x00000000b2a00000, 0x00000000b2a00000|100%| E|CS|TAMS 0x00000000b2900000| PB 0x00000000b2900000| Complete 
| 734|0x00000000b2a00000, 0x00000000b2b00000, 0x00000000b2b00000|100%| E|CS|TAMS 0x00000000b2a00000| PB 0x00000000b2a00000| Complete 
| 735|0x00000000b2b00000, 0x00000000b2c00000, 0x00000000b2c00000|100%| E|CS|TAMS 0x00000000b2b00000| PB 0x00000000b2b00000| Complete 
| 736|0x00000000b2c00000, 0x00000000b2d00000, 0x00000000b2d00000|100%| E|CS|TAMS 0x00000000b2c00000| PB 0x00000000b2c00000| Complete 
| 737|0x00000000b2d00000, 0x00000000b2e00000, 0x00000000b2e00000|100%| E|CS|TAMS 0x00000000b2d00000| PB 0x00000000b2d00000| Complete 
| 738|0x00000000b2e00000, 0x00000000b2f00000, 0x00000000b2f00000|100%| E|CS|TAMS 0x00000000b2e00000| PB 0x00000000b2e00000| Complete 
| 739|0x00000000b2f00000, 0x00000000b3000000, 0x00000000b3000000|100%| E|CS|TAMS 0x00000000b2f00000| PB 0x00000000b2f00000| Complete 
| 740|0x00000000b3000000, 0x00000000b3100000, 0x00000000b3100000|100%| E|CS|TAMS 0x00000000b3000000| PB 0x00000000b3000000| Complete 
| 741|0x00000000b3100000, 0x00000000b3200000, 0x00000000b3200000|100%| E|CS|TAMS 0x00000000b3100000| PB 0x00000000b3100000| Complete 
| 742|0x00000000b3200000, 0x00000000b3300000, 0x00000000b3300000|100%| E|CS|TAMS 0x00000000b3200000| PB 0x00000000b3200000| Complete 
| 743|0x00000000b3300000, 0x00000000b3400000, 0x00000000b3400000|100%| E|CS|TAMS 0x00000000b3300000| PB 0x00000000b3300000| Complete 
| 744|0x00000000b3400000, 0x00000000b3500000, 0x00000000b3500000|100%| E|CS|TAMS 0x00000000b3400000| PB 0x00000000b3400000| Complete 
| 745|0x00000000b3500000, 0x00000000b3600000, 0x00000000b3600000|100%| E|CS|TAMS 0x00000000b3500000| PB 0x00000000b3500000| Complete 
| 746|0x00000000b3600000, 0x00000000b3700000, 0x00000000b3700000|100%| E|CS|TAMS 0x00000000b3600000| PB 0x00000000b3600000| Complete 
| 747|0x00000000b3700000, 0x00000000b3800000, 0x00000000b3800000|100%| E|CS|TAMS 0x00000000b3700000| PB 0x00000000b3700000| Complete 
| 748|0x00000000b3800000, 0x00000000b3900000, 0x00000000b3900000|100%| E|CS|TAMS 0x00000000b3800000| PB 0x00000000b3800000| Complete 
| 749|0x00000000b3900000, 0x00000000b3a00000, 0x00000000b3a00000|100%| E|CS|TAMS 0x00000000b3900000| PB 0x00000000b3900000| Complete 
| 750|0x00000000b3a00000, 0x00000000b3b00000, 0x00000000b3b00000|100%| E|CS|TAMS 0x00000000b3a00000| PB 0x00000000b3a00000| Complete 
| 751|0x00000000b3b00000, 0x00000000b3c00000, 0x00000000b3c00000|100%| E|CS|TAMS 0x00000000b3b00000| PB 0x00000000b3b00000| Complete 
| 752|0x00000000b3c00000, 0x00000000b3d00000, 0x00000000b3d00000|100%| E|CS|TAMS 0x00000000b3c00000| PB 0x00000000b3c00000| Complete 
| 753|0x00000000b3d00000, 0x00000000b3e00000, 0x00000000b3e00000|100%| E|CS|TAMS 0x00000000b3d00000| PB 0x00000000b3d00000| Complete 
| 754|0x00000000b3e00000, 0x00000000b3f00000, 0x00000000b3f00000|100%| E|CS|TAMS 0x00000000b3e00000| PB 0x00000000b3e00000| Complete 
| 755|0x00000000b3f00000, 0x00000000b4000000, 0x00000000b4000000|100%| E|CS|TAMS 0x00000000b3f00000| PB 0x00000000b3f00000| Complete 
| 756|0x00000000b4000000, 0x00000000b4100000, 0x00000000b4100000|100%| E|CS|TAMS 0x00000000b4000000| PB 0x00000000b4000000| Complete 
| 757|0x00000000b4100000, 0x00000000b4200000, 0x00000000b4200000|100%| E|CS|TAMS 0x00000000b4100000| PB 0x00000000b4100000| Complete 
| 758|0x00000000b4200000, 0x00000000b4300000, 0x00000000b4300000|100%| E|CS|TAMS 0x00000000b4200000| PB 0x00000000b4200000| Complete 
| 759|0x00000000b4300000, 0x00000000b4400000, 0x00000000b4400000|100%| E|CS|TAMS 0x00000000b4300000| PB 0x00000000b4300000| Complete 
| 760|0x00000000b4400000, 0x00000000b4500000, 0x00000000b4500000|100%| E|CS|TAMS 0x00000000b4400000| PB 0x00000000b4400000| Complete 
| 761|0x00000000b4500000, 0x00000000b4600000, 0x00000000b4600000|100%| E|CS|TAMS 0x00000000b4500000| PB 0x00000000b4500000| Complete 
| 762|0x00000000b4600000, 0x00000000b4700000, 0x00000000b4700000|100%| E|CS|TAMS 0x00000000b4600000| PB 0x00000000b4600000| Complete 
| 763|0x00000000b4700000, 0x00000000b4800000, 0x00000000b4800000|100%| E|CS|TAMS 0x00000000b4700000| PB 0x00000000b4700000| Complete 
| 764|0x00000000b4800000, 0x00000000b4900000, 0x00000000b4900000|100%| E|CS|TAMS 0x00000000b4800000| PB 0x00000000b4800000| Complete 
| 765|0x00000000b4900000, 0x00000000b4a00000, 0x00000000b4a00000|100%| E|CS|TAMS 0x00000000b4900000| PB 0x00000000b4900000| Complete 
| 766|0x00000000b4a00000, 0x00000000b4b00000, 0x00000000b4b00000|100%| E|CS|TAMS 0x00000000b4a00000| PB 0x00000000b4a00000| Complete 
| 767|0x00000000b4b00000, 0x00000000b4c00000, 0x00000000b4c00000|100%| E|CS|TAMS 0x00000000b4b00000| PB 0x00000000b4b00000| Complete 
| 768|0x00000000b4c00000, 0x00000000b4d00000, 0x00000000b4d00000|100%| E|CS|TAMS 0x00000000b4c00000| PB 0x00000000b4c00000| Complete 
| 769|0x00000000b4d00000, 0x00000000b4e00000, 0x00000000b4e00000|100%| E|CS|TAMS 0x00000000b4d00000| PB 0x00000000b4d00000| Complete 
| 770|0x00000000b4e00000, 0x00000000b4f00000, 0x00000000b4f00000|100%| E|CS|TAMS 0x00000000b4e00000| PB 0x00000000b4e00000| Complete 
|1964|0x00000000ff800000, 0x00000000ff900000, 0x00000000ff900000|100%| E|CS|TAMS 0x00000000ff800000| PB 0x00000000ff800000| Complete 
|1965|0x00000000ff900000, 0x00000000ffa00000, 0x00000000ffa00000|100%| E|CS|TAMS 0x00000000ff900000| PB 0x00000000ff900000| Complete 
|1966|0x00000000ffa00000, 0x00000000ffb00000, 0x00000000ffb00000|100%| E|CS|TAMS 0x00000000ffa00000| PB 0x00000000ffa00000| Complete 
|1967|0x00000000ffb00000, 0x00000000ffc00000, 0x00000000ffc00000|100%| O|  |TAMS 0x00000000ffb00000| PB 0x00000000ffb00000| Untracked 
|1968|0x00000000ffc00000, 0x00000000ffd00000, 0x00000000ffd00000|100%| O|  |TAMS 0x00000000ffc00000| PB 0x00000000ffc00000| Untracked 
|1969|0x00000000ffd00000, 0x00000000ffe00000, 0x00000000ffe00000|100%| O|  |TAMS 0x00000000ffd00000| PB 0x00000000ffd00000| Untracked 
|1970|0x00000000ffe00000, 0x00000000fff00000, 0x00000000fff00000|100%| O|  |TAMS 0x00000000ffe00000| PB 0x00000000ffe00000| Untracked 
|1971|0x00000000fff00000, 0x0000000100000000, 0x0000000100000000|100%| O|  |TAMS 0x00000000fff00000| PB 0x00000000fff00000| Untracked 

Card table byte_map: [0x00000194abbe0000,0x00000194abfc0000] _byte_map_base: 0x00000194ab7ba000

Marking Bits: (CMBitMap*) 0x00000194921c25c0
 Bits: [0x00000194abfc0000, 0x00000194ade90000)

Polling page: 0x0000019492230000

Metaspace:

Usage:
  Non-class:    101.91 MB used.
      Class:     17.81 MB used.
       Both:    119.71 MB used.

Virtual space:
  Non-class space:      128.00 MB reserved,     102.75 MB ( 80%) committed,  2 nodes.
      Class space:        1.00 GB reserved,      18.50 MB (  2%) committed,  1 nodes.
             Both:        1.12 GB reserved,     121.25 MB ( 11%) committed. 

Chunk freelists:
   Non-Class:  8.86 MB
       Class:  13.52 MB
        Both:  22.38 MB

MaxMetaspaceSize: unlimited
CompressedClassSpaceSize: 1.00 GB
Initial GC threshold: 21.00 MB
Current GC threshold: 201.88 MB
CDS: on
 - commit_granule_bytes: 65536.
 - commit_granule_words: 8192.
 - virtual_space_node_default_size: 8388608.
 - enlarge_chunks_in_place: 1.
 - use_allocation_guard: 0.


Internal statistics:

num_allocs_failed_limit: 24.
num_arena_births: 2570.
num_arena_deaths: 122.
num_vsnodes_births: 3.
num_vsnodes_deaths: 0.
num_space_committed: 1932.
num_space_uncommitted: 0.
num_chunks_returned_to_freelist: 200.
num_chunks_taken_from_freelist: 7809.
num_chunk_merges: 88.
num_chunk_splits: 5037.
num_chunks_enlarged: 3596.
num_inconsistent_stats: 0.

CodeHeap 'non-profiled nmethods': size=120000Kb used=15266Kb max_used=15266Kb free=104733Kb
 bounds [0x00000194a3870000, 0x00000194a4760000, 0x00000194aada0000]
CodeHeap 'profiled nmethods': size=120000Kb used=29214Kb max_used=32535Kb free=90785Kb
 bounds [0x000001949bda0000, 0x000001949ddc0000, 0x00000194a32d0000]
CodeHeap 'non-nmethods': size=5760Kb used=4081Kb max_used=4119Kb free=1678Kb
 bounds [0x00000194a32d0000, 0x00000194a36f0000, 0x00000194a3870000]
 total_blobs=18712 nmethods=16567 adapters=2047
 compilation: enabled
              stopped_count=0, restarted_count=0
 full_count=0

Compilation events (20 events):
Event: 140.642 Thread 0x00000194b0945360 25013       4       io.netty.buffer.PooledUnsafeDirectByteBuf::_getInt (9 bytes)
Event: 140.642 Thread 0x00000194b0945360 nmethod 25013 0x00000194a4756310 code [0x00000194a47564a0, 0x00000194a4756538]
Event: 140.642 Thread 0x00000194b0945360 25014       4       io.netty.buffer.UnsafeByteBufUtil::getInt (77 bytes)
Event: 140.643 Thread 0x00000194b0945360 nmethod 25014 0x00000194a4756610 code [0x00000194a4756780, 0x00000194a47567f0]
Event: 141.393 Thread 0x00000194b0950dc0 25015       3       net.minecraft.network.packet.s2c.play.EntityTrackerUpdateS2CPacket$$Lambda/0x00000194b3151ee8::decode (12 bytes)
Event: 141.393 Thread 0x00000194b0950dc0 nmethod 25015 0x000001949cb18010 code [0x000001949cb18200, 0x000001949cb187b0]
Event: 141.393 Thread 0x00000194b0950dc0 25016       3       net.minecraft.network.packet.s2c.play.EntityTrackerUpdateS2CPacket::<init> (13 bytes)
Event: 141.394 Thread 0x00000194b0950dc0 nmethod 25016 0x000001949c488990 code [0x000001949c488b80, 0x000001949c488f70]
Event: 143.604 Thread 0x00000194b0950dc0 25017       3       java.lang.invoke.StringConcatFactory::prepender (67 bytes)
Event: 143.605 Thread 0x00000194b0950dc0 nmethod 25017 0x000001949c6b9810 code [0x000001949c6b9a40, 0x000001949c6ba2f0]
Event: 144.040 Thread 0x00000194b0950dc0 25024   !   3       sun.nio.ch.SocketChannelImpl::endRead (46 bytes)
Event: 144.041 Thread 0x00000194b0950dc0 nmethod 25024 0x000001949c5e8f10 code [0x000001949c5e90e0, 0x000001949c5e9490]
Event: 144.178 Thread 0x00000194b0945360 25025       4       com.mojang.datafixers.util.Either$Right::map (11 bytes)
Event: 144.179 Thread 0x00000194b0945360 nmethod 25025 0x00000194a4757b10 code [0x00000194a4757ca0, 0x00000194a4757db8]
Event: 144.179 Thread 0x00000194b0945360 25026       4       io.netty.buffer.UnpooledUnsafeDirectByteBuf::_getByte (9 bytes)
Event: 144.180 Thread 0x00000194b0945360 nmethod 25026 0x00000194a4757f10 code [0x00000194a47580a0, 0x00000194a4758138]
Event: 144.180 Thread 0x00000194b0945360 25027       4       com.mojang.serialization.DataResult$Success::getOrThrow (5 bytes)
Event: 144.180 Thread 0x00000194b0945360 nmethod 25027 0x00000194a4758210 code [0x00000194a47583a0, 0x00000194a4758430]
Event: 144.791 Thread 0x00000194b0945360 25028       4       dev.client.component.core.inventory.HandComponent::onPacket (26 bytes)
Event: 144.792 Thread 0x00000194b0945360 nmethod 25028 0x00000194a4758510 code [0x00000194a47586a0, 0x00000194a4758788]

GC Heap History (20 events):
Event: 34.434 GC heap before
{Heap before GC invocations=37 (full 0):
 garbage-first heap   total 558080K, used 507323K [0x0000000084c00000, 0x0000000100000000)
  region size 1024K, 215 young (220160K), 7 survivors (7168K)
 Metaspace       used 120239K, committed 121792K, reserved 1179648K
  class space    used 18169K, committed 18880K, reserved 1048576K
}
Event: 34.442 GC heap after
{Heap after GC invocations=38 (full 0):
 garbage-first heap   total 558080K, used 293386K [0x0000000084c00000, 0x0000000100000000)
  region size 1024K, 11 young (11264K), 11 survivors (11264K)
 Metaspace       used 120239K, committed 121792K, reserved 1179648K
  class space    used 18169K, committed 18880K, reserved 1048576K
}
Event: 35.285 GC heap before
{Heap before GC invocations=38 (full 0):
 garbage-first heap   total 558080K, used 512522K [0x0000000084c00000, 0x0000000100000000)
  region size 1024K, 225 young (230400K), 11 survivors (11264K)
 Metaspace       used 120489K, committed 122048K, reserved 1179648K
  class space    used 18169K, committed 18880K, reserved 1048576K
}
Event: 35.293 GC heap after
{Heap after GC invocations=39 (full 0):
 garbage-first heap   total 558080K, used 296694K [0x0000000084c00000, 0x0000000100000000)
  region size 1024K, 14 young (14336K), 14 survivors (14336K)
 Metaspace       used 120489K, committed 122048K, reserved 1179648K
  class space    used 18169K, committed 18880K, reserved 1048576K
}
Event: 36.110 GC heap before
{Heap before GC invocations=40 (full 0):
 garbage-first heap   total 677888K, used 507638K [0x0000000084c00000, 0x0000000100000000)
  region size 1024K, 220 young (225280K), 14 survivors (14336K)
 Metaspace       used 120492K, committed 122112K, reserved 1179648K
  class space    used 18139K, committed 18880K, reserved 1048576K
}
Event: 36.127 GC heap after
{Heap after GC invocations=41 (full 0):
 garbage-first heap   total 677888K, used 301393K [0x0000000084c00000, 0x0000000100000000)
  region size 1024K, 18 young (18432K), 18 survivors (18432K)
 Metaspace       used 120492K, committed 122112K, reserved 1179648K
  class space    used 18139K, committed 18880K, reserved 1048576K
}
Event: 40.441 GC heap before
{Heap before GC invocations=41 (full 0):
 garbage-first heap   total 677888K, used 617809K [0x0000000084c00000, 0x0000000100000000)
  region size 1024K, 327 young (334848K), 18 survivors (18432K)
 Metaspace       used 120826K, committed 122368K, reserved 1179648K
  class space    used 18149K, committed 18880K, reserved 1048576K
}
Event: 40.452 GC heap after
{Heap after GC invocations=42 (full 0):
 garbage-first heap   total 677888K, used 302434K [0x0000000084c00000, 0x0000000100000000)
  region size 1024K, 20 young (20480K), 20 survivors (20480K)
 Metaspace       used 120826K, committed 122368K, reserved 1179648K
  class space    used 18149K, committed 18880K, reserved 1048576K
}
Event: 43.327 GC heap before
{Heap before GC invocations=42 (full 0):
 garbage-first heap   total 677888K, used 620898K [0x0000000084c00000, 0x0000000100000000)
  region size 1024K, 332 young (339968K), 20 survivors (20480K)
 Metaspace       used 121275K, committed 122816K, reserved 1179648K
  class space    used 18169K, committed 18880K, reserved 1048576K
}
Event: 43.340 GC heap after
{Heap after GC invocations=43 (full 0):
 garbage-first heap   total 677888K, used 300956K [0x0000000084c00000, 0x0000000100000000)
  region size 1024K, 22 young (22528K), 22 survivors (22528K)
 Metaspace       used 121275K, committed 122816K, reserved 1179648K
  class space    used 18169K, committed 18880K, reserved 1048576K
}
Event: 43.707 GC heap before
{Heap before GC invocations=43 (full 0):
 garbage-first heap   total 677888K, used 619420K [0x0000000084c00000, 0x0000000100000000)
  region size 1024K, 333 young (340992K), 22 survivors (22528K)
 Metaspace       used 121332K, committed 122880K, reserved 1179648K
  class space    used 18175K, committed 18880K, reserved 1048576K
}
Event: 43.727 GC heap after
{Heap after GC invocations=44 (full 0):
 garbage-first heap   total 677888K, used 304101K [0x0000000084c00000, 0x0000000100000000)
  region size 1024K, 25 young (25600K), 25 survivors (25600K)
 Metaspace       used 121332K, committed 122880K, reserved 1179648K
  class space    used 18175K, committed 18880K, reserved 1048576K
}
Event: 47.514 GC heap before
{Heap before GC invocations=45 (full 0):
 garbage-first heap   total 797696K, used 610277K [0x0000000084c00000, 0x0000000100000000)
  region size 1024K, 324 young (331776K), 25 survivors (25600K)
 Metaspace       used 121989K, committed 123520K, reserved 1179648K
  class space    used 18205K, committed 18880K, reserved 1048576K
}
Event: 47.541 GC heap after
{Heap after GC invocations=46 (full 0):
 garbage-first heap   total 797696K, used 302836K [0x0000000084c00000, 0x0000000100000000)
  region size 1024K, 20 young (20480K), 20 survivors (20480K)
 Metaspace       used 121989K, committed 123520K, reserved 1179648K
  class space    used 18205K, committed 18880K, reserved 1048576K
}
Event: 60.310 GC heap before
{Heap before GC invocations=46 (full 0):
 garbage-first heap   total 797696K, used 734964K [0x0000000084c00000, 0x0000000100000000)
  region size 1024K, 442 young (452608K), 20 survivors (20480K)
 Metaspace       used 122332K, committed 123904K, reserved 1179648K
  class space    used 18224K, committed 18944K, reserved 1048576K
}
Event: 60.326 GC heap after
{Heap after GC invocations=47 (full 0):
 garbage-first heap   total 797696K, used 301437K [0x0000000084c00000, 0x0000000100000000)
  region size 1024K, 21 young (21504K), 21 survivors (21504K)
 Metaspace       used 122332K, committed 123904K, reserved 1179648K
  class space    used 18224K, committed 18944K, reserved 1048576K
}
Event: 90.461 GC heap before
{Heap before GC invocations=47 (full 0):
 garbage-first heap   total 797696K, used 733565K [0x0000000084c00000, 0x0000000100000000)
  region size 1024K, 443 young (453632K), 21 survivors (21504K)
 Metaspace       used 122447K, committed 124032K, reserved 1179648K
  class space    used 18224K, committed 18944K, reserved 1048576K
}
Event: 90.472 GC heap after
{Heap after GC invocations=48 (full 0):
 garbage-first heap   total 797696K, used 300861K [0x0000000084c00000, 0x0000000100000000)
  region size 1024K, 20 young (20480K), 20 survivors (20480K)
 Metaspace       used 122447K, committed 124032K, reserved 1179648K
  class space    used 18224K, committed 18944K, reserved 1048576K
}
Event: 120.007 GC heap before
{Heap before GC invocations=49 (full 0):
 garbage-first heap   total 797696K, used 735037K [0x0000000084c00000, 0x0000000100000000)
  region size 1024K, 444 young (454656K), 20 survivors (20480K)
 Metaspace       used 122508K, committed 124096K, reserved 1179648K
  class space    used 18226K, committed 18944K, reserved 1048576K
}
Event: 120.017 GC heap after
{Heap after GC invocations=50 (full 0):
 garbage-first heap   total 797696K, used 300349K [0x0000000084c00000, 0x0000000100000000)
  region size 1024K, 19 young (19456K), 19 survivors (19456K)
 Metaspace       used 122508K, committed 124096K, reserved 1179648K
  class space    used 18226K, committed 18944K, reserved 1048576K
}

Dll operation events (17 events):
Event: 0.004 Loaded shared library C:\Program Files\Java\jdk-21\bin\java.dll
Event: 0.039 Loaded shared library C:\Program Files\Java\jdk-21\bin\jsvml.dll
Event: 0.126 Loaded shared library C:\Program Files\Java\jdk-21\bin\net.dll
Event: 0.128 Loaded shared library C:\Program Files\Java\jdk-21\bin\nio.dll
Event: 0.133 Loaded shared library C:\Program Files\Java\jdk-21\bin\zip.dll
Event: 0.280 Loaded shared library C:\Program Files\Java\jdk-21\bin\jimage.dll
Event: 0.708 Loaded shared library C:\Program Files\Java\jdk-21\bin\management.dll
Event: 0.710 Loaded shared library C:\Program Files\Java\jdk-21\bin\management_ext.dll
Event: 0.980 Loaded shared library C:\Program Files\Java\jdk-21\bin\verify.dll
Event: 4.744 Loaded shared library C:\Users\ADMIN\AppData\Local\Temp\jna-62130991\jna1922607271250630621.dll
Event: 15.261 Loaded shared library C:\Users\ADMIN\AppData\Local\Temp\lwjgl_ADMIN\3.3.3-snapshot\x64\lwjgl.dll
Event: 15.993 Loaded shared library C:\Program Files\Java\jdk-21\bin\sunmscapi.dll
Event: 16.072 Loaded shared library C:\Program Files\Java\jdk-21\bin\extnet.dll
Event: 16.093 Loaded shared library C:\Program Files\Java\jdk-21\bin\awt.dll
Event: 16.335 Loaded shared library C:\Users\ADMIN\AppData\Local\Temp\jansi-2.4.0-be8921359bf7c62b-jansi.dll
Event: 17.077 Loaded shared library C:\Users\ADMIN\AppData\Local\Temp\lwjgl_ADMIN\3.3.3-snapshot\x64\lwjgl_opengl.dll
Event: 17.291 Loaded shared library C:\Users\ADMIN\AppData\Local\Temp\lwjgl_ADMIN\3.3.3-snapshot\x64\lwjgl_stb.dll

Deoptimization events (20 events):
Event: 112.995 Thread 0x0000019491f2bef0 Uncommon trap: trap_request=0xffffff45 fr.pc=0x00000194a3ae34bc relative=0x000000000000009c
Event: 112.995 Thread 0x0000019491f2bef0 Uncommon trap: reason=unstable_if action=reinterpret pc=0x00000194a3ae34bc method=net.minecraft.client.render.entity.model.BipedEntityModel.animateArms(Lnet/minecraft/client/render/entity/state/BipedEntityRenderState;F)V @ 8 c2
Event: 112.995 Thread 0x0000019491f2bef0 DEOPT PACKING pc=0x00000194a3ae34bc sp=0x00000085a23fdbb0
Event: 112.995 Thread 0x0000019491f2bef0 DEOPT UNPACKING pc=0x00000194a3327da2 sp=0x00000085a23fdb10 mode 2
Event: 136.662 Thread 0x0000019491f2bef0 Uncommon trap: trap_request=0xffffffde fr.pc=0x00000194a47428b4 relative=0x0000000000000094
Event: 136.662 Thread 0x0000019491f2bef0 Uncommon trap: reason=class_check action=maybe_recompile pc=0x00000194a47428b4 method=net.minecraft.entity.Entity.equals(Ljava/lang/Object;)Z @ 1 c2
Event: 136.662 Thread 0x0000019491f2bef0 DEOPT PACKING pc=0x00000194a47428b4 sp=0x00000085a23fe280
Event: 136.662 Thread 0x0000019491f2bef0 DEOPT UNPACKING pc=0x00000194a3327da2 sp=0x00000085a23fe210 mode 2
Event: 136.662 Thread 0x0000019491f2bef0 Uncommon trap: trap_request=0xffffffde fr.pc=0x00000194a47428b4 relative=0x0000000000000094
Event: 136.662 Thread 0x0000019491f2bef0 Uncommon trap: reason=class_check action=maybe_recompile pc=0x00000194a47428b4 method=net.minecraft.entity.Entity.equals(Ljava/lang/Object;)Z @ 1 c2
Event: 136.662 Thread 0x0000019491f2bef0 DEOPT PACKING pc=0x00000194a47428b4 sp=0x00000085a23fe280
Event: 136.662 Thread 0x0000019491f2bef0 DEOPT UNPACKING pc=0x00000194a3327da2 sp=0x00000085a23fe210 mode 2
Event: 136.662 Thread 0x0000019491f2bef0 Uncommon trap: trap_request=0xffffffde fr.pc=0x00000194a47428b4 relative=0x0000000000000094
Event: 136.662 Thread 0x0000019491f2bef0 Uncommon trap: reason=class_check action=maybe_recompile pc=0x00000194a47428b4 method=net.minecraft.entity.Entity.equals(Ljava/lang/Object;)Z @ 1 c2
Event: 136.662 Thread 0x0000019491f2bef0 DEOPT PACKING pc=0x00000194a47428b4 sp=0x00000085a23fe280
Event: 136.662 Thread 0x0000019491f2bef0 DEOPT UNPACKING pc=0x00000194a3327da2 sp=0x00000085a23fe210 mode 2
Event: 136.662 Thread 0x0000019491f2bef0 Uncommon trap: trap_request=0xffffffde fr.pc=0x00000194a47428b4 relative=0x0000000000000094
Event: 136.662 Thread 0x0000019491f2bef0 Uncommon trap: reason=class_check action=maybe_recompile pc=0x00000194a47428b4 method=net.minecraft.entity.Entity.equals(Ljava/lang/Object;)Z @ 1 c2
Event: 136.662 Thread 0x0000019491f2bef0 DEOPT PACKING pc=0x00000194a47428b4 sp=0x00000085a23fe280
Event: 136.662 Thread 0x0000019491f2bef0 DEOPT UNPACKING pc=0x00000194a3327da2 sp=0x00000085a23fe210 mode 2

Classes loaded (20 events):
Event: 31.961 Loading class java/util/stream/LongPipeline$1
Event: 31.961 Loading class java/util/stream/LongPipeline$1 done
Event: 31.961 Loading class java/util/stream/LongPipeline$1$1
Event: 31.961 Loading class java/util/stream/Sink$ChainedLong
Event: 31.961 Loading class java/util/stream/Sink$OfLong
Event: 31.961 Loading class java/util/stream/Sink$OfLong done
Event: 31.961 Loading class java/util/stream/Sink$ChainedLong done
Event: 31.961 Loading class java/util/stream/LongPipeline$1$1 done
Event: 32.044 Loading class java/util/concurrent/CompletableFuture$UniHandle
Event: 32.044 Loading class java/util/concurrent/CompletableFuture$UniHandle done
Event: 32.044 Loading class sun/security/rsa/RSASignature$SHA1withRSA
Event: 32.044 Loading class sun/security/rsa/RSASignature$SHA1withRSA done
Event: 32.733 Loading class java/util/IdentityHashMap$KeySpliterator
Event: 32.733 Loading class java/util/IdentityHashMap$KeySpliterator done
Event: 32.815 Loading class java/lang/FdLibm$Acos
Event: 32.815 Loading class java/lang/FdLibm$Acos done
Event: 85.043 Loading class sun/net/www/http/HttpCapture
Event: 85.044 Loading class sun/net/www/http/HttpCapture done
Event: 85.044 Loading class sun/net/www/http/HttpCapture$1
Event: 85.044 Loading class sun/net/www/http/HttpCapture$1 done

Classes unloaded (20 events):
Event: 35.633 Thread 0x00000194b090f610 Unloading class 0x00000194b3210000 'java/lang/invoke/LambdaForm$BMH+0x00000194b3210000'
Event: 35.633 Thread 0x00000194b090f610 Unloading class 0x00000194b320bc00 'java/lang/invoke/LambdaForm$DMH+0x00000194b320bc00'
Event: 35.633 Thread 0x00000194b090f610 Unloading class 0x00000194b320b800 'java/lang/invoke/LambdaForm$DMH+0x00000194b320b800'
Event: 35.633 Thread 0x00000194b090f610 Unloading class 0x00000194b320b400 'java/lang/invoke/LambdaForm$DMH+0x00000194b320b400'
Event: 35.633 Thread 0x00000194b090f610 Unloading class 0x00000194b320b000 'java/lang/invoke/LambdaForm$DMH+0x00000194b320b000'
Event: 35.633 Thread 0x00000194b090f610 Unloading class 0x00000194b320ac00 'java/lang/invoke/LambdaForm$DMH+0x00000194b320ac00'
Event: 35.633 Thread 0x00000194b090f610 Unloading class 0x00000194b320a400 'java/lang/invoke/LambdaForm$DMH+0x00000194b320a400'
Event: 35.633 Thread 0x00000194b090f610 Unloading class 0x00000194b320a000 'java/lang/invoke/LambdaForm$DMH+0x00000194b320a000'
Event: 35.633 Thread 0x00000194b090f610 Unloading class 0x00000194b3209c00 'java/lang/invoke/LambdaForm$DMH+0x00000194b3209c00'
Event: 35.633 Thread 0x00000194b090f610 Unloading class 0x00000194b3209800 'java/lang/invoke/LambdaForm$DMH+0x00000194b3209800'
Event: 35.633 Thread 0x00000194b090f610 Unloading class 0x00000194b3209400 'java/lang/invoke/LambdaForm$DMH+0x00000194b3209400'
Event: 35.633 Thread 0x00000194b090f610 Unloading class 0x00000194b3208c00 'java/lang/invoke/LambdaForm$DMH+0x00000194b3208c00'
Event: 35.633 Thread 0x00000194b090f610 Unloading class 0x00000194b30a0c00 'java/lang/invoke/LambdaForm$DMH+0x00000194b30a0c00'
Event: 35.633 Thread 0x00000194b090f610 Unloading class 0x00000194b30a0400 'java/lang/invoke/LambdaForm$DMH+0x00000194b30a0400'
Event: 35.633 Thread 0x00000194b090f610 Unloading class 0x00000194b3099c00 'java/lang/invoke/LambdaForm$DMH+0x00000194b3099c00'
Event: 35.633 Thread 0x00000194b090f610 Unloading class 0x00000194b3088400 'java/lang/invoke/LambdaForm$DMH+0x00000194b3088400'
Event: 35.633 Thread 0x00000194b090f610 Unloading class 0x00000194b3085c00 'java/lang/invoke/LambdaForm$MH+0x00000194b3085c00'
Event: 35.633 Thread 0x00000194b090f610 Unloading class 0x00000194b3085000 'java/lang/invoke/LambdaForm$DMH+0x00000194b3085000'
Event: 35.633 Thread 0x00000194b090f610 Unloading class 0x00000194b3084800 'java/lang/invoke/LambdaForm$DMH+0x00000194b3084800'
Event: 35.633 Thread 0x00000194b090f610 Unloading class 0x00000194b3084000 'java/lang/invoke/LambdaForm$DMH+0x00000194b3084000'

Classes redefined (0 events):
No events

Internal exceptions (20 events):
Event: 32.514 Thread 0x0000019491f2bef0 Exception <a 'java/lang/NoSuchMethodError'{0x000000009a18d728}: 'int java.lang.invoke.DirectMethodHandle$Holder.invokeStatic(java.lang.Object, java.lang.Object, int, java.lang.Object)'> (0x000000009a18d728) 
thrown [s\open\src\hotspot\share\interpreter\linkResolver.cpp, line 773]
Event: 32.611 Thread 0x00000194fa213d30 Implicit null exception at 0x00000194a3e40486 to 0x00000194a3e40610
Event: 32.669 Thread 0x0000019491f2bef0 Exception <a 'java/lang/NoSuchMethodError'{0x00000000ffa53a80}: 'int java.lang.invoke.DelegatingMethodHandle$Holder.reinvoke_L(java.lang.Object, double)'> (0x00000000ffa53a80) 
thrown [s\open\src\hotspot\share\interpreter\linkResolver.cpp, line 773]
Event: 32.759 Thread 0x0000019491f2bef0 Implicit null exception at 0x00000194a4339694 to 0x00000194a4339729
Event: 32.762 Thread 0x0000019491f2bef0 Exception <a 'java/lang/NoSuchMethodError'{0x00000000a166cf08}: 'java.lang.Object java.lang.invoke.Invokers$Holder.invoker(java.lang.Object, java.lang.Object, java.lang.Object, java.lang.Object, java.lang.Object, java.lang.Object, java.lang.Object, java.lang.Object, java.lang.Object, java.lang.Object, java.lang.Object, java.lang.Object, java.lang.Object, java.lang.Object)'> (0x00000000a166cf08) 
thrown [s\open\src\hotspot\share\interpreter\linkResolver.cpp, line 773]
Event: 32.762 Thread 0x0000019491f2bef0 Exception <a 'java/lang/NoSuchMethodError'{0x00000000a1671ea8}: 'java.lang.Object java.lang.invoke.DirectMethodHandle$Holder.invokeSpecial(java.lang.Object, java.lang.Object, java.lang.Object, java.lang.Object, java.lang.Object, java.lang.Object, java.lang.Object, java.lang.Object, java.lang.Object, java.lang.Object, java.lang.Object, java.lang.Object, java.lang.Object, java.lang.Object, java.lang.Object)'> (0x00000000a1671ea8) 
thrown [s\open\src\hotspot\share\interpreter\linkResolver.cpp, line 773]
Event: 32.762 Thread 0x0000019491f2bef0 Exception <a 'java/lang/NoSuchMethodError'{0x00000000a16761d8}: 'java.lang.Object java.lang.invoke.DelegatingMethodHandle$Holder.delegate(java.lang.Object, java.lang.Object, java.lang.Object, java.lang.Object, java.lang.Object, java.lang.Object, java.lang.Object, java.lang.Object, java.lang.Object, java.lang.Object, java.lang.Object, java.lang.Object, java.lang.Object, java.lang.Object)'> (0x00000000a16761d8) 
thrown [s\open\src\hotspot\share\interpreter\linkResolver.cpp, line 773]
Event: 32.763 Thread 0x0000019491f2bef0 Implicit null exception at 0x00000194a4338e1c to 0x00000194a4338eb1
Event: 32.883 Thread 0x0000019491f2bef0 Exception <a 'java/lang/NoSuchMethodError'{0x000000009fc7c618}: 'java.lang.Object java.lang.invoke.DirectMethodHandle$Holder.invokeStaticInit(java.lang.Object, java.lang.Object, java.lang.Object, java.lang.Object, int)'> (0x000000009fc7c618) 
thrown [s\open\src\hotspot\share\interpreter\linkResolver.cpp, line 773]
Event: 33.741 Thread 0x00000194f87daa70 Implicit null exception at 0x00000194a414457e to 0x00000194a41445c8
Event: 40.420 Thread 0x0000019491f2bef0 Exception <a 'sun/nio/fs/WindowsException'{0x0000000099599a10}> (0x0000000099599a10) 
thrown [s\open\src\hotspot\share\prims\jni.cpp, line 520]
Event: 44.435 Thread 0x0000019491f2bef0 Implicit null exception at 0x00000194a457f172 to 0x00000194a457f714
Event: 49.223 Thread 0x0000019491f2bef0 Exception <a 'sun/nio/fs/WindowsException'{0x00000000b1805590}> (0x00000000b1805590) 
thrown [s\open\src\hotspot\share\prims\jni.cpp, line 520]
Event: 52.623 Thread 0x0000019491f2bef0 Exception <a 'sun/nio/fs/WindowsException'{0x00000000aa3e0f68}> (0x00000000aa3e0f68) 
thrown [s\open\src\hotspot\share\prims\jni.cpp, line 520]
Event: 55.495 Thread 0x0000019491f2bef0 Exception <a 'sun/nio/fs/WindowsException'{0x00000000a35270b8}> (0x00000000a35270b8) 
thrown [s\open\src\hotspot\share\prims\jni.cpp, line 520]
Event: 58.924 Thread 0x0000019491f2bef0 Exception <a 'java/lang/NoSuchMethodError'{0x000000009aa31790}: 'void java.lang.invoke.DirectMethodHandle$Holder.invokeStatic(java.lang.Object, java.lang.Object, java.lang.Object, int, java.lang.Object)'> (0x000000009aa31790) 
thrown [s\open\src\hotspot\share\interpreter\linkResolver.cpp, line 773]
Event: 85.042 Thread 0x00000194fc5dc9d0 Exception <a 'sun/nio/fs/WindowsException'{0x00000000ad2ca998}> (0x00000000ad2ca998) 
thrown [s\open\src\hotspot\share\prims\jni.cpp, line 520]
Event: 85.325 Thread 0x00000194fc5dc9d0 Exception <a 'sun/nio/fs/WindowsException'{0x000000009f60a068}> (0x000000009f60a068) 
thrown [s\open\src\hotspot\share\prims\jni.cpp, line 520]
Event: 106.574 Thread 0x00000194fc5dc9d0 Exception <a 'sun/nio/fs/WindowsException'{0x00000000a61000d8}> (0x00000000a61000d8) 
thrown [s\open\src\hotspot\share\prims\jni.cpp, line 520]
Event: 106.694 Thread 0x00000194fc5dc9d0 Exception <a 'sun/nio/fs/WindowsException'{0x00000000a5da6c70}> (0x00000000a5da6c70) 
thrown [s\open\src\hotspot\share\prims\jni.cpp, line 520]

ZGC Phase Switch (0 events):
No events

VM Operations (20 events):
Event: 127.020 Executing VM operation: Cleanup
Event: 127.020 Executing VM operation: Cleanup done
Event: 128.020 Executing VM operation: Cleanup
Event: 128.020 Executing VM operation: Cleanup done
Event: 129.021 Executing VM operation: Cleanup
Event: 129.021 Executing VM operation: Cleanup done
Event: 130.022 Executing VM operation: Cleanup
Event: 130.022 Executing VM operation: Cleanup done
Event: 132.023 Executing VM operation: Cleanup
Event: 132.023 Executing VM operation: Cleanup done
Event: 135.024 Executing VM operation: Cleanup
Event: 135.024 Executing VM operation: Cleanup done
Event: 136.025 Executing VM operation: Cleanup
Event: 136.025 Executing VM operation: Cleanup done
Event: 137.026 Executing VM operation: Cleanup
Event: 137.026 Executing VM operation: Cleanup done
Event: 141.028 Executing VM operation: Cleanup
Event: 141.028 Executing VM operation: Cleanup done
Event: 144.030 Executing VM operation: Cleanup
Event: 144.030 Executing VM operation: Cleanup done

Events (20 events):
Event: 90.653 Thread 0x00000194b090f610 flushing nmethod 0x00000194a39db890
Event: 90.653 Thread 0x00000194b090f610 flushing nmethod 0x00000194a39dee10
Event: 90.653 Thread 0x00000194b090f610 flushing nmethod 0x00000194a39ea610
Event: 90.653 Thread 0x00000194b090f610 flushing nmethod 0x00000194a39bf610
Event: 90.653 Thread 0x00000194b090f610 flushing nmethod 0x00000194a3948310
Event: 90.653 Thread 0x00000194b090f610 flushing nmethod 0x00000194a395ee90
Event: 90.653 Thread 0x00000194b090f610 flushing nmethod 0x00000194a3910e10
Event: 90.653 Thread 0x00000194b090f610 flushing nmethod 0x00000194a38e0b10
Event: 92.361 Thread 0x00000194b0b96600 Thread exited: 0x00000194b0b96600
Event: 92.362 Thread 0x00000194f76398b0 Thread exited: 0x00000194f76398b0
Event: 92.362 Thread 0x00000194b0b986d0 Thread exited: 0x00000194b0b986d0
Event: 92.553 Thread 0x00000194b0b979b0 Thread exited: 0x00000194b0b979b0
Event: 95.326 Thread 0x00000194ff02fed0 Thread exited: 0x00000194ff02fed0
Event: 106.693 Thread 0x00000194f63ead80 Thread added: 0x00000194f63ead80
Event: 109.582 Thread 0x00000194f63ed4e0 Thread added: 0x00000194f63ed4e0
Event: 116.513 Thread 0x00000194f924ca90 Thread added: 0x00000194f924ca90
Event: 116.513 Thread 0x00000194f924b620 Thread added: 0x00000194f924b620
Event: 116.678 Thread 0x00000194f924b620 Thread exited: 0x00000194f924b620
Event: 116.678 Thread 0x00000194f924ca90 Thread exited: 0x00000194f924ca90
Event: 116.695 Thread 0x00000194f63ead80 Thread exited: 0x00000194f63ead80


Dynamic libraries:
0x00007ff7cc770000 - 0x00007ff7cc780000 	C:\Program Files\Java\jdk-21\bin\java.exe
0x00007ffafd750000 - 0x00007ffafd948000 	C:\Windows\SYSTEM32\ntdll.dll
0x00007ffafb990000 - 0x00007ffafba52000 	C:\Windows\System32\KERNEL32.DLL
0x00007ffafb030000 - 0x00007ffafb326000 	C:\Windows\System32\KERNELBASE.dll
0x00007ffafb3d0000 - 0x00007ffafb4d0000 	C:\Windows\System32\ucrtbase.dll
0x00007ffae3d00000 - 0x00007ffae3d1b000 	C:\Program Files\Java\jdk-21\bin\VCRUNTIME140.dll
0x00007ffae4770000 - 0x00007ffae4789000 	C:\Program Files\Java\jdk-21\bin\jli.dll
0x00007ffafb8d0000 - 0x00007ffafb981000 	C:\Windows\System32\ADVAPI32.dll
0x00007ffafb7a0000 - 0x00007ffafb83e000 	C:\Windows\System32\msvcrt.dll
0x00007ffafba60000 - 0x00007ffafbaff000 	C:\Windows\System32\sechost.dll
0x00007ffafc370000 - 0x00007ffafc490000 	C:\Windows\System32\RPCRT4.dll
0x00007ffafb000000 - 0x00007ffafb027000 	C:\Windows\System32\bcrypt.dll
0x00007ffafbc40000 - 0x00007ffafbde1000 	C:\Windows\System32\USER32.dll
0x00007ffafade0000 - 0x00007ffafae02000 	C:\Windows\System32\win32u.dll
0x00007ffae4ae0000 - 0x00007ffae4d7b000 	C:\Windows\WinSxS\amd64_microsoft.windows.common-controls_6595b64144ccf1df_6.0.19041.6456_none_60b8a6cb71f64256\COMCTL32.dll
0x00007ffafcdd0000 - 0x00007ffafcdfb000 	C:\Windows\System32\GDI32.dll
0x00007ffafae10000 - 0x00007ffafaf29000 	C:\Windows\System32\gdi32full.dll
0x00007ffafb330000 - 0x00007ffafb3cd000 	C:\Windows\System32\msvcp_win.dll
0x00007ffaf1a40000 - 0x00007ffaf1a4a000 	C:\Windows\SYSTEM32\VERSION.dll
0x00007ffafb770000 - 0x00007ffafb79f000 	C:\Windows\System32\IMM32.DLL
0x00007ffae3fa0000 - 0x00007ffae3fac000 	C:\Program Files\Java\jdk-21\bin\vcruntime140_1.dll
0x00007ffac30b0000 - 0x00007ffac313e000 	C:\Program Files\Java\jdk-21\bin\msvcp140.dll
0x00007ffaa66f0000 - 0x00007ffaa7405000 	C:\Program Files\Java\jdk-21\bin\server\jvm.dll
0x00007ffafbdf0000 - 0x00007ffafbe5b000 	C:\Windows\System32\WS2_32.dll
0x00007ffaded10000 - 0x00007ffaded37000 	C:\Windows\SYSTEM32\WINMM.dll
0x00007ffafa7d0000 - 0x00007ffafa81b000 	C:\Windows\SYSTEM32\POWRPROF.dll
0x00007ffafa7b0000 - 0x00007ffafa7c2000 	C:\Windows\SYSTEM32\UMPDC.dll
0x00007ffaf95b0000 - 0x00007ffaf95c2000 	C:\Windows\SYSTEM32\kernel.appcore.dll
0x00007ffae3c00000 - 0x00007ffae3c0a000 	C:\Program Files\Java\jdk-21\bin\jimage.dll
0x00007ffaf92f0000 - 0x00007ffaf94f1000 	C:\Windows\SYSTEM32\DBGHELP.DLL
0x00007ffadc840000 - 0x00007ffadc874000 	C:\Windows\SYSTEM32\dbgcore.DLL
0x00007ffafb6e0000 - 0x00007ffafb762000 	C:\Windows\System32\bcryptPrimitives.dll
0x00007ffaded40000 - 0x00007ffaded5f000 	C:\Program Files\Java\jdk-21\bin\java.dll
0x00007ffafce00000 - 0x00007ffafd570000 	C:\Windows\System32\SHELL32.dll
0x00007ffaf8a80000 - 0x00007ffaf9225000 	C:\Windows\SYSTEM32\windows.storage.dll
0x00007ffafbe60000 - 0x00007ffafc1b4000 	C:\Windows\System32\combase.dll
0x00007ffafa6c0000 - 0x00007ffafa6eb000 	C:\Windows\SYSTEM32\Wldp.dll
0x00007ffafc7d0000 - 0x00007ffafc89d000 	C:\Windows\System32\OLEAUT32.dll
0x00007ffafd650000 - 0x00007ffafd6fd000 	C:\Windows\System32\SHCORE.dll
0x00007ffafcd70000 - 0x00007ffafcdcb000 	C:\Windows\System32\shlwapi.dll
0x00007ffafad10000 - 0x00007ffafad34000 	C:\Windows\SYSTEM32\profapi.dll
0x00007ffaa6610000 - 0x00007ffaa66e7000 	C:\Program Files\Java\jdk-21\bin\jsvml.dll
0x00007ffae3bf0000 - 0x00007ffae3c00000 	C:\Program Files\Java\jdk-21\bin\net.dll
0x00007ffaf7990000 - 0x00007ffaf7a9a000 	C:\Windows\SYSTEM32\WINHTTP.dll
0x00007ffafa430000 - 0x00007ffafa49a000 	C:\Windows\system32\mswsock.dll
0x00007ffadeb70000 - 0x00007ffadeb86000 	C:\Program Files\Java\jdk-21\bin\nio.dll
0x00007ffadb230000 - 0x00007ffadb248000 	C:\Program Files\Java\jdk-21\bin\zip.dll
0x00007ffae6ac0000 - 0x00007ffae6aca000 	C:\Program Files\Java\jdk-21\bin\management.dll
0x00007ffadaf20000 - 0x00007ffadaf2b000 	C:\Program Files\Java\jdk-21\bin\management_ext.dll
0x00007ffafbb00000 - 0x00007ffafbb08000 	C:\Windows\System32\PSAPI.DLL
0x00007ffaf6830000 - 0x00007ffaf6847000 	C:\Windows\system32\napinsp.dll
0x00007ffae6070000 - 0x00007ffae608b000 	C:\Windows\system32\pnrpnsp.dll
0x00007ffad61b0000 - 0x00007ffad61cd000 	C:\Windows\system32\wshbth.dll
0x00007ffaf7ab0000 - 0x00007ffaf7acd000 	C:\Windows\system32\NLAapi.dll
0x00007ffafa130000 - 0x00007ffafa16b000 	C:\Windows\SYSTEM32\IPHLPAPI.DLL
0x00007ffafa170000 - 0x00007ffafa23a000 	C:\Windows\SYSTEM32\DNSAPI.dll
0x00007ffafd700000 - 0x00007ffafd708000 	C:\Windows\System32\NSI.dll
0x00007ffae4db0000 - 0x00007ffae4dc2000 	C:\Windows\System32\winrnr.dll
0x0000000061690000 - 0x00000000616b6000 	C:\Program Files\Bonjour\mdnsNSP.dll
0x00007ffaf7860000 - 0x00007ffaf786a000 	C:\Windows\System32\rasadhlp.dll
0x00007ffaf7260000 - 0x00007ffaf72e0000 	C:\Windows\System32\fwpuclnt.dll
0x00007ffadc5e0000 - 0x00007ffadc5f0000 	C:\Program Files\Java\jdk-21\bin\verify.dll
0x00007ffafa700000 - 0x00007ffafa718000 	C:\Windows\SYSTEM32\CRYPTSP.dll
0x00007ffaf9d70000 - 0x00007ffaf9da8000 	C:\Windows\system32\rsaenh.dll
0x00007ffafacd0000 - 0x00007ffafacfe000 	C:\Windows\SYSTEM32\USERENV.dll
0x00007ffafa5c0000 - 0x00007ffafa5cc000 	C:\Windows\SYSTEM32\CRYPTBASE.dll
0x00007ffae5fb0000 - 0x00007ffae5ff9000 	C:\Users\ADMIN\AppData\Local\Temp\jna-62130991\jna1922607271250630621.dll
0x00007ffafc220000 - 0x00007ffafc34b000 	C:\Windows\System32\Ole32.dll
0x00007ffafc720000 - 0x00007ffafc7c9000 	C:\Windows\System32\clbcatq.dll
0x00007ffad51f0000 - 0x00007ffad5241000 	C:\Windows\SYSTEM32\Pdh.dll
0x00007ffae6a60000 - 0x00007ffae6a6f000 	C:\Windows\System32\perfos.dll
0x00007ffadec90000 - 0x00007ffaded0b000 	C:\Users\ADMIN\AppData\Local\Temp\lwjgl_ADMIN\3.3.3-snapshot\x64\lwjgl.dll
0x00007ffacab40000 - 0x00007ffacadb0000 	C:\Users\ADMIN\AppData\Local\Temp\lwjgl_ADMIN\3.3.3-snapshot\x64\jemalloc.dll
0x00007ffadb2f0000 - 0x00007ffadb2fe000 	C:\Program Files\Java\jdk-21\bin\sunmscapi.dll
0x00007ffafb580000 - 0x00007ffafb6dd000 	C:\Windows\System32\CRYPT32.dll
0x00007ffafa880000 - 0x00007ffafa8a7000 	C:\Windows\SYSTEM32\ncrypt.dll
0x00007ffafa840000 - 0x00007ffafa87b000 	C:\Windows\SYSTEM32\NTASN1.dll
0x00007ffadb310000 - 0x00007ffadb317000 	C:\Program Files\Java\jdk-21\bin\extnet.dll
0x00007ffade470000 - 0x00007ffade5ff000 	C:\Program Files\Java\jdk-21\bin\awt.dll
0x00007ffaf7590000 - 0x00007ffaf7624000 	C:\Windows\SYSTEM32\apphelp.dll
0x0000000069ac0000 - 0x0000000069ae4000 	C:\Users\ADMIN\AppData\Local\Temp\jansi-2.4.0-be8921359bf7c62b-jansi.dll
0x00007ffade310000 - 0x00007ffade392000 	C:\Users\ADMIN\AppData\Local\Temp\lwjgl_ADMIN\3.3.3-snapshot\x64\glfw.dll
0x00007ffadeb20000 - 0x00007ffadeb65000 	C:\Windows\SYSTEM32\dinput8.dll
0x00007ffae4820000 - 0x00007ffae4831000 	C:\Windows\SYSTEM32\xinput1_4.dll
0x00007ffafafb0000 - 0x00007ffafaffe000 	C:\Windows\System32\cfgmgr32.dll
0x00007ffafab70000 - 0x00007ffafaba3000 	C:\Windows\SYSTEM32\DEVOBJ.dll
0x00007ffaf0350000 - 0x00007ffaf04a2000 	C:\Windows\SYSTEM32\inputhost.dll
0x00007ffaf7870000 - 0x00007ffaf7964000 	C:\Windows\SYSTEM32\PROPSYS.dll
0x00007ffaf6090000 - 0x00007ffaf61e7000 	C:\Windows\SYSTEM32\wintypes.dll
0x00007ffaf5510000 - 0x00007ffaf5602000 	C:\Windows\SYSTEM32\CoreMessaging.dll
0x00007ffaf4220000 - 0x00007ffaf457b000 	C:\Windows\SYSTEM32\CoreUIComponents.dll
0x00007ffaf9fc0000 - 0x00007ffaf9ff3000 	C:\Windows\SYSTEM32\ntmarta.dll
0x00007ffaf8770000 - 0x00007ffaf879e000 	C:\Windows\SYSTEM32\dwmapi.dll
0x00007ffaf8370000 - 0x00007ffaf840e000 	C:\Windows\system32\uxtheme.dll
0x00007ffafbb10000 - 0x00007ffafbc25000 	C:\Windows\System32\MSCTF.dll
0x00007ffad3210000 - 0x00007ffad3338000 	C:\Windows\SYSTEM32\opengl32.dll
0x00007ffae3fb0000 - 0x00007ffae3fdc000 	C:\Windows\SYSTEM32\GLU32.dll
0x00007ffab8dd0000 - 0x00007ffab9dd7000 	C:\Windows\System32\DriverStore\FileRepository\iigd_dch.inf_amd64_044fd6f0c2ae28a8\ig12icd64.dll
0x00007ffaf9620000 - 0x00007ffaf9716000 	C:\Windows\system32\dxgi.dll
0x00007ffac8fb0000 - 0x00007ffac93a9000 	C:\Windows\System32\DriverStore\FileRepository\iigd_dch.inf_amd64_044fd6f0c2ae28a8\igdml64.dll
0x00007ffaed720000 - 0x00007ffaed9e4000 	C:\Windows\System32\DriverStore\FileRepository\iigd_dch.inf_amd64_044fd6f0c2ae28a8\igdgmm64.dll
0x00007ffaeaa90000 - 0x00007ffaed624000 	C:\Windows\System32\DriverStore\FileRepository\iigd_dch.inf_amd64_044fd6f0c2ae28a8\igc64.dll
0x00007ffaf04b0000 - 0x00007ffaf05a9000 	C:\Windows\SYSTEM32\textinputframework.dll
0x00007ffade410000 - 0x00007ffade46e000 	C:\Users\ADMIN\AppData\Local\Temp\lwjgl_ADMIN\3.3.3-snapshot\x64\lwjgl_opengl.dll
0x00007ffad7cf0000 - 0x00007ffad7d72000 	C:\Users\ADMIN\AppData\Local\Temp\lwjgl_ADMIN\3.3.3-snapshot\x64\lwjgl_stb.dll
0x00007ffaf7b10000 - 0x00007ffaf7bbe000 	C:\Windows\SYSTEM32\mscms.dll
0x00007ffaf7970000 - 0x00007ffaf7981000 	C:\Windows\SYSTEM32\ColorAdapterClient.dll
0x00007ffade770000 - 0x00007ffade7b5000 	C:\Windows\SYSTEM32\icm32.dll
0x00007ffacb840000 - 0x00007ffacba07000 	C:\Users\ADMIN\AppData\Local\Temp\lwjgl_ADMIN\3.3.3-snapshot\x64\OpenAL.dll
0x00007ffaf2ef0000 - 0x00007ffaf2f75000 	C:\Windows\System32\MMDevApi.dll
0x00007ffac37f0000 - 0x00007ffac397d000 	C:\Windows\System32\Speech\Common\sapi.dll
0x00007ffafaf30000 - 0x00007ffafafa3000 	C:\Windows\System32\WINTRUST.dll
0x00007ffaf1730000 - 0x00007ffaf173b000 	C:\Windows\SYSTEM32\msdmo.dll
0x00007ffae5af0000 - 0x00007ffae5b0e000 	C:\Windows\SYSTEM32\MSACM32.dll
0x00007ffadf820000 - 0x00007ffadf846000 	C:\Windows\SYSTEM32\winmmbase.dll
0x00007ffafa9a0000 - 0x00007ffafa9b2000 	C:\Windows\System32\MSASN1.dll
0x00007ffadf550000 - 0x00007ffadf6d1000 	C:\Windows\SYSTEM32\AUDIOSES.DLL
0x00007ffaf8480000 - 0x00007ffaf8494000 	C:\Windows\SYSTEM32\resourcepolicyclient.dll
0x00007ffaf6fe0000 - 0x00007ffaf6ff7000 	C:\Windows\SYSTEM32\dhcpcsvc6.DLL
0x00007ffaf7700000 - 0x00007ffaf771d000 	C:\Windows\SYSTEM32\dhcpcsvc.DLL
0x00007ffadb2d0000 - 0x00007ffadb2d7000 	C:\Windows\system32\wshunix.dll
0x00007ffae6900000 - 0x00007ffae69ac000 	C:\Windows\SYSTEM32\TextShaping.dll

dbghelp: loaded successfully - version: 4.0.5 - missing functions: none
symbol engine: initialized successfully - sym options: 0x614 - pdb path: .;C:\Program Files\Java\jdk-21\bin;C:\Windows\SYSTEM32;C:\Windows\WinSxS\amd64_microsoft.windows.common-controls_6595b64144ccf1df_6.0.19041.6456_none_60b8a6cb71f64256;C:\Program Files\Java\jdk-21\bin\server;C:\Program Files\Bonjour;C:\Users\ADMIN\AppData\Local\Temp\jna-62130991;C:\Users\ADMIN\AppData\Local\Temp\lwjgl_ADMIN\3.3.3-snapshot\x64;C:\Users\ADMIN\AppData\Local\Temp;C:\Windows\System32\DriverStore\FileRepository\iigd_dch.inf_amd64_044fd6f0c2ae28a8;C:\Windows\System32\Speech\Common

VM Arguments:
jvm_args: -Dfabric.dli.config=C:\Users\ADMIN\Desktop\111\.gradle\loom-cache\launch.cfg -Dfabric.dli.env=client -Dfabric.dli.main=net.fabricmc.loader.impl.launch.knot.KnotClient -Dfile.encoding=UTF-8 -Duser.country=RU -Duser.language=ru -Duser.variant 
java_command: net.fabricmc.devlaunchinjector.Main
java_class_path (initial): C:\Users\ADMIN\Desktop\111\build\classes\java\main;C:\Users\ADMIN\Desktop\111\build\classes\kotlin\main;C:\Users\ADMIN\Desktop\111\build\resources\main;C:\Users\ADMIN\.gradle\caches\fabric-loom\1.21.4\net.fabricmc.yarn.1_21_4.1.21.4+build.8-v2\mappings.jar;C:\Users\ADMIN\.gradle\caches\modules-2\files-2.1\org.jetbrains.kotlin\kotlin-stdlib\2.1.20\aa8ca79cd50578314f6d1180c47cbe14c0fee567\kotlin-stdlib-2.1.20.jar;C:\Users\ADMIN\.gradle\caches\modules-2\files-2.1\org.ow2.asm\asm\9.8\dc19ecb3f7889b7860697215cae99c0f9b6f6b4b\asm-9.8.jar;C:\Users\ADMIN\.gradle\caches\modules-2\files-2.1\org.ow2.asm\asm-analysis\9.8\b9747a320844b6cb1eacd90d8ecfd260a16c01d3\asm-analysis-9.8.jar;C:\Users\ADMIN\.gradle\caches\modules-2\files-2.1\org.ow2.asm\asm-commons\9.8\36e4d212970388e5bd2c5180292012502df461bb\asm-commons-9.8.jar;C:\Users\ADMIN\.gradle\caches\modules-2\files-2.1\org.ow2.asm\asm-tree\9.8\18419ca5b77a2f81097c741e7872e6ab8d2f40d\asm-tree-9.8.jar;C:\Users\ADMIN\.gradle\caches\modules-2\files-2.1\org.ow2.asm\asm-util\9.8\395f1c1f035258511f27bc9b2583d76e4b143f59\asm-util-9.8.jar;C:\Users\ADMIN\.gradle\caches\modules-2\files-2.1\net.fabricmc\sponge-mixin\0.15.5+mixin.0.8.7\22f9eb729e216a091673a574a5906dc1b9027fb3\sponge-mixin-0.15.5+mixin.0.8.7.jar;C:\Users\ADMIN\.gradle\caches\modules-2\files-2.1\io.github.llamalad7\mixinextras-fabric\0.4.1\8d1a9e96afb990367fa1f904d17580d164da72e3\mixinextras-fabric-0.4.1.jar;C:\Users\ADMIN\.gradle\caches\modules-2\files-2.1\net.fabricmc\dev-launch-injector\0.2.1+build.8\da8bef7e6e2f952da707f282bdb46882a0fce5e3\dev-launch-injector-0.2.1+build.8.jar;C:\Users\ADMIN\.gradle\caches\modules-2\files-2.1\net.minecrell\terminalconsoleappender\1.3.0\b562e9bb61235c9520e26282cdee71f8f802d1fc\terminalconsoleappender-1.3.0.jar;C:\Users\ADMIN\.gradle\caches\modules-2\files-2.1\com.fasterxml.jackson.core\jackson-annotations\2.13.4\858c6cc78e1f08a885b1613e1d817c829df70a6e\jackson-annotations-2.13.4.jar;C:\Users\ADMIN\.gradle\caches\modules-2\files-2.1\com.fasterxml.jackson.core\jackson-core\2.13.4\cf934c681294b97ef6d80082faeefbe1edadf56\jackson-core-2.13.4.jar;C:\Users\ADMIN\.gradle\caches\modules-2\files-2.1\com.fasterxml.jackson.core\jackson-databind\2.13.4.2\325c06bdfeb628cfb80ebaaf1a26cc1eb558a585\jackson-databind-2.13.4.2.jar;C:\Users\ADMIN\.gradle\caches\modules-2\files-2.1\com.github.oshi\oshi-core\6.6.5\e1099981fd15dc4236c4499d82aba1276fb43a9a\oshi-core-6.6.5.jar;C:\Users\ADMIN\.gradle\caches\modules-2\files-2.1\com.github.stephenc.jcip\jcip-annotations\1.0-1\ef31541dd28ae2cefdd17c7ebf352d93e9058c63\jcip-annotations-1.0-1.jar;C:\Users\ADMIN\.gradle\caches\modules-2\files-2.1\com.google.code.gson\gson\2.11.0\527175ca6d81050b53bdd4c457a6d6e017626b0e\gson-2.11.0.jar;C:\Users\ADMIN\.gradle\caches\modules-2\files-2.1\com.google.guava\failureaccess\1.0.2\c4a06a64e650562f30b7bf9aaec1bfed43aca12b\failureaccess-1.0.2.jar;C:\Users\ADMIN\.gradle\caches\modules-2\files-2.1\com.google.guava\guava\33.3.1-jre\852f8b363da0111e819460021ca693cacca3e8db\guava-33.3.1-jre.jar;C:\Users\ADMIN\.gradle\caches\modules-2\files-2.1\com.ibm.icu\icu4j\76.1\215f3a8e936d4069344bd75f2b1368fd58112894\icu4j-76.1.jar;C:\Users\ADMIN\.gradle\caches\modules-2\files-2.1\com.microsoft.azure\msal4j\1.17.2\a6211e3d71d0388929babaa0ff0951b30d001852\msal4j-1.17.2.jar;C:\Users\ADMIN\.gradle\caches\modules-2\files-2.1\com.mojang\authlib\6.0.57\bded3161a7346de32213da750388ec6529fe4f6b\authlib-6.0.57.jar;C:\Users\ADMIN\.gradle\caches\modules-2\files-2.1\com.mojang\blocklist\1.0.10\5c685c5ffa94c4cd39496c7184c1d122e515ecef\blocklist-1.0.10.jar;C:\Users\ADMIN\.gradle\caches\modules-2\files-2.1\com.mojang\brigadier\1.3.10\d15b53a14cf20fdcaa98f731af5dda654452c010\brigadier-1.3.10.jar;C:\Users\ADMIN\.gradle\caches\modules-2\files-2.1\com.mojang\datafixerupper\8.0.16\67d4de6d7f95d89bcf5862995fb854ebaec02a34\datafixerupper-8.0.16.jar;C:\Users\ADMIN\.gradle\caches\modules-2\files-2.1\com.mojang\jtracy\1.0.29\6f07dcb6a2e595c7ee2ca43b67e5d1c018ca0770\jtracy-1.0.29.jar;C:\Users\ADMIN\.gradle\caches\modules-2\files-2.1\com.mojang\jtracy\1.0.29\e05332cb31c7ae582dc8d8bd1bffd47c2ff7636f\jtracy-1.0.29-natives-windows.jar;C:\Users\ADMIN\.gradle\caches\modules-2\files-2.1\com.mojang\logging\1.5.10\9ab1202793717af9df9c1704d0a02892067001eb\logging-1.5.10.jar;C:\Users\ADMIN\.gradle\caches\modules-2\files-2.1\com.mojang\patchy\2.2.10\da05971b07cbb379d002cf7eaec6a2048211fefc\patchy-2.2.10.jar;C:\Users\ADMIN\.gradle\caches\modules-2\files-2.1\com.mojang\text2speech\1.17.9\3cad216e3a7f0c19b4b394388bc9ffc446f13b14\text2speech-1.17.9.jar;C:\Users\ADMIN\.gradle\caches\modules-2\files-2.1\com.nimbusds\content-type\2.3\e3aa0be212d7a42839a8f3f506f5b990bcce0222\content-type-2.3.jar;C:\Users\ADMIN\.gradle\caches\modules-2\files-2.1\com.nimbusds\lang-tag\1.7\97c73ecd70bc7e8eefb26c5eea84f251a63f1031\lang-tag-1.7.jar;C:\Users\ADMIN\.gradle\caches\modules-2\files-2.1\com.nimbusds\nimbus-jose-jwt\9.40\42b1dfa0360e4062951b070bac52dd8d96fd7b38\nimbus-jose-jwt-9.40.jar;C:\Users\ADMIN\.gradle\caches\modules-2\files-2.1\com.nimbusds\oauth2-oidc-sdk\11.18\7c7ec4f4066625ff07a711ad856fa04da1ff9de\oauth2-oidc-sdk-11.18.jar;C:\Users\ADMIN\.gradle\caches\modules-2\files-2.1\commons-codec\commons-codec\1.17.1\973638b7149d333563584137ebf13a691bb60579\commons-codec-1.17.1.jar;C:\Users\ADMIN\.gradle\caches\modules-2\files-2.1\commons-io\commons-io\2.17.0\ddcc8433eb019fb48fe25207c0278143f3e1d7e2\commons-io-2.17.0.jar;C:\Users\ADMIN\.gradle\caches\modules-2\files-2.1\commons-logging\commons-logging\1.3.4\b9fc14968d63a8b8a8a2c1885fe3e90564239708\commons-logging-1.3.4.jar;C:\Users\ADMIN\.gradle\caches\modules-2\files-2.1\io.netty\netty-buffer\4.1.115.Final\d5daf1030e5c36d198caf7562da2441a97ec0df6\netty-buffer-4.1.115.Final.jar;C:\Users\ADMIN\.gradle\caches\modules-2\files-2.1\io.netty\netty-codec\4.1.115.Final\d326bf3a4c785b272da3db6941779a1bd5448378\netty-codec-4.1.115.Final.jar;C:\Users\ADMIN\.gradle\caches\modules-2\files-2.1\io.netty\netty-common\4.1.115.Final\9da10a9f72e3f87e181d91b525174007a6fc4f11\netty-common-4.1.115.Final.jar;C:\Users\ADMIN\.gradle\caches\modules-2\files-2.1\io.netty\netty-handler\4.1.115.Final\d54dbf68b9d88a98240107758c6b63da5e46e23a\netty-handler-4.1.115.Final.jar;C:\Users\ADMIN\.gradle\caches\modules-2\files-2.1\io.netty\netty-resolver\4.1.115.Final\e33b4d476c03975957f5d8d0319d592bf2bc5e96\netty-resolver-4.1.115.Final.jar;C:\Users\ADMIN\.gradle\caches\modules-2\files-2.1\io.netty\netty-transport-classes-epoll\4.1.115.Final\11fea00408ecbd8b8d1f0698d708e37db4a01841\netty-transport-classes-epoll-4.1.115.Final.jar;C:\Users\ADMIN\.gradle\caches\modules-2\files-2.1\io.netty\netty-transport-native-unix-common\4.1.115.Final\dc96c67d06cd6b5eb677f2728f27bf2e3d9a7284\netty-transport-native-unix-common-4.1.115.Final.jar;C:\Users\ADMIN\.gradle\caches\modules-2\files-2.1\io.netty\netty-transport\4.1.115.Final\39cef77c1a25908ac1abf4960c2e789f0bf70ff9\netty-transport-4.1.115.Final.jar;C:\Users\ADMIN\.gradle\caches\modules-2\files-2.1\it.unimi.dsi\fastutil\8.5.15\1e885b40c9563ab0d3899b871fd0b30e958705dc\fastutil-8.5.15.jar;C:\Users\ADMIN\.gradle\caches\modules-2\files-2.1\net.java.dev.jna\jna-platform\5.15.0\86b502cad57d45da172b5e3231c537b042e296ef\jna-platform-5.15.0.jar;C:\Users\ADMIN\.gradle\caches\modules-2\files-2.1\net.java.dev.jna\jna\5.15.0\1ee1d80ff44f08280188f7c0e740d57207841ac\jna-5.15.0.jar;C:\Users\ADMIN\.gradle\caches\modules-2\files-2.1\net.minidev\accessors-smart\2.5.1\19b820261eb2e7de7d5bde11d1c06e4501dd7e5f\accessors-smart-2.5.1.jar;C:\Users\ADMIN\.gradle\caches\modules-2\files-2.1\net.minidev\json-smart\2.5.1\4c11d2808d009132dfbbf947ebf37de6bf266c8e\json-smart-2.5.1.jar;C:\Users\ADMIN\.gradle\caches\modules-2\files-2.1\net.sf.jopt-simple\jopt-simple\5.0.4\4fdac2fbe92dfad86aa6e9301736f6b4342a3f5c\jopt-simple-5.0.4.jar;C:\Users\ADMIN\.gradle\caches\modules-2\files-2.1\org.apache.commons\commons-compress\1.27.1\a19151084758e2fbb6b41eddaa88e7b8ff4e6599\commons-compress-1.27.1.jar;C:\Users\ADMIN\.gradle\caches\modules-2\files-2.1\org.apache.commons\commons-lang3\3.17.0\b17d2136f0460dcc0d2016ceefca8723bdf4ee70\commons-lang3-3.17.0.jar;C:\Users\ADMIN\.gradle\caches\modules-2\files-2.1\org.apache.httpcomponents\httpclient\4.5.14\1194890e6f56ec29177673f2f12d0b8e627dec98\httpclient-4.5.14.jar;C:\Users\ADMIN\.gradle\caches\modules-2\files-2.1\org.apache.httpcomponents\httpcore\4.4.16\51cf043c87253c9f58b539c9f7e44c8894223850\httpcore-4.4.16.jar;C:\Users\ADMIN\.gradle\caches\modules-2\files-2.1\org.apache.logging.log4j\log4j-core\2.24.1\c85285146f28d8c8962384f786e2dff04172fb43\log4j-core-2.24.1.jar;C:\Users\ADMIN\.gradle\caches\modules-2\files-2.1\org.apache.logging.log4j\log4j-api\2.24.1\7ebeb12c20606373005af4232cd0ecca72613dda\log4j-api-2.24.1.jar;C:\Users\ADMIN\.gradle\caches\modules-2\files-2.1\org.apache.logging.log4j\log4j-slf4j2-impl\2.24.1\8e3ddc96464ef7f768823e7e001a52b23de8cd0a\log4j-slf4j2-impl-2.24.1.jar;C:\Users\ADMIN\.gradle\caches\modules-2\files-2.1\org.jcraft\jorbis\0.0.17\8872d22b293e8f5d7d56ff92be966e6dc28ebdc6\jorbis-0.0.17.jar;C:\Users\ADMIN\.gradle\caches\modules-2\files-2.1\org.joml\joml\1.10.8\fc0a71dad90a2cf41d82a76156a0e700af8e4f8d\joml-1.10.8.jar;C:\Users\ADMIN\.gradle\caches\modules-2\files-2.1\org.lwjgl\lwjgl-freetype\3.3.3\a0db6c84a8becc8ca05f9dbfa985edc348a824c7\lwjgl-freetype-3.3.3.jar;C:\Users\ADMIN\.gradle\caches\modules-2\files-2.1\org.lwjgl\lwjgl-freetype\3.3.3\81091b006dbb43fab04c8c638e9ac87c51b4096d\lwjgl-freetype-3.3.3-natives-windows.jar;C:\Users\ADMIN\.gradle\caches\modules-2\files-2.1\org.lwjgl\lwjgl-freetype\3.3.3\82028265a0a2ff33523ca75137ada7dc176e5210\lwjgl-freetype-3.3.3-natives-windows-arm64.jar;C:\Users\ADMIN\.gradle\caches\modules-2\files-2.1\org.lwjgl\lwjgl-freetype\3.3.3\15a8c1de7f51d07a92eae7ce1222557073a0c0c3\lwjgl-freetype-3.3.3-natives-windows-x86.jar;C:\Users\ADMIN\.gradle\caches\modules-2\files-2.1\org.lwjgl\lwjgl-glfw\3.3.3\efa1eb78c5ccd840e9f329717109b5e892d72f8e\lwjgl-glfw-3.3.3.jar;C:\Users\ADMIN\.gradle\caches\modules-2\files-2.1\org.lwjgl\lwjgl-glfw\3.3.3\e449e28b4891fc423c54c85fbc5bb0b9efece67a\lwjgl-glfw-3.3.3-natives-windows.jar;C:\Users\ADMIN\.gradle\caches\modules-2\files-2.1\org.lwjgl\lwjgl-glfw\3.3.3\f27018dc74f6289574502b46cce55d52817554e2\lwjgl-glfw-3.3.3-natives-windows-arm64.jar;C:\Users\ADMIN\.gradle\caches\modules-2\files-2.1\org.lwjgl\lwjgl-glfw\3.3.3\32334f3fd5270a59bad9939a93115acb6de36dcf\lwjgl-glfw-3.3.3-natives-windows-x86.jar;C:\Users\ADMIN\.gradle\caches\modules-2\files-2.1\org.lwjgl\lwjgl-jemalloc\3.3.3\b543467b7ff3c6920539a88ee602d34098628be5\lwjgl-jemalloc-3.3.3.jar;C:\Users\ADMIN\.gradle\caches\modules-2\files-2.1\org.lwjgl\lwjgl-jemalloc\3.3.3\426222fc027602a5f21b9c0fe79cde6a4c7a011f\lwjgl-jemalloc-3.3.3-natives-windows.jar;C:\Users\ADMIN\.gradle\caches\modules-2\files-2.1\org.lwjgl\lwjgl-jemalloc\3.3.3\ba1f3fed0ee4be0217eaa41c5bbfb4b9b1383c33\lwjgl-jemalloc-3.3.3-natives-windows-arm64.jar;C:\Users\ADMIN\.gradle\caches\modules-2\files-2.1\org.lwjgl\lwjgl-jemalloc\3.3.3\f6063b6e0f23be483c5c88d84ce51b39dc69126c\lwjgl-jemalloc-3.3.3-natives-windows-x86.jar;C:\Users\ADMIN\.gradle\caches\modules-2\files-2.1\org.lwjgl\lwjgl-openal\3.3.3\daada81ceb5fc0c291fbfdd4433cb8d9423577f2\lwjgl-openal-3.3.3.jar;C:\Users\ADMIN\.gradle\caches\modules-2\files-2.1\org.lwjgl\lwjgl-openal\3.3.3\cf83862ae95d98496b26915024c7e666d8ab1c8f\lwjgl-openal-3.3.3-natives-windows.jar;C:\Users\ADMIN\.gradle\caches\modules-2\files-2.1\org.lwjgl\lwjgl-openal\3.3.3\8e0615235116b9e4160dfe87bec90f5f6378bf72\lwjgl-openal-3.3.3-natives-windows-arm64.jar;C:\Users\ADMIN\.gradle\caches\modules-2\files-2.1\org.lwjgl\lwjgl-openal\3.3.3\87b8d5050e3adb46bb58fe1cb2669a4a48fce10d\lwjgl-openal-3.3.3-natives-windows-x86.jar;C:\Users\ADMIN\.gradle\caches\modules-2\files-2.1\org.lwjgl\lwjgl-opengl\3.3.3\2f6b0147078396a58979125a4c947664e98293a\lwjgl-opengl-3.3.3.jar;C:\Users\ADMIN\.gradle\caches\modules-2\files-2.1\org.lwjgl\lwjgl-opengl\3.3.3\e6c1eec8be8a71951b830a4d69efc01c6531900c\lwjgl-opengl-3.3.3-natives-windows.jar;C:\Users\ADMIN\.gradle\caches\modules-2\files-2.1\org.lwjgl\lwjgl-opengl\3.3.3\65e956d3735a1abdc82eff4baec1b61174697d4b\lwjgl-opengl-3.3.3-natives-windows-arm64.jar;C:\Users\ADMIN\.gradle\caches\modules-2\files-2.1\org.lwjgl\lwjgl-opengl\3.3.3\d32d833dcaa2f355a886eaf21f0408b5f03241d\lwjgl-opengl-3.3.3-natives-windows-x86.jar;C:\Users\ADMIN\.gradle\caches\modules-2\files-2.1\org.lwjgl\lwjgl-stb\3.3.3\25dd6161988d7e65f71d5065c99902402ee32746\lwjgl-stb-3.3.3.jar;C:\Users\ADMIN\.gradle\caches\modules-2\files-2.1\org.lwjgl\lwjgl-stb\3.3.3\1d9facdf6541de114b0f963be33505b7679c78cb\lwjgl-stb-3.3.3-natives-windows.jar;C:\Users\ADMIN\.gradle\caches\modules-2\files-2.1\org.lwjgl\lwjgl-stb\3.3.3\a584ab44de569708871f0a79561f4d8c37487f2c\lwjgl-stb-3.3.3-natives-windows-arm64.jar;C:\Users\ADMIN\.gradle\caches\modules-2\files-2.1\org.lwjgl\lwjgl-stb\3.3.3\b5c874687b9aac1a936501d4ed2c49567fd1b575\lwjgl-stb-3.3.3-natives-windows-x86.jar;C:\Users\ADMIN\.gradle\caches\modules-2\files-2.1\org.lwjgl\lwjgl-tinyfd\3.3.3\82d755ca94b102e9ca77283b9e2dc46d1b15fbe5\lwjgl-tinyfd-3.3.3.jar;C:\Users\ADMIN\.gradle\caches\modules-2\files-2.1\org.lwjgl\lwjgl-tinyfd\3.3.3\a6697981b0449a5087c1d546fc08b4f73e8f98c9\lwjgl-tinyfd-3.3.3-natives-windows.jar;C:\Users\ADMIN\.gradle\caches\modules-2\files-2.1\org.lwjgl\lwjgl-tinyfd\3.3.3\a88c494f3006eb91a7433b12a3a55a9a6c20788b\lwjgl-tinyfd-3.3.3-natives-windows-arm64.jar;C:\Users\ADMIN\.gradle\caches\modules-2\files-2.1\org.lwjgl\lwjgl-tinyfd\3.3.3\c336c84ee88cccb495c6ffa112395509e7378e8a\lwjgl-tinyfd-3.3.3-natives-windows-x86.jar;C:\Users\ADMIN\.gradle\caches\modules-2\files-2.1\org.lwjgl\lwjgl\3.3.3\29589b5f87ed335a6c7e7ee6a5775f81f97ecb84\lwjgl-3.3.3.jar;C:\Users\ADMIN\.gradle\caches\modules-2\files-2.1\org.lwjgl\lwjgl\3.3.3\a5ed18a2b82fc91b81f40d717cb1f64c9dcb0540\lwjgl-3.3.3-natives-windows.jar;C:\Users\ADMIN\.gradle\caches\modules-2\files-2.1\org.lwjgl\lwjgl\3.3.3\e9aca8c5479b520a2a7f0d542a118140e812c5e8\lwjgl-3.3.3-natives-windows-arm64.jar;C:\Users\ADMIN\.gradle\caches\modules-2\files-2.1\org.lwjgl\lwjgl\3.3.3\9e670718e050aeaeea0c2d5b907cffb142f2e58f\lwjgl-3.3.3-natives-windows-x86.jar;C:\Users\ADMIN\.gradle\caches\modules-2\files-2.1\org.lz4\lz4-java\1.8.0\4b986a99445e49ea5fbf5d149c4b63f6ed6c6780\lz4-java-1.8.0.jar;C:\Users\ADMIN\.gradle\caches\modules-2\files-2.1\org.slf4j\slf4j-api\2.0.16\172931663a09a1fa515567af5fbef00897d3c04\slf4j-api-2.0.16.jar;C:\Users\ADMIN\Desktop\111\.gradle\loom-cache\minecraftMaven\net\minecraft\minecraft-merged-09ac898d49\1.21.4-net.fabricmc.yarn.1_21_4.1.21.4+build.8-v2\minecraft-merged-09ac898d49-1.21.4-net.fabricmc.yarn.1_21_4.1.21.4+build.8-v2.jar;C:\Users\ADMIN\.gradle\caches\modules-2\files-2.1\io.netty\netty-transport-native-epoll\4.1.115.Final\a6cc58c4a259bad159cbb06120cea9b3474e86a0\netty-transport-native-epoll-4.1.115.Final-linux-x86_64.jar;C:\Users\ADMIN\.gradle\caches\modules-2\files-2.1\io.netty\netty-transport-native-epoll\4.1.115.Final\a80b32f98ceb4e27958c0ceaf22ddad9ea6c0d4e\netty-transport-native-epoll-4.1.115.Final-linux-aarch_64.jar;C:\Users\ADMIN\.gradle\caches\modules-2\files-2.1\net.fabricmc\fabric-loader\0.16.14\5778d47f536bf2c63ed2abc1a56f5a1c129e34a\fabric-loader-0.16.14.jar;C:\Users\ADMIN\.gradle\caches\modules-2\files-2.1\org.fusesource.jansi\jansi\2.4.0\321c614f85f1dea6bb08c1817c60d53b7f3552fd\jansi-2.4.0.jar;C:\Users\ADMIN\.gradle\caches\modules-2\files-2.1\com.github.JnCrMx\discord-game-sdk4j\v1.0.0\3b926f1efa8a2fdca9e272dbdddefc8dc4bc2785\discord-game-sdk4j-v1.0.0.jar;C:\Users\ADMIN\Desktop\111\.gradle\loom-cache\remapped_mods\net_fabricmc_yarn_1_21_4_1_21_4_build_8_v2\net\fabricmc\fabric-api\fabric-api\0.119.3+1.21.4\fabric-api-0.119.3+1.21.4.jar;C:\Users\ADMIN\Desktop\111\.gradle\loom-cache\remapped_mods\net_fabricmc_yarn_1_21_4_1_21_4_build_8_v2\net\fabricmc\fabric-api\fabric-transfer-api-v1\5.4.9+efa825c904\fabric-transfer-api-v1-5.4.9+efa825c904.jar;C:\Users\ADMIN\Desktop\111\.gradle\loom-cache\remapped_mods\net_fabricmc_yarn_1_21_4_1_21_4_build_8_v2\net\fabricmc\fabric-api\fabric-api-lookup-api-v1\1.6.86+b1caf1e904\fabric-api-lookup-api-v1-1.6.86+b1caf1e904.jar;C:\Users\ADMIN\Desktop\111\.gradle\loom-cache\remapped_mods\net_fabricmc_yarn_1_21_4_1_21_4_build_8_v2\net\fabricmc\fabric-api\fabric-blockrenderlayer-v1\2.0.8+7feeb73304\fabric-blockrenderlayer-v1-2.0.8+7feeb73304.jar;C:\Users\ADMIN\Desktop\111\.gradle\loom-cache\remapped_mods\net_fabricmc_yarn_1_21_4_1_21_4_build_8_v2\net\fabricmc\fabric-api\fabric-client-tags-api-v1\1.1.29+20ea1e2304\fabric-client-tags-api-v1-1.1.29+20ea1e2304.jar;C:\Users\ADMIN\Desktop\111\.gradle\loom-cache\remapped_mods\net_fabricmc_yarn_1_21_4_1_21_4_build_8_v2\net\fabricmc\fabric-api\fabric-command-api-v1\1.2.62+f71b366f04\fabric-command-api-v1-1.2.62+f71b366f04.jar;C:\Users\ADMIN\Desktop\111\.gradle\loom-cache\remapped_mods\net_fabricmc_yarn_1_21_4_1_21_4_build_8_v2\net\fabricmc\fabric-api\fabric-commands-v0\0.2.79+df3654b304\fabric-commands-v0-0.2.79+df3654b304.jar;C:\Users\ADMIN\Desktop\111\.gradle\loom-cache\remapped_mods\net_fabricmc_yarn_1_21_4_1_21_4_build_8_v2\net\fabricmc\fabric-api\fabric-command-api-v2\2.2.41+e496eb1504\fabric-command-api-v2-2.2.41+e496eb1504.jar;C:\Users\ADMIN\Desktop\111\.gradle\loom-cache\remapped_mods\net_fabricmc_yarn_1_21_4_1_21_4_build_8_v2\net\fabricmc\fabric-api\fabric-content-registries-v0\9.1.19+25d1a67604\fabric-content-registries-v0-9.1.19+25d1a67604.jar;C:\Users\ADMIN\Desktop\111\.gradle\loom-cache\remapped_mods\net_fabricmc_yarn_1_21_4_1_21_4_build_8_v2\net\fabricmc\fabric-api\fabric-data-generation-api-v1\22.3.1+0f4e5f5504\fabric-data-generation-api-v1-22.3.1+0f4e5f5504.jar;C:\Users\ADMIN\Desktop\111\.gradle\loom-cache\remapped_mods\net_fabricmc_yarn_1_21_4_1_21_4_build_8_v2\net\fabricmc\fabric-api\fabric-convention-tags-v1\2.1.20+7f945d5b04\fabric-convention-tags-v1-2.1.20+7f945d5b04.jar;C:\Users\ADMIN\Desktop\111\.gradle\loom-cache\remapped_mods\net_fabricmc_yarn_1_21_4_1_21_4_build_8_v2\net\fabricmc\fabric-api\fabric-convention-tags-v2\2.14.1+aebda09404\fabric-convention-tags-v2-2.14.1+aebda09404.jar;C:\Users\ADMIN\Desktop\111\.gradle\loom-cache\remapped_mods\net_fabricmc_yarn_1_21_4_1_21_4_build_8_v2\net\fabricmc\fabric-api\fabric-data-attachment-api-v1\1.6.2+e99da0f704\fabric-data-attachment-api-v1-1.6.2+e99da0f704.jar;C:\Users\ADMIN\Desktop\111\.gradle\loom-cache\remapped_mods\net_fabricmc_yarn_1_21_4_1_21_4_build_8_v2\net\fabricmc\fabric-api\fabric-entity-events-v1\2.0.15+62245bef04\fabric-entity-events-v1-2.0.15+62245bef04.jar;C:\Users\ADMIN\Desktop\111\.gradle\loom-cache\remapped_mods\net_fabricmc_yarn_1_21_4_1_21_4_build_8_v2\net\fabricmc\fabric-api\fabric-events-interaction-v0\4.0.4+a4eebcf004\fabric-events-interaction-v0-4.0.4+a4eebcf004.jar;C:\Users\ADMIN\Desktop\111\.gradle\loom-cache\remapped_mods\net_fabricmc_yarn_1_21_4_1_21_4_build_8_v2\net\fabricmc\fabric-api\fabric-gametest-api-v1\2.0.26+7feeb73304\fabric-gametest-api-v1-2.0.26+7feeb73304.jar;C:\Users\ADMIN\Desktop\111\.gradle\loom-cache\remapped_mods\net_fabricmc_yarn_1_21_4_1_21_4_build_8_v2\net\fabricmc\fabric-api\fabric-item-api-v1\11.3.0+ee91fa1f04\fabric-item-api-v1-11.3.0+ee91fa1f04.jar;C:\Users\ADMIN\Desktop\111\.gradle\loom-cache\remapped_mods\net_fabricmc_yarn_1_21_4_1_21_4_build_8_v2\net\fabricmc\fabric-api\fabric-item-group-api-v1\4.2.2+fcb9601404\fabric-item-group-api-v1-4.2.2+fcb9601404.jar;C:\Users\ADMIN\Desktop\111\.gradle\loom-cache\remapped_mods\net_fabricmc_yarn_1_21_4_1_21_4_build_8_v2\net\fabricmc\fabric-api\fabric-lifecycle-events-v1\2.5.4+bf2a60eb04\fabric-lifecycle-events-v1-2.5.4+bf2a60eb04.jar;C:\Users\ADMIN\Desktop\111\.gradle\loom-cache\remapped_mods\net_fabricmc_yarn_1_21_4_1_21_4_build_8_v2\net\fabricmc\fabric-api\fabric-loot-api-v2\3.0.38+3f89f5a504\fabric-loot-api-v2-3.0.38+3f89f5a504.jar;C:\Users\ADMIN\Desktop\111\.gradle\loom-cache\remapped_mods\net_fabricmc_yarn_1_21_4_1_21_4_build_8_v2\net\fabricmc\fabric-api\fabric-loot-api-v3\1.0.26+203e6b2304\fabric-loot-api-v3-1.0.26+203e6b2304.jar;C:\Users\ADMIN\Desktop\111\.gradle\loom-cache\remapped_mods\net_fabricmc_yarn_1_21_4_1_21_4_build_8_v2\net\fabricmc\fabric-api\fabric-message-api-v1\6.0.26+238a33c004\fabric-message-api-v1-6.0.26+238a33c004.jar;C:\Users\ADMIN\Desktop\111\.gradle\loom-cache\remapped_mods\net_fabricmc_yarn_1_21_4_1_21_4_build_8_v2\net\fabricmc\fabric-api\fabric-model-loading-api-v1\4.3.0+ae23723504\fabric-model-loading-api-v1-4.3.0+ae23723504.jar;C:\Users\ADMIN\Desktop\111\.gradle\loom-cache\remapped_mods\net_fabricmc_yarn_1_21_4_1_21_4_build_8_v2\net\fabricmc\fabric-api\fabric-recipe-api-v1\8.1.1+640e77ae04\fabric-recipe-api-v1-8.1.1+640e77ae04.jar;C:\Users\ADMIN\Desktop\111\.gradle\loom-cache\remapped_mods\net_fabricmc_yarn_1_21_4_1_21_4_build_8_v2\net\fabricmc\fabric-api\fabric-screen-handler-api-v1\1.3.118+7feeb73304\fabric-screen-handler-api-v1-1.3.118+7feeb73304.jar;C:\Users\ADMIN\Desktop\111\.gradle\loom-cache\remapped_mods\net_fabricmc_yarn_1_21_4_1_21_4_build_8_v2\net\fabricmc\fabric-api\fabric-registry-sync-v0\6.1.11+4a9c1ece04\fabric-registry-sync-v0-6.1.11+4a9c1ece04.jar;C:\Users\ADMIN\Desktop\111\.gradle\loom-cache\remapped_mods\net_fabricmc_yarn_1_21_4_1_21_4_build_8_v2\net\fabricmc\fabric-api\fabric-networking-api-v1\4.4.0+db5e668204\fabric-networking-api-v1-4.4.0+db5e668204.jar;C:\Users\ADMIN\Desktop\111\.gradle\loom-cache\remapped_mods\net_fabricmc_yarn_1_21_4_1_21_4_build_8_v2\net\fabricmc\fabric-api\fabric-object-builder-api-v1\18.0.14+38b0d59804\fabric-object-builder-api-v1-18.0.14+38b0d59804.jar;C:\Users\ADMIN\Desktop\111\.gradle\loom-cache\remapped_mods\net_fabricmc_yarn_1_21_4_1_21_4_build_8_v2\net\fabricmc\fabric-api\fabric-particles-v1\4.0.14+7feeb73304\fabric-particles-v1-4.0.14+7feeb73304.jar;C:\Users\ADMIN\Desktop\111\.gradle\loom-cache\remapped_mods\net_fabricmc_yarn_1_21_4_1_21_4_build_8_v2\net\fabricmc\fabric-api\fabric-renderer-indigo\2.0.3+50f0feb204\fabric-renderer-indigo-2.0.3+50f0feb204.jar;C:\Users\ADMIN\Desktop\111\.gradle\loom-cache\remapped_mods\net_fabricmc_yarn_1_21_4_1_21_4_build_8_v2\net\fabricmc\fabric-api\fabric-renderer-api-v1\5.0.3+50f0feb204\fabric-renderer-api-v1-5.0.3+50f0feb204.jar;C:\Users\ADMIN\Desktop\111\.gradle\loom-cache\remapped_mods\net_fabricmc_yarn_1_21_4_1_21_4_build_8_v2\net\fabricmc\fabric-api\fabric-rendering-fluids-v1\3.1.19+7feeb73304\fabric-rendering-fluids-v1-3.1.19+7feeb73304.jar;C:\Users\ADMIN\Desktop\111\.gradle\loom-cache\remapped_mods\net_fabricmc_yarn_1_21_4_1_21_4_build_8_v2\net\fabricmc\fabric-api\fabric-rendering-v1\10.2.1+0d31b09f04\fabric-rendering-v1-10.2.1+0d31b09f04.jar;C:\Users\ADMIN\Desktop\111\.gradle\loom-cache\remapped_mods\net_fabricmc_yarn_1_21_4_1_21_4_build_8_v2\net\fabricmc\fabric-api\fabric-tag-api-v1\1.0.7+7d48d43904\fabric-tag-api-v1-1.0.7+7d48d43904.jar;C:\Users\ADMIN\Desktop\111\.gradle\loom-cache\remapped_mods\net_fabricmc_yarn_1_21_4_1_21_4_build_8_v2\net\fabricmc\fabric-api\fabric-resource-loader-v0\3.1.1+360374ac04\fabric-resource-loader-v0-3.1.1+360374ac04.jar;C:\Users\ADMIN\Desktop\111\.gradle\loom-cache\remapped_mods\net_fabricmc_yarn_1_21_4_1_21_4_build_8_v2\net\fabricmc\fabric-api\fabric-screen-api-v1\2.0.38+7feeb73304\fabric-screen-api-v1-2.0.38+7feeb73304.jar;C:\Users\ADMIN\Desktop\111\.gradle\loom-cache\remapped_mods\net_fabricmc_yarn_1_21_4_1_21_4_build_8_v2\net\fabricmc\fabric-api\fabric-api-base\0.4.54+b47eab6b04\fabric-api-base-0.4.54+b47eab6b04.jar;C:\Users\ADMIN\Desktop\111\.gradle\loom-cache\remapped_mods\net_fabricmc_yarn_1_21_4_1_21_4_build_8_v2\net\fabricmc\fabric-api\fabric-biome-api-v1\15.0.6+b1c29d8e04\fabric-biome-api-v1-15.0.6+b1c29d8e04.jar;C:\Users\ADMIN\Desktop\111\.gradle\loom-cache\remapped_mods\net_fabricmc_yarn_1_21_4_1_21_4_build_8_v2\net\fabricmc\fabric-api\fabric-block-api-v1\1.0.31+7feeb73304\fabric-block-api-v1-1.0.31+7feeb73304.jar;C:\Users\ADMIN\Desktop\111\.gradle\loom-cache\remapped_mods\net_fabricmc_yarn_1_21_4_1_21_4_build_8_v2\net\fabricmc\fabric-api\fabric-rendering-data-attachment-v1\0.3.58+73761d2e04\fabric-rendering-data-attachment-v1-0.3.58+73761d2e04.jar;C:\Users\ADMIN\Desktop\111\.gradle\loom-cache\remapped_mods\net_fabricmc_yarn_1_21_4_1_21_4_build_8_v2\net\fabricmc\fabric-api\fabric-block-view-api-v2\1.0.20+9c49cc8c04\fabric-block-view-api-v2-1.0.20+9c49cc8c04.jar;C:\Users\ADMIN\Desktop\111\.gradle\loom-cache\remapped_mods\net_fabricmc_yarn_1_21_4_1_21_4_build_8_v2\net\fabricmc\fabric-api\fabric-client-gametest-api-v1\4.1.1+6816ccd404\fabric-client-gametest-api-v1-4.1.1+6816ccd404.jar;C:\Users\ADMIN\Desktop\111\.gradle\loom-cache\remapped_mods\net_fabricmc_yarn_1_21_4_1_21_4_build_8_v2\net\fabricmc\fabric-api\fabric-crash-report-info-v1\0.3.6+7feeb73304\fabric-crash-report-info-v1-0.3.6+7feeb73304.jar;C:\Users\ADMIN\Desktop\111\.gradle\loom-cache\remapped_mods\net_fabricmc_yarn_1_21_4_1_21_4_build_8_v2\net\fabricmc\fabric-api\fabric-dimensions-v1\4.0.10+7feeb73304\fabric-dimensions-v1-4.0.10+7feeb73304.jar;C:\Users\ADMIN\Desktop\111\.gradle\loom-cache\remapped_mods\net_fabricmc_yarn_1_21_4_1_21_4_build_8_v2\net\fabricmc\fabric-api\fabric-game-rule-api-v1\1.0.63+7d48d43904\fabric-game-rule-api-v1-1.0.63+7d48d43904.jar;C:\Users\ADMIN\Desktop\111\.gradle\loom-cache\remapped_mods\net_fabricmc_yarn_1_21_4_1_21_4_build_8_v2\net\fabricmc\fabric-api\fabric-keybindings-v0\0.2.55+df3654b304\fabric-keybindings-v0-0.2.55+df3654b304.jar;C:\Users\ADMIN\Desktop\111\.gradle\loom-cache\remapped_mods\net_fabricmc_yarn_1_21_4_1_21_4_build_8_v2\net\fabricmc\fabric-api\fabric-key-binding-api-v1\1.0.57+7d48d43904\fabric-key-binding-api-v1-1.0.57+7d48d43904.jar;C:\Users\ADMIN\Desktop\111\.gradle\loom-cache\remapped_mods\net_fabricmc_yarn_1_21_4_1_21_4_build_8_v2\net\fabricmc\fabric-api\fabric-resource-conditions-api-v1\5.0.13+203e6b2304\fabric-resource-conditions-api-v1-5.0.13+203e6b2304.jar;C:\Users\ADMIN\Desktop\111\.gradle\loom-cache\remapped_mods\net_fabricmc_yarn_1_21_4_1_21_4_build_8_v2\net\fabricmc\fabric-api\fabric-sound-api-v1\1.0.32+7feeb73304\fabric-sound-api-v1-1.0.32+7feeb73304.jar;C:\Users\ADMIN\Desktop\111\.gradle\loom-cache\remapped_mods\net_fabricmc_yarn_1_21_4_1_21_4_build_8_v2\net\fabricmc\fabric-api\fabric-transitive-access-wideners-v1\6.3.2+56e78b9b04\fabric-transitive-access-wideners-v1-6.3.2+56e78b9b04.jar;C:\Users\ADMIN\.gradle\caches\modules-2\files-2.1\org.jetbrains\annotations\13.0\919f0dfe192fb4e063e7dacadee7f8bb9a2672a9\annotations-13.0.jar;C:\Users\ADMIN\.gradle\caches\modules-2\files-2.1\org.jline\jline-reader\3.20.0\8f15415b022a25b473e8e16c28ae913186ffb9c4\jline-reader-3.20.0.jar;C:\Users\ADMIN\.gradle\caches\modules-2\files-2.1\org.jline\jline-terminal\3.20.0\d0ddcc708ddf527a3454c941b7b9225cc83a15ff\jline-terminal-3.20.0.jar
Launcher Type: SUN_STANDARD

[Global flags]
     intx CICompilerCount                          = 4                                         {product} {ergonomic}
     uint ConcGCThreads                            = 2                                         {product} {ergonomic}
     uint G1ConcRefinementThreads                  = 8                                         {product} {ergonomic}
   size_t G1HeapRegionSize                         = 1048576                                   {product} {ergonomic}
    uintx GCDrainStackTargetSize                   = 64                                        {product} {ergonomic}
   size_t InitialHeapSize                          = 130023424                                 {product} {ergonomic}
   size_t MarkStackSize                            = 4194304                                   {product} {ergonomic}
   size_t MaxHeapSize                              = 2067791872                                {product} {ergonomic}
   size_t MaxNewSize                               = 1240465408                                {product} {ergonomic}
   size_t MinHeapDeltaBytes                        = 1048576                                   {product} {ergonomic}
   size_t MinHeapSize                              = 8388608                                   {product} {ergonomic}
    uintx NonNMethodCodeHeapSize                   = 5839372                                {pd product} {ergonomic}
    uintx NonProfiledCodeHeapSize                  = 122909434                              {pd product} {ergonomic}
    uintx ProfiledCodeHeapSize                     = 122909434                              {pd product} {ergonomic}
    uintx ReservedCodeCacheSize                    = 251658240                              {pd product} {ergonomic}
     bool SegmentedCodeCache                       = true                                      {product} {ergonomic}
   size_t SoftMaxHeapSize                          = 2067791872                             {manageable} {ergonomic}
     bool UseCompressedOops                        = true                           {product lp64_product} {ergonomic}
     bool UseG1GC                                  = true                                      {product} {ergonomic}
     bool UseLargePagesIndividualAllocation        = false                                  {pd product} {ergonomic}

Logging:
Log output configuration:
 #0: stdout all=warning uptime,level,tags foldmultilines=false
 #1: stderr all=off uptime,level,tags foldmultilines=false

Environment Variables:
CLASSPATH=C:\Users\ADMIN\Desktop\111\\gradle\wrapper\gradle-wrapper.jar
PATH=C:\Program Files\Common Files\Oracle\Java\javapath;C:\Program Files (x86)\Common Files\Oracle\Java\javapath;C:\ProgramData\Oracle\Java\javapath;C:\Windows\system32;C:\Windows;C:\Windows\System32\Wbem;C:\Windows\System32\WindowsPowerShell\v1.0\;C:\Windows\System32\OpenSSH\;C:\Program Files\dotnet\;C:\Program Files\Process Lasso\;C:\Users\ADMIN\AppData\Local\Microsoft\WindowsApps;C:\Users\ADMIN\AppData\Local\Python\bin;C:\Users\ADMIN\AppData\Local\Programs\cursor\resources\app\bin
USERNAME=ADMIN
OS=Windows_NT
PROCESSOR_IDENTIFIER=Intel64 Family 6 Model 140 Stepping 1, GenuineIntel
TMP=C:\Users\ADMIN\AppData\Local\Temp
TEMP=C:\Users\ADMIN\AppData\Local\Temp




Periodic native trim disabled

---------------  S Y S T E M  ---------------

OS:
 Windows 10 , 64 bit Build 19041 (10.0.19041.5915)
OS uptime: 0 days 10:51 hours
Hyper-V role detected

CPU: total 8 (initial active 8) (4 cores per cpu, 2 threads per core) family 6 model 140 stepping 1 microcode 0xa4, cx8, cmov, fxsr, ht, mmx, 3dnowpref, sse, sse2, sse3, ssse3, sse4.1, sse4.2, popcnt, lzcnt, tsc, tscinvbit, avx, avx2, aes, erms, clmul, bmi1, bmi2, adx, avx512f, avx512dq, avx512cd, avx512bw, avx512vl, sha, fma, vzeroupper, avx512_vpopcntdq, avx512_vpclmulqdq, avx512_vaes, avx512_vnni, clflush, clflushopt, clwb, avx512_vbmi2, avx512_vbmi, hv, rdtscp, rdpid, fsrm, gfni, avx512_bitalg, f16c, cet_ibt, cet_ss, avx512_ifma
Processor Information for all 8 processors :
  Max Mhz: 2419, Current Mhz: 2419, Mhz Limit: 2419

Memory: 4k page, system-wide physical 7886M (926M free)
TotalPageFile size 16078M (AvailPageFile size 4309M)
current process WorkingSet (physical memory assigned to process): 1305M, peak: 1524M
current process commit charge ("private bytes"): 1891M, peak: 1932M

vm_info: Java HotSpot(TM) 64-Bit Server VM (21.0.1+12-LTS-29) for windows-amd64 JRE (21.0.1+12-LTS-29), built on 2023-10-05T13:27:09Z by "mach5one" with MS VC++ 17.1 (VS2022)

END.
